 uniform	制服
 Sarien	沙利安人
You are 	你是
identification 	識別
There is nothing there that you can't already see.	這裡沒什麼你還沒看過的。
That does not 	那並不
I don't understand 	我聽不懂
The can gives only one size of serving, 10 gallons. I don't think you're that thirsty.	這罐子只有一種份量，10 加侖。你應該沒那麼渴吧。
A mind is a terrible thing to waste.	浪費一個腦袋，可惜了。
I'll get naked if you get naked. You go first.	你脫我就脫，你先來。
%m4%s1. Don't you remember?	%m4%s1。你不記得了嗎？
Silly human! That would not be helpful.	傻人類！那樣沒用。
Yum! What a taste treat.	哇塞！這味道真讚！
There is a red flashing alarm light here which seems to be indicating that you had better get moving.	這裡有個紅色警示燈在閃，看樣子是在叫你快點行動。
You can't hear anything of note.	你沒聽到什麼特別的。
Yes, it's true. You definitely hear footsteps. You'd better make yourself scarce!	沒錯，你確實聽到腳步聲。你最好快點閃人！
Word not known: 	看不懂的字：
%m8you.	%m8你。
There are no footsteps to hear now.	現在沒有腳步聲了。
I hope you know how strange that sounds.	希望你知道這聽起來有多奇怪。
Nothing up there is going to help you.	上面沒什麼東西能幫你。
You can't do that. Read the label, %s!	你不能那麼做。看清楚標籤，%s！
You do not possess the designated item.	你身上沒有指定的東西。
You'll have to be more specific.	講清楚一點。
This knife wouldn't cut hot margarine.	這把刀連熱奶油都切不動。
You turn the dial to the right. The light begins to glow.	你把旋鈕轉向右邊，燈開始亮了起來。
There is no need for you to turn the gadget off.	你不用把這個小裝置關掉。
You just can't do that. Really. It's not a good idea. Besides, your dental hygiene hasn't been what it should. Do the universe a favor.	你就是不能這麼做。真的。這不是好主意。而且你的牙齒也沒顧好，幫全宇宙一個忙吧。
%m4dressed in the standard issue excursion garment.	%m4穿著制式外勤服裝。
On your back is a jetpack.	你背上背著一個噴射背包。
%m4attired in the spiffy%m2 of a%m3 marauder. There is a pocket.	%m4穿著一套時髦的%m2，是%m3掠奪者的行頭。這裡有個口袋。
You have no helmet and are easily distinguished as an intruder by your non-green head.	你沒戴頭盔，光看你那顆不是綠色的頭，就知道你是個入侵者。
%m4wearing a lovely one-piece casual space travel outfit.	%m4穿著一件很好看的連身休閒太空裝。
There is printing on it.	上面印著字。
You plant your teeth into the strange plant and take a large bite, only to find it tastes exquisitely bad. If you had your choice you would choose any form of death over a meal of this.	你一口咬下這株奇怪的植物，才發現它難吃到一個境界。如果可以選，你寧願用任何一種死法，也不想再吃第二口。
No time to talk!	沒空聊天！
%m4now wearing the jetpack. A small control linkage snaps onto the back of your helmet allowing you to control it merely by focusing on where you want to go.	%m4裝上了噴射背包。一條細細的控制線接上你頭盔的後方，你只要專心想著要去哪裡，就能操控它。
%m4already wearing it.	%m4早就穿在身上了。
Due to its highly reflective coating you cannot see through the glass very easily, however, you do see a rather striking figure peering back at you.	因為表面反光太強，你沒辦法看穿這片玻璃，不過你倒是看到一個相當亮眼的身影正回頭看著你。
You place your lips to the nozzle and draw.  A fluid, not a very reasonable facsimile of water, is released slowly. While tasting slightly terrible, it quenches your thirst, at least for the time being.	你把嘴湊到噴嘴上吸了一口。一股液體緩緩流出，跟水比起來實在不太像樣。味道雖然有點糟，但至少暫時解了你的渴。
The can label says "Pelvitron's Dehydrated Water  (H2) - All you add is air!  Makes 10 gallons!"	罐子上的標籤寫著：「佩維創牌濃縮水(H2)——只要加空氣就好！可製成10加侖！」
"Directions - To use, simply drink from nozzle. Metered amounts will be dispensed.     Caution - Do not attempt to open or rupture! Misuse could result in personal injury and/or flash flooding."	「使用方法——直接從噴嘴喝即可，會自動控制份量。 注意——請勿嘗試打開或弄破本罐！誤用可能導致人身傷害，及∕或瞬間淹水。」
Come to your senses, %s1. That couldn't help you at this time.	清醒一點，%s1。那現在幫不了你。
The regulator is just a curved, metal tube which mixes air with the can's contents and directs it to the nozzle.	這個調節器只是一根彎曲的金屬管，負責把空氣跟罐內的東西混合，再送到噴嘴去。
The nozzle is a flexible tube which senses suction and releases the water.	這個噴嘴是一根軟管，能感應吸力並釋放出水。
You just had a drink. You'd better ration your supply. This place is hot!	你剛喝過了。存量最好省著點用，這裡熱得很！
Sorry. Can't see an object right now. Try later.	抱歉，現在看不到這個東西，晚點再試試看。
There is no need to do that now.	現在不需要這麼做。
It wouldn't help to wear it since there is gravity here.	這裡有重力，穿上也沒用。
For more information refer to coupons enclosed in package.	詳情請參閱包裝內附的折價券。
Hello, %s1. I've been expecting you. You're obviously a person of dubious taste. Drop me a line at Sierra and let me know if you've enjoyed playing.	哈囉，%s1。我一直在等你。看得出來你的品味挺特別的。玩得開心的話，順便寫封信到 Sierra 跟我說一聲。
Sorry. This game is in a NO JUMPING zone.	抱歉，這款遊戲是「禁止亂跳」區。
You can't run.	你不能用跑的。
Don't be ridiculous!	別鬧了！
You raise the Orat part to your mouth and attempt to feast on it. Unfortunately for you it is composed mainly of bone. The small amount of flesh still clinging to the bone is incredibly rancid in flavor. You wisely give up on this idea.	你把那塊歐拉特的殘塊送到嘴邊，想飽餐一頓。可惜這玩意兒幾乎全是骨頭，黏在骨頭上那一丁點肉更是臭得要命。你很明智地打消了這個念頭。
You've already had your nap!	你已經睡過午覺了！
You talk to the sprawled corpse. Strangely, you get no response.	你對著倒在地上的屍體說話。說也奇怪，完全沒有回應。
Good grief, %s1! %m4a bit twisted, I must say.	我的天啊，%s1！%m4還真有點變態，不得不說。
There is no need to do that. Just drink from the nozzle.	不需要這麼做，直接從噴嘴喝就好。
That doesn't seem to be the correct action in this case.	這種情況下，這樣做好像不太對。
You stare into the semi-clear liquid and notice how it gives everything seen through it a lovely yellow tint.	你盯著這半透明的液體，發現透過它看東西，都會染上一層好看的黃色。
You possess %v124 buckazoid(s).	你有 %v124 枚太空幣。
%m7seem to be in your sight now.	%m7現在似乎都不在你的視線範圍內。
%m7appear to be here to view.	%m7好像沒有什麼好看的。
Are you sure you want to look at that?	你確定要看那個嗎？
%m7seem to be available at this time.	%m7現在似乎都用不到。
There is nothing here by that name which can be acquired.	這裡沒有那個名字的東西可以拿。
You can't obtain that here.	你在這裡拿不到那個。
Your legs will take you where you want to go (in most cases, anyway).	你的雙腿會帶你去想去的地方（大多時候啦）。
That's not the way to get there.	那樣去不了那裡。
That is not currently one of your options.	那現在不是你的選項之一。
How would you like to do that?	你想怎麼做？
That act would lack any serious gratification.	做這件事不會有什麼成就感。
You possess nothing that would help you accomplish this.	你身上沒有能幫你完成這件事的東西。
You can't find something you didn't lose.	你沒弄丟的東西，是找不到的。
You press the button on the remote control but notice nothing different.	你按下遙控器上的按鈕，但沒發現有什麼不一樣。
You learn nothing new through this act.	這麼做你什麼新東西都學不到。
%m8your request.	%m8你的要求。
%m7compute.	%m7完全兜不起來。
Say What?	你說什麼？
%m4currently wearing it.	%m4現在正穿著它。
You'll have to go there to do that.	你得先過去那裡才能這麼做。
You see a%m3 clad in red battle gear. You'd better hope it doesn't see you.	你看到一個穿著紅色戰鬥裝的%m3。你最好祈禱牠沒看到你。
There is no one else here.	這裡沒有別人了。
%m4already in possession of the card.	%m4已經拿到那張卡了。
Reaching into the pocket of the%m3%m2 you find a%m3 ID card.	你伸手探進%m3%m2的口袋，找到一張%m3識別卡。
You see no one of interest.	你沒看到什麼值得注意的人。
The Keycard or the I.D. card?	是磁卡，還是識別卡？
You don't seem to have that.	你好像沒有那個東西。
I'll bet you wish you still had that dehydrated water.	你現在一定很希望手上還有那罐濃縮水吧。
%m4very much in need of water now. Your future will be a thing of the past without it.	%m4現在非常需要水。沒有水，你大概沒有未來可言了。
You're dead, %s1. You have died of dehydration. Within a few hours, your gaunt corpse will have dried to a crisp, your powdered remains evenly distributed across the parched terrain by a searing gust.	你死了，%s1。你因脫水而死。用不了幾個小時，你乾癟的屍體就會曬成一片硬殼，一陣灼熱的風一吹，粉狀的殘骸就均勻灑滿這片乾裂的荒地。
F6 to fire Pulseray	按 F6 發射雷射槍
Searching your pocket you find $%v124.	你摸了摸口袋，找到 $%v124。
In the pocket of this%m2 is an alien %m5card. The name on the card is Butston Freem. You wonder if this is a common%m3 name.	%m2的口袋裡有一張外星%m5卡，卡片上的名字是 Butston Freem。你很好奇，這是不是%m3常見的姓名。
There is an alien %m5card there.	那裡有一張外星%m5卡。
The heat is causing you to develop quite a thirst. A drink of water would certainly be most pleasant.	這股熱氣讓你渴得很。喝口水一定很舒服。
Sorry, you'll have to go back into the bar to do that.	抱歉，你得先回到酒吧裡才能這麼做。
Just lost your buckazoid object.	你把太空幣弄丟了。
Controller     <Ctrl J>	搖桿控制     <Ctrl J>
About SQ	關於 SQ
Help    	                 說明
File	檔案
Save     <F5>	存檔     <F5>
Restore  <F7>	讀檔  <F7>
Restart  <F9>	重新開始  <F9>
Quit  <Alt-Z>	離開  <Alt-Z>
Action	動作
See Object  <F4>	查看物品  <F4>
Inventory  <Tab>	物品欄  <Tab>
Special	特殊
Sound On/Off      <F2>	音效開關  <F2>
Graphics Mode <Ctrl R>	圖形模式 <Ctrl R>
Joystick      <Ctrl J>	搖桿  <Ctrl J>
Pause            <Esc>	暫停  <Esc>
Speed	速度
Normal 	普通 
Slow   	慢速   
Fast   	快速   
Fastest	最快
Space Quest was designed and created by Mark Crowe and Scott Murphy.	《宇宙傳奇》由 Mark Crowe 與 Scott Murphy 設計製作。
This is the Arcada's data archive.  Many volumes of information are stored on data cartridges.  There is a computer console here.	這裡是阿寇達號的資料庫。大量情報都存放在資料匣裡，這裡還有一台電腦主機。
This is a data storage cartridge.  On it are the words "Astral Body Formation: The Untold Story."	這是一個資料儲存匣，上面寫著「Astral Body Formation：不為人知的故事」。
The console consists of a screen, keyboard, and cartridge slot.  Atop it rests a Model DX Cartridge Retrieval Unit.	這台主機由螢幕、鍵盤與資料匣插槽組成，上面擺著一台 DX 型資料匣擷取裝置。
The screen says "Type the word `find` followed by the first name of the desired cartridge title."	螢幕上寫著：「請輸入單字 find，後面接上你要找的資料匣標題的第一個字。」
The keyboard has the usual keys found on a Xenon keyboard.  Above it are the words "Arcada Data Archive."	這副鍵盤跟氙星鍵盤沒兩樣，上方寫著「阿寇達號資料庫」幾個字。
You can't see it well from here.	你在這裡看不清楚。
You are suddenly startled by the sound of the ship's alarm coming from the hallway.	走廊傳來一陣警報聲，把你嚇了一跳。
The door opens and a man you recognize as one of the lab scientists enters.  He appears to be injured!	門打開了，一名你認得是實驗室科學家的男子走了進來。他看起來受傷了！
After only a few steps he slumps to the floor.	他才走沒幾步，就整個人癱倒在地上。
A large laser hole has been burned in his uniform through which you can see previously unexposed tissue.  Struggling painfully, he raises up on one elbow.	他的制服上被燒出一個大洞，露出裡面沒見過光的皮肉。他痛苦地掙扎，勉強用一隻手肘撐起身體。
He tells you the Arcada is under attack and that the Star Generator is in danger. You had better leave if you value your life.	他告訴你阿寇達號正遭受攻擊，星辰產生器也身陷危險。他勸你如果還想活命，最好快點離開。
He looks over toward the shelves full of cartridges and utters the words "astral body".  He then settles to the floor, lifeless.	他看向那一整排堆滿資料匣的架子，喃喃吐出「astral body」這幾個字，接著便倒地不起，沒了氣息。
Sorry, no title available by that name.	抱歉，查無此名稱的資料匣標題。
Looking at the wall you see shelves full of data cartridges which can only be removed by the retrieval unit.	你看向牆上，架子上擺滿了資料匣，只能靠擷取裝置才能取出。
The table is used for holding things above the floor.	這張桌子的用途，就是讓東西不必放在地上。
He certainly looks dead.  Do you get off on checking out stiffs?	他看起來的確死透了。你是很愛檢查屍體嗎？
Welcome to the	歡迎來到
Arcada Data Archive	阿寇達號資料庫
Model DX Storage and Retrieval System	DX 型儲存擷取系統
To select a cartridge enter the title	如欲選擇資料匣，
below.	請於下方輸入標題。
(Title Catalog available with Top	（完整片單僅限持有最高
Security Clearance only)	安全許可權限者查閱）
Title : 	標題： 
Searching ...	搜尋中……
Title Found. . .Retrieving	找到標題……擷取中
Title Not Available	查無此標題
Press <Enter> to quit	按 <Enter> 離開
It looks much like many other chairs you have seen in your lifetime.	這張椅子跟你這輩子看過的椅子沒什麼兩樣。
You don't have time to be sitting around.	你可沒空坐在這裡發呆。
You can't do that from here.	你在這裡做不了那件事。
There is no time for that. The alien attackers are on their way.	沒空做那種事，外星攻擊者已經在路上了。
He won't be needing it anymore.	他已經用不到那個了。
It's a grisly sight. There is nothing you can do for him now.	畫面實在慘不忍睹，你現在也幫不上他什麼忙了。
Pressing the keys seems to have no effect since you don't see the screen.	你根本看不到螢幕，按按鍵好像也沒什麼用。
That can't be done right now.	現在辦不到。
You don't have one of those.	你身上沒有那個東西。
Your search of the damaged body's pockets nets. . .	你搜索這具傷痕累累的屍體口袋，找到……
only some heat-fused chunks of varying sizes which were probably melted by a pulseray blast. Nothing to waste time on.	只有幾塊被脈衝射線熔成一團、大小不一的殘塊，八成是被燒熔的，沒什麼好浪費時間的。
Have some respect for the dying!	對快死的人放尊重點！
You see nothing that catches your eye.	沒有什麼東西特別引起你的注意。
This is another boring door.	又是一扇無聊的門。
I warned you, but noooooo! Did you listen?!	我都警告過你了，你就是不聽嘛！你到底有沒有在聽啊？！
You are startled by the sound of an alarm. It is followed by an urgent voice which warns that the Arcada has been boarded by unknown intruders. It abruptly ends.	一陣警報聲把你嚇了一跳。接著傳來一個急促的聲音，警告阿寇達號已被不明入侵者攻佔登艦。話還沒說完，聲音就突然中斷了。
Done.	完成。
You already possess that item.	你已經有那樣東西了。
The console consists of a screen, keyboard, and cartridge slot.  Atop it rests a Model DX Cartridge Retrieval Unit (currently bearing a cartridge).	這台主機由螢幕、鍵盤與資料匣插槽組成，上面擺著一台 DX 型資料匣擷取裝置（目前裝著一個資料匣）。
You see a man dressed in a lab coat. He appears to be ailing.	你看到一名穿著實驗袍的男子，他看起來病懨懨的。
Now that you have it you shouldn't be trying to get rid of it.	你都已經拿到了，就別想著要丟掉。
In his current condition, the man is not much of a conversationalist.	他現在這副模樣，可沒辦法跟你聊什麼天。
It is a Model DX Cartridge Retrieval Unit. It is used to retrieve cartridges. It is currently empty.	這是一台 DX 型資料匣擷取裝置，用來取出資料匣，目前裡面是空的。
It is a Model DX Cartridge Retrieval Unit. It is used to retrieve cartridges. It is currently holding a cartridge.	這是一台 DX 型資料匣擷取裝置，用來取出資料匣，目前裝著一個資料匣。
The slot appears to be about the size of a data cartridge. It is currently vacant.	這個插槽看起來剛好是資料匣的大小，目前是空的。
The alien observes his handiwork briefly, then leaves.	那名外星人打量了一下自己的傑作，接著就離開了。
This is one of the many hallways in the Arcada.	這是阿寇達號裡眾多走廊的其中一條。
You recognize this as your sanitation supply closet. You have spent many hours sleeping in it.	你認得這是你的清潔用品儲藏室，你在裡面睡掉了不少時間。
You have just stumbled into a small, dark, and very cluttered utility closet.  Many things fall, most of them landing on you. Doesn't say much for your cleaning prowess.	你一頭撞進一間又小又暗、亂七八糟的雜物間，一堆東西掉了下來，大半都砸在你身上。看來你的清潔功力也不怎麼樣。
You can't see anything in here because it is dark.	這裡一片漆黑，你什麼都看不見。
This is an elevator to one of the lower levels.	這是一部通往下層樓的電梯。
"Is it shipping yet? I want this thing shipping yesterday. I thought you said the graphics would be done last week?"	「東西出貨了沒？我恨不得它昨天就出貨。你不是說美術上星期就會弄完了嗎？」
The doors here are not particularly interesting.	這裡的門沒什麼特別的。
This is another one of your non-functional crewmates. It's a grisly sight.	這又是一位「故障」的組員，畫面實在慘不忍睹。
A quick search of the body turns up nothing.	你很快搜了一下屍體，什麼都沒找到。
That can't be done here.	這裡辦不到。
One can only wonder what your purpose for this action is. You can't undress the body. Allow him one last bit of dignity.	真不知道你在打什麼主意。你不能剝掉他的衣服，好歹留給他最後一點尊嚴吧。
Dave?  Dave's not here!	戴夫？戴夫不在這裡啦！
That is not seen easily from here.	從這裡看不太清楚。
Looking into the closet you see nothing but darkness.	你往儲藏室裡看去，只看到一片漆黑。
The door is closed, fool!	門是關著的啦，笨蛋！
This is the closed door to the closet you napped in.	這是你平常打盹的儲藏室的門，現在是關著的。
It looks dark in there.	裡面看起來黑漆漆的。
This door leads to the Data Archive.	這扇門通往資料庫。
You are in one of the Arcada's hallways near an elevator.	你正站在阿寇達號的一條走廊上，旁邊就是電梯。
This is an elevator to another level of the ship.	這是通往船艦其他樓層的電梯。
You search the body of your crewmate and find. . .	你搜索你組員的屍體，找到……
You take the keycard.	你拿走了磁卡。
You already have it.	你已經拿到了。
It appears to be one of your crewmates.  He is nonfunctional.	看來是你的一位組員，他已經「故障」了。
You have added to your pocket lint collection. How proud you must be.	你的口袋棉絮收藏又添了一件，你一定超驕傲的吧。
That can't be done from where you are standing.	你站在這個位置辦不到。
Unable to be tricked, you cleverly deduce that there are, indeed, walls in here. They are just your run-of-the-mill spacecraft interior walls.	你才不會被騙，很聰明地推斷出這裡真的有牆壁。就是那種再普通不過的太空船內牆。
Don't bother. Nothing of interest there.	別費心了，那裡沒什麼好看的。
You can see no elevator where you are.	你這個位置看不到電梯。
a keycard.	一張磁卡。
Nothing.	什麼都沒有。
This another hallway aboard the Arcada. There is an elevator door nearby.	這是阿寇達號上的另一條走廊，附近有一扇電梯門。
Sorry, due to your low security clearance you are not allowed access to this area.	抱歉，你的安全許可等級太低，不能進入這個區域。
This is an elevator to one of the other levels of the Arcada.	這是通往阿寇達號其他樓層的電梯。
That cannot be done from here.	在這裡辦不到。
There is no situation which calls for that action now.	現在沒有需要做那件事的情況。
The door is quite heavy and impossible for you to open. Your classification does not permit it.	這扇門相當沉重，你根本打不開。你的權限等級不允許。
A cursory glance indicates that this is a dead lab technician.	隨便一瞄就知道，這是一名死掉的實驗室技術員。
Your search of the body reveals nothing.	你搜遍屍體，什麼都沒找到。
This appears to be a non-breathing research scientist.	看起來是一名已經沒有呼吸的研究科學家。
Good grief, man! You are a bit twisted, I must say.?	天啊，老兄！我得說你這人還真有點變態。
There is not much left of the door. Someone has blown it away.	這扇門幾乎沒剩下什麼了，看來有人把它炸飛了。
You see another boring door.	你看到又一扇無聊的門。
Are you serious?	你是認真的嗎？
You are too far away to get a good look.	你離太遠了，看不清楚。
This is a section of one of the lower levels of Arcada.	這裡是阿寇達號下層的一部分。
The elevator leads to one of the upper levels.	這座電梯通往上面的某個樓層。
You see a body here. It is a formerly live crewmate.	你看到這裡有具屍體，曾經是一名活生生的組員。
Your search of the laser-riddled corpse reveals. . .	你搜索這具佈滿雷射傷痕的屍體，發現……
That can't be accomplished from here.	在這裡辦不到。
nothing.	什麼也沒有。
Taken.	拿走了。
Nothing interesting is to be seen there.	那裡沒什麼特別好看的。
It is a device designed to assist you in adjusting to a change in elevation.	這玩意兒的設計是用來幫你應付高度上的變化。
You are in the central control area of the Arcada. The reactor domes pulsate irregularly, as if they had been tampered with. This does not look good. Through the window just above the control console, you can see down into the vehicle bay below.	你正站在阿寇達號的中央控制區。反應爐的圓頂脈動得毫無規律，好像被人動過手腳，這下情況不妙。從控制台正上方的窗戶望出去，可以看到下方的載具艙。
This panel consists of status indicators which don't mean diddly to you.	這面板上全是狀態指示燈，對你來說根本有看沒有懂。
On the console by the window are two buttons marked "OPEN BAY DOOR" and "CLOSE BAY DOOR".	窗邊控制台上有兩個按鈕，分別寫著「打開艙門」和「關閉艙門」。
You can't see it from here.	這裡看不到那東西。
You search the damaged body of your fellow crewman. You get too close a glimpse of the injury. In the pockets you find...	你搜索同僚那具殘破的遺體，那傷口的畫面看得有點太清楚了。口袋裡你找到……
You don't see that here.	這裡沒看到那東西。
Looking through the window you can see down into the vehicle bay.	從窗戶望下去，可以看到載具艙。
Looking through the window you can see down into the vehicle bay. The rather massive bay doors are open.	從窗戶望下去，可以看到載具艙，那扇碩大的艙門是開著的。
Here lies another heap of fried humanity. The attackers have proven to be very thorough thus far.  There's something to be said for not being the hero type, you rationalize.	這裡又躺著一具烤焦的人肉。看來攻擊者做事相當徹底。你心裡想，不當英雄好像也不是壞事。
Nothing happens.	什麼事都沒發生。
Nothing of interest there.	那裡沒什麼好留意的。
The bay door can't be closed while the pod is up.	逃生艙的平台還升著的時候，艙門沒辦法關上。
Your limited view shows that there is a large vehicle bay below.	你視野有限，只能看出下面是個很大的載具艙。
On the floor are three domes, covering closed access tubes, and one badly damaged body.	地上有三個圓頂，蓋著關閉的通道管，還有一具傷得很重的遺體。
The domes cover access tubes to the Arcada's power plant. They are bolted closed since they seldom require maintenance.	這些圓頂蓋住通往阿寇達號動力廠的通道管，因為很少需要維修，都用螺栓鎖死了。
This is one of the mid-level decks of the Arcada	這裡是阿寇達號的中層甲板之一
The elevator goes to another level. You have never used it due to its restricted access status.	這座電梯通往另一層樓。因為權限受限，你從來沒用過它。
You slide the keycard into its slot. You hear an audible click. You take the keycard back.	你把磁卡插進插槽，聽到「喀」一聲，接著把磁卡收回來。
You are too far away.	你離得太遠了。
You don't have that.	你沒有那東西。
The walls are all nondescript except for a keycard unit near the elevator. It controls access to the level below.	牆壁上沒什麼特別的，只有電梯旁一個磁卡讀取器，控制通往樓下的權限。
One of your crewmates lies at your feet. He is non-functional.	你的一位同僚倒在你腳邊，已經不能動了。
%w1 %w2? I'm sorry, %s1. You can't do that. I question your mental fitness.	%w1 %w2？抱歉，%s1，你辦不到那件事。我開始懷疑你的精神狀態了。
You search the corpse and turn up. . .	你搜索屍體，翻出了……
The keycard unit is a small, sturdy box with a slot. Just above it is a display light which is not currently on.	磁卡讀取器是個堅固的小盒子，上面有個插槽。正上方有個顯示燈，目前沒亮。
The keycard unit is a small, sturdy box with a slot. Just above it is a display light which is currently on.	磁卡讀取器是個堅固的小盒子，上面有個插槽。正上方有個顯示燈，目前是亮著的。
There is no keycard to get.	沒有磁卡可以拿。
Alas, it does not open. You have adorned the door with a small circle of nose grease. Were you Karl Malden, it could have gotten ugly.	唉，門還是沒開。你只在門上印了一圈鼻油印。要是你的鼻子像 Karl Malden 那麼大，情況恐怕會很難看。
This is the cavernous Vehicle Bay.	這裡是空曠的載具艙。
This is one of the Arcada's escape pods. You vaguely remember receiving some orientation on these when you joined the crew.	這是阿寇達號的逃生艙之一。你隱約記得剛加入船員時，有接受過這方面的講習。
       Oops!      Forgot my suit.	      糟了！      忘記穿太空裝了。
In the middle of the vehicle bay is a deep cargo shaft.	載具艙中央有一道很深的貨運豎井。
Sorry, %s1.  You can't enter the Escape Pod when the Vehicle Bay doors are closed.	抱歉，%s1，載具艙門關著的時候，你沒辦法進入逃生艙。
Looking at the console you see a button marked "Platform". There are also some gauges which don't interest you.	看著控制台，你看到一個寫著「平台」的按鈕，還有一些你沒興趣理會的儀表。
The Vehicle Bay Door is quite large.	載具艙門相當龐大。
The walls prove to be uninteresting.	牆壁沒什麼好看的。
The massive bay doors are tightly sealed.	這幾扇巨大的艙門封得死死的。
Beyond the yawning doors lies the serenity of deep space.	敞開的艙門外，是一片深邃太空的寧靜。
You see nothing special down there.	你在下面沒看到什麼特別的東西。
It is dark down in the shaft but you can make out the silhouette of one of the Arcada's escape pods on a platform below.	豎井裡面很暗，但你能看出下面平台上有一艘阿寇達號逃生艙的輪廓。
You cannot perform that act from here.	你在這裡沒辦法做那件事。
There is nothing like that in sight.	眼前沒有那種東西。
No can do, bud.	辦不到啦，老兄。
For safety reasons the platform will not function with the bay doors closed.	基於安全考量，艙門關著的時候平台沒辦法運作。
The bay door is open. The airlock door opens automatically.	艙門是開著的，氣密艙門會自動開啟。
The bay door is not opened from this room. The airlock door opens automatically.	艙門沒辦法從這個房間打開，氣密艙門會自動開啟。
There sure are a lot of them.	還真是不少呢。
You see stars to infinity.	你看到滿天繁星，一望無際。
The pod door is already open.	逃生艙門已經開著了。
The escape pod moves slowly out	逃生艙緩緩滑了出去，
of the vehicle bay and into space.	離開了載具艙，飛向太空。
There is now an escape pod here.	這裡現在有一個逃生艙。
There is no longer an escape pod here.	這裡已經沒有逃生艙了。
You see a button marked "Platform".	你看到一個寫著「平台」的按鈕。
Congratulations, %s1.  You have found your way off the Arcada and escaped obvious danger.  Unfortunately, you will never be seen or heard from again as you float gracefully through the heavens for eternity.	恭喜你，%s1。你順利逃出了阿寇達號，也躲過了明顯的危險——只不過，你就這樣優雅地漂浮在宇宙裡直到永遠，再也沒人會看到你、聽到你的消息了。
You peer in through the open door but are unable to make out any detail.	你透過開著的門往裡瞧，但看不清楚裡面的細節。
This is the Flight Prep room of the Arcada. As you can see, there is a sign on the back wall as well as two closet doors and two buttons.	這裡是阿寇達號的飛行準備室。你可以看到後牆上有個標示牌，還有兩扇衣櫃門和兩個按鈕。
The walls look pretty much the same as the others. There is a sign on the back wall. Beneath that is a right button and a left button.	這裡的牆壁跟其他地方差不多。後牆上有個標示牌，下面是左右兩個按鈕。
This is the inside airlock door.	這是氣密艙的內側艙門。
That is not here to be seen.	這裡看不到那東西。
The closet appears to be empty.	衣櫃看起來是空的。
This is the elevator you came into this room from.	這是你進到這房間時搭的電梯。
There are two buttons here, a left button and a right button.	這裡有兩個按鈕，一個在左邊，一個在右邊。
There are two doors here which are controlled by buttons.	這裡有兩扇門，都是靠按鈕控制的。
The console is adorned with many status indicators. One button on the right is marked "Airlock".	控制台上滿是狀態指示燈，右邊有個按鈕寫著「氣密艙」。
This is a standard issue flight suit designed to protect the wearer from the unique conditions of space travel.	這是制式配發的太空裝，設計來保護穿戴者應付太空旅行的特殊環境。
On the floor of the closet sits some sort of gadget. It looks electronic.	衣櫃地板上放著某種小裝置，看起來像是電子產品。
Your sight isn't what it once was. Maybe mom and dad weren't kidding. Anyway, you'll have to get closer.	你的視力大不如前了。搞不好爸媽當年說的是真的。總之，你得再靠近一點看。
The sign on the wall suggests that the bay doors are not currently open.	牆上的標示牌顯示，艙門目前沒有開著。
The sign on the wall warns that the bay doors are currently open.	牆上的標示牌警告，艙門目前是開著的。
You see a flight suit hanging in the closet.	你看到衣櫃裡掛著一套太空裝。
There is a closed closet door here.	這裡有一扇關著的衣櫃門。
It looks like an electrical gadget of some sort.	看起來像是某種電子小裝置。
You are not close enough.	你離得不夠近。
The closet is not open.	衣櫃還沒打開。
You won't be needing that suit anymore.	你已經用不到那套裝備了。
There is nothing here to get.	這裡沒有東西可以拿。
That can't be done from here.	在這裡沒辦法做那件事。
There are no buttons here.	這裡沒有按鈕。
Nothing done.	什麼都沒做成。
The door is open and there is no need to close it. Pressing matters await.	門已經開著，不用關。還有更要緊的事等著你。
You already have it on.	你已經穿上了。
The doors are controlled by buttons. You must push the appropriate one.	這些門是靠按鈕控制的，你得按對按鈕才行。
The elevator door opens and closes automatically.	電梯門會自動開關。
You are not close enough to get a good look.	你離得不夠近，看不清楚。
Your old uniform hangs in the closet.	你的舊制服掛在衣櫃裡。
The elevator door opens automatically and the others open by pushing buttons.	電梯門會自動開，其他門則要按按鈕才會開。
This is not a good place to do that from.	這裡不是做那件事的好地方。
You'll need to get closer to see that.	你得靠近一點才看得到。
You'll have to be more specific. The right closet or the left closet?	講清楚一點。是右邊的衣櫃，還是左邊的？
You need to get closer.	你得靠近一點。
You'll have to be more specific about which button you wish to choose.	講清楚一點，你要選哪個按鈕？
You see one button marked "Airlock".	你看到一個寫著「氣密艙」的按鈕。
Your old uniform hangs limply in the closet.	你的舊制服軟趴趴地掛在衣櫃裡。
You are sitting in the pilot seat of the escape pod facing toward the window. There is a dark console before you and seat belt straps at your side. Confused as to what you should do, you wish you would have paid more attention during crew orientation.	你坐在逃生艙的駕駛座上，面朝窗戶。眼前是一個暗著的控制台，身旁則是安全帶。你一頭霧水，不知道該做什麼，真希望當初船員講習有認真聽。
Your effort to power-down the pod was wisely overridden by the on-board computer.	你想關掉逃生艙電源，還好被船上電腦明智地擋了下來。
The screen is dark.	螢幕是暗的。
Escape Pod Systems Activated	逃生艙系統已啟動
Ready For Instructions	等待指令輸入
Emergency Program Initiated	緊急程式已啟動
Pull Throttle To Execute	拉下節流閥以執行
Launch Sequence	發射程序
The console consists of a screen, pod status indicators, a throttle, and some buttons.  The buttons are marked "AutoNav", "Power", and "Don't Touch".	控制台上有螢幕、逃生艙狀態指示燈、節流閥，還有幾個按鈕，分別寫著「自動導航」、「電源」和「請勿觸碰」。
Out the window you see billions and billions of stars.	窗外是數也數不清的星星。
That has no effect now.	現在做那個沒有用了。
It said don't touch.  I warned you!	上面明明寫著「請勿觸碰」，我警告過你了！
Please buckle your seat belt first.	請先繫好安全帶。
The monitor flashes. You study it to see what new information is being displayed.	螢幕閃了一下，你仔細看看上面顯示了什麼新訊息。
It sure looks deep.	看起來還真深。
You have already done that.	你已經做過那件事了。
There are three buttons here. They are marked "AutoNav", "Power", and "Don't Touch".	這裡有三個按鈕，分別標著「自動導航」、「電源」和「請勿觸碰」。
There are some lights on. They indicate (when lit) that all pod systems are functioning normally.	有幾盞燈亮著，這些燈亮起時，表示逃生艙所有系統運作正常。
The lights on the console are currently not on.	控制台上的燈目前沒有亮。
That act has already been performed.	這件事你已經做過了。
Are you crazy? It seems quite obvious that you don't know what you are doing, you daft imp.	你瘋了嗎？很明顯你根本不知道自己在幹嘛，你這個蠢蛋。
You'll have to be more specific. The autonav button or the power button?	你得講清楚一點。是自動導航按鈕，還是電源按鈕？
Hey! What are you doing? Don't mess with the throttle while in flight! You have enough problems already. Why don't you spend your time thinking about how you're going to handle them?	欸！你在幹嘛？飛行途中不要亂動節流閥！你麻煩已經夠多了，怎麼不花點時間想想要怎麼解決？
Your door is ajar.	你的艙門沒關緊。
I'm sorry, Dave. I'm afraid I can't do that.	很抱歉，戴夫，恐怕我沒辦法這麼做。
The throttle is of the usual "T"-shaped variety.	這根節流閥是常見的「T」字形款式。
You can't. The door is closed.	不行，門是關著的。
You can't. You are buckled into your seat.	不行，你的安全帶還扣著。
You see nothing of interest.	你沒看到什麼特別的東西。
The throttle is currently in a position that prevents you from doing that.	節流閥目前的位置讓你沒辦法這麼做。
Don't worry. Aside from a stray Sarien attack, this is a low crime area.	別擔心，除了偶爾有沙利安人來亂之外，這一帶治安算不錯。
The throttle is already in that position.	節流閥已經在那個位置了。
The door is small and uninteresting. It is presently closed.	這扇門又小又平凡，目前是關著的。
The door is small and uninteresting. It is presently open.	這扇門又小又平凡，目前是開著的。
All systems are GO	所有系統一切正常
They're just your typical passenger restraint devices.	這只是一般的乘客安全束帶裝置。
The throttle is back as far as it will go.	節流閥已經拉到底了。
You should specify which button you would like to push.	你該說清楚想按哪個按鈕。
Please remain seated and keep seat belt buckled while vehicle is in motion.	載具行進中請坐好，並繫緊安全帶。
. . . .WARNING. . . .	. . . .警告。 . . .
Self-Destruct Mechanism Has Been Armed!	自毀裝置已啟動！
Evacuate Ship Immediately!	立刻棄船逃生！
!! THIS IS NOT A TEST !!	！！這不是演習！！
This is the Star Generator development laboratory.  Due to your incredibly low security clearance you have never been allowed access to this room.	這裡是星辰產生器的研發實驗室。以你低到不行的安全權限，本來根本不可能踏進這間房間。
Through the observation window you can see to infinity.	透過觀測窗，你可以看到無窮無盡的遠方。
Looking at the console you see many displays and instruments which make no sense to you.  There is a flashing light near a screen in the center.	你看著控制台，上面一堆顯示器和儀器你完全看不懂。中央的螢幕附近有一盞燈在閃。
There is an empty pedestal here. It looks like it is used to hold some large object, maybe the Star Generator.	這裡有一座空的底座，看起來是用來放置某個大型物體的，也許就是星辰產生器。
The floor is normal except for two dead bodies and a pedestal in the middle.	地板看起來沒什麼異狀，只是中間躺著兩具屍體，還有一座底座。
The back wall is barren. The others, as you can see, are actually large windows allowing you an unrestricted view of space.	後牆光禿禿的什麼都沒有，其他牆面你也看得出來，其實都是大片窗戶，讓你能毫無阻隔地看到外太空。
Hanging from the ceiling is a large device which apparently helped support the item which was mounted on the pedestal below.	天花板上垂掛著一具大型裝置，看起來是用來支撐底下底座上那件物品的。
That can't be done at this location.	這個地方沒辦法這麼做。
The sheer vastness of space never ceases to amaze you.	太空浩瀚無垠的景象，總是讓你嘆為觀止。
Gazing out at the stars reminds you of how far you are from home.	望著滿天星斗，讓你想起自己離家有多遠。
Peering through the large observation windows you take in the immense panorama of space and stars.	你透過大片觀測窗，把浩瀚的星空盡收眼底。
Your mind is boggled in attempting to understand the function of the various buttons, switches, lights, and displays. It appears the board is not operating.	你想搞懂這些按鈕、開關、燈號和顯示器到底是幹嘛用的，但完全一頭霧水。看起來這片面板根本沒在運作。
This console shows the only signs of life. One red light shines from the the upper-left corner of a glowing monitor.	這座控制台是唯一還有動靜的地方，一盞紅燈從發著光的螢幕左上角亮著。
That console could be better viewed from a closer vantage point.	這座控制台再靠近一點看會更清楚。
There are many buttons here. Messing with them will not help anything.	這裡有一堆按鈕，亂按也不會有什麼幫助。
The lights are all out except for one on the other console.	燈全滅了，只剩另一座控制台上還有一盞亮著。
One light glows red indicating that the monitor power is on.	有一盞紅燈亮著，表示螢幕的電源是開著的。
There is nothing to see here.	這裡沒什麼好看的。
That can not be seen from here.	從這裡看不到那個。
You see sprawled at your feet the lifeless body of another crew member.	你腳邊倒著另一名船員的屍體。
Yet another body lies motionless.	又是一具動也不動的屍體。
The reward for your search is. . .	你搜索的收穫是……
There is no Star Generator here to look at.	這裡沒有星辰產生器可以看。
Congratulations! You have narrowly escaped an explosive death! Don't start patting yourself on the back just yet, though. You are now traveling aimlessly through the cosmos.	恭喜！你千鈞一髮逃過一場爆炸死亡！不過先別急著自誇，你現在正在宇宙中漫無目的地漂流。
The Autonav system has locked onto the small planet of Kerona and the pod has begun its approach. Nothing to do now but hang on!	自動導航系統已經鎖定柯羅娜星這顆小行星，逃生艙已經開始接近。現在你只能抓緊坐穩！
Well done, %s1! You've managed to overcome the elements of Kerona, from endless deserts and spider droids to obnoxious salesmen and bad booze. Yes, the sand in your boots shall forever serve as a reminder of this forsaken planet. You should feel proud. But now, destiny awaits with an even greater challenge.	做得好，%s1！你撐過了柯羅娜星的種種考驗——無盡的沙漠、蜘蛛機器人、討人厭的推銷員，還有難喝到爆的酒。沒錯，靴子裡的沙子會永遠提醒你這顆被遺忘的星球。你應該為自己感到驕傲。但現在，命運正等著你迎接更大的挑戰。
You are inside the escape pod. It appears that the more fragile devices were damaged severely by the impact of landing.	你在逃生艙裡，看起來比較脆弱的裝置在降落撞擊中都嚴重損壞了。
Through the window you see a vast wasteland composed of sand.	透過窗戶，你看到一片由沙子構成的遼闊荒地。
The console consists of a screen, pod status indicators, a throttle, and some buttons.  The buttons are marked "AutoNav" and "Power".	控制台上有一個螢幕、逃生艙狀態指示燈、一根節流閥，還有幾個按鈕。按鈕分別標著「自動導航」和「電源」。
Pushing the AutoNav button has no effect.	按下自動導航按鈕沒有任何反應。
The throttle seems to be jammed.  It won't budge.	節流閥好像卡住了，動也不動。
The screen is dark, not to mention cracked.	螢幕一片漆黑，而且還裂了。
Pushing the Power button has no effect.	按下電源按鈕沒有任何反應。
You are inside the escape pod. It appears that the more fragile devices were damaged severely by the impact of landing.  Got any bright ideas, Edison?	你在逃生艙裡，看起來比較脆弱的裝置在降落撞擊中都嚴重損壞了。有什麼好點子嗎，愛迪生？
You are unable to leave with your seat belt on.	安全帶還扣著，你沒辦法離開。
Done	完成
That has already been done.	這件事已經做過了。
You can fix nothing here.	這裡沒有東西可以修。
Neither this nor anything else on the console works.	這個和控制台上其他東西都沒有用。
There are three buttons here. They are marked "AutoNav", "Power", and "Don't Press".	這裡有三個按鈕，分別標著「自動導航」、「電源」和「請勿按下」。
The door has been permanently opened by the impact of landing.	這扇門在降落撞擊中被撞得永久打開了。
A survival kit has broken loose from someplace.	一個求生包不知道從哪裡鬆脫，掉了下來。
There is nothing under the seat.	座位底下什麼都沒有。
After a skull-jarring landing, you peer through the shattered viewing port out onto the desert landscape. A feeling of utter desolation settles in. You`re in a fine mess now, %s1.	經過一陣天旋地轉的硬著陸後，你從破裂的觀測窗望向外面的沙漠景色，一股徹底的荒涼感湧上心頭。你這下麻煩大了，%s1。
No way.	沒門。
You are high atop a rocky plateau. The desert below seems to stretch to infinity.	你站在一座岩石高原頂端，下方的沙漠彷彿無邊無際地延伸出去。
It is merely a spire of rock which has managed to defy the elements.	這只是一根撐過風吹日曬的岩石尖塔。
You are near the base of a plateau. It is a rather bleak environment.	你在一座高原的底部附近，這裡的環境相當荒涼。
You are high atop a rocky plateau near two halves of an arch. The desert below seems to stretch to infinity.	你站在一座岩石高原頂端，附近有一座斷成兩半的拱門，下方的沙漠彷彿無邊無際地延伸出去。
You are near the base of a plateau, upon which rests two large rocks. It is a rather bleak environment.	你在一座高原的底部附近，上頭擺著兩塊大石頭，這裡的環境相當荒涼。
You see a pair of oddly curved rock formations. They point at each other as if to form an arch.	你看到一對形狀怪異的彎曲岩層，彼此對望，彷彿要拼成一座拱門。
Near the base you notice some very small printing. If you're not mistaken the characters translate to "497 Quadgillion Served."	在底部你注意到幾個很小的印刷字。如果你沒看錯，這些字翻譯過來是「已服務 497 垓位顧客。」
From this distance it looks like an ordinary hole in the side of the cliff.  For a better look you will have to get closer.	從這個距離看，這只是懸崖側面一個普通的洞，想看清楚一點，你得靠近一些。
Whatever is in that hole just enjoyed lunch - on you.  This should teach you to be cautious when encountering alien holes.	不管那個洞裡是什麼東西，牠剛剛美美地吃了一頓——就是你，這下你該學乖了，遇到外星洞穴要小心一點。
You are atop the mesa. It is flat to the west.	你在台地頂端，西邊是一片平地。
You are at the west side of a cliff area.	你在懸崖區域的西側。
No good will come of that.	這麼做不會有好下場。
Looking at the cliff you notice a small hole	你看著懸崖，注意到一個小洞
It lands with a pleasing thud.	它「咚」一聲落地，聲音還挺讓人滿意的。
It was not known that you are a master of the rock! That was a fine effort.	沒想到你居然是丟石頭高手！這一手漂亮。
It looks a lot like spinach.	這看起來很像菠菜。 
You tear off a piece of the plant.	你扯下一片植物。
The Health Minister has determined that smoking is hazardous to your health.	衛生署長已經證實，吸菸有害健康。
You take a whiff of the plant and find it to be a regrettable experience.	你聞了聞這株植物，這下可讓你後悔了。
That is unreachable from here.	從這裡搆不到那個。
You already have that.	你已經有那個了。
You are not near that.	你不在那附近。
You are in a unique area. There is a natural land bridge here as well as life in the form of plants.	你在一處特別的地方，這裡有一座天然的地橋，還長著一些植物。
There is a very large rock on the natural bridge.	天然地橋上有一塊很大的石頭。
On the ground rests a large boulder.	地上擺著一塊大石頭。
There are no rocks of note here.	這裡沒有什麼值得注意的石頭。
You are following a path on the side of a cliff. It is rather desolate here.	你沿著懸崖邊的小路前進，這裡相當荒涼。
You are in an area almost entirely surrounded by cliffs. A path winds its way along the sheer cliff to the left. It is not accessible from here.	你身處一處幾乎完全被懸崖包圍的地方。一條小路沿著左邊的峭壁蜿蜒而去，但從這裡走不過去。
You are in an area almost entirely surrounded by cliffs. A path winds its way along the sheer cliff to the left. It is not accessible from here. There is a cave to the right.	你身處一處幾乎完全被懸崖包圍的地方。一條小路沿著左邊的峭壁蜿蜒而去，但從這裡走不過去。右邊有一個洞穴。
A path winds its way along the sheer cliff to the left. It is not accessible from here.	一條小路沿著左邊的峭壁蜿蜒而去，但從這裡走不過去。
You are walking along a path high above the ground.	你正走在一條高懸於地面之上的小路。
You are at the southwest edge of a mesa. It is very desolate here.	你在台地的西南邊緣，這裡非常荒涼。
You are in a desert cliff area. There is a natural land bridge in the distance.	你在沙漠懸崖區，遠處有一座天然地橋。
It looks a lot like spinach. 	這看起來很像菠菜。 
You plant your teeth in the strange plant and take a large bite, only to find it tastes exquisitely bad. If you had your choice, you would choose any form of death over a meal of this.	你一口咬進這株奇怪的植物，狠狠地咬了一大口，結果發現味道糟糕到極點。如果讓你選，你寧願死也不要再吃一口這種東西。
You are in a desert cliff area.	你在沙漠懸崖區。
Fortunately for you, the path here is not far above the ground. Your suffering is limited to a dull pain in the hindquarters.	算你走運，這裡的小路離地面不高，你頂多只是屁股隱隱作痛。
The cave interior now features a lovely new Jagged Metal/Liberated Entrails motif. The stench? Whew! Not even an all-text adventure would attempt that description.	洞穴內部現在多了一種嶄新的「鋸齒鐵片∕內臟四散」風格裝潢。至於那股臭味？呼！就連純文字冒險遊戲也不敢形容那有多恐怖。
"What have we here?"	「這裡有什麼好東西？」
You reach down and take the Orat part in your hand. Some of it oozes to fill the space between your fingers.	你伸手拿起那塊歐拉特的殘骸，有些黏液滲出來，填滿了你指縫間的空隙。
You'd want MORE of THAT? You are truly twisted. Seek a physician when you hit town.	你還想要更多？你真的有夠變態，等你到鎮上記得去看醫生。
You're going to have to go one-on-one against Orat for something like that?	你打算就這樣跟歐拉特單挑？
You've just been molecularly re-distributed by the spider droid. Tough luck, %s1.	你剛剛被蜘蛛機器人拆成分子重組了。運氣真背，%s1。
You are in the slimiest of caves. The odor in here is less than desirable.	你人在一個黏糊糊的洞穴裡，這裡的味道實在不怎麼樣。
The walls are solid rock.	牆壁是堅硬的岩石。
The walls are solid rock. You notice a fine spray of glistening, metallic jelly.	牆壁是堅硬的岩石。你注意到有一層閃著金屬光澤的黏液噴濺在上面。
It looks like the rest of the ground around here. The green spots indicate that there is a little moisture.	看起來跟這附近的地面沒兩樣，上面的綠色斑點顯示這裡有一點濕氣。
On the ground rests a gleaming chunk of Orat's anatomy.	地上躺著一小塊閃閃發亮的歐拉特殘骸。
It is very large and very hard.	它又大又硬。
Orat is huge and ugly. Of course, your opinion may differ depending on what part of the universe you come from. It should also be mentioned that he is quite mean.	歐拉特體型巨大又醜陋。當然啦，這要看你是從宇宙的哪個角落來的，看法可能不太一樣。另外要提醒你一下，牠脾氣壞得很。
You shiver at the sight of the spider droid with its spindly legs and cold metallic body. Its red scanner probing the terrain for anything that moves. Truly an icon of terror.	蜘蛛機器人細長的腿和冰冷的金屬軀體讓你不寒而慄。牠紅色的掃描器正在地形上搜尋任何會動的東西，簡直就是恐怖的化身。
You are unable to do that.	你辦不到。
You have trouble moving your own carcass around. You sure can't move something that weighs several times more than you.	你連自己這副身子都快搬不動了，更別說搬動比你重好幾倍的東西。
There is no need for you to do that.	你沒必要這麼做。
Orat has transformed you into a new source of recreation.  You, of course, don't survive this treatment. It's tough to make friends around here.	歐拉特把你當成新玩具，玩了起來。你當然沒能撐過這一關，在這裡交朋友還真不容易。
Orat, always in the mood for a snack, snatches the can out of the air with his spacious oral cavity, chews and swallows it. He notices a rumbling deep within his abdomen.	永遠都有心情吃點心的歐拉特，張開他那寬敞的大嘴把罐子從空中接住，嚼一嚼就吞下肚，接著他注意到肚子深處傳來一陣咕嚕聲。
Orat's eyes prove to be bigger than his stomach for once. Incapable of becoming history's first living reservoir, his body succumbs to the intense internal pressure created by nearly ten gallons of instantly reconstituted water. As a special bonus, you have received a much needed shower!	歐拉特這回真的是眼睛比胃大。牠沒能成為史上第一個活體蓄水池，將近十加侖瞬間還原的水在牠體內形成的高壓，讓牠的身體整個撐不住了。附贈的驚喜是：你順便沖了個等很久的澡！
No time for that!	現在沒空做那個！
That would be ineffective now.	現在做這個沒用。
Get closer.	靠近一點。
It's a darn shame you're not around to enjoy it. You'll have to be more careful about who you hang around with in the future, %s1.	可惜你沒命留下來享受了。%s1，你以後真該小心一點自己跟什麼人混在一起。
It's too far away.	距離太遠了。
Orat is a guy of few words and none of them are for you.	歐拉特是個惜字如金的傢伙，而且一個字都不會留給你。
How do you intend to do that.	你打算怎麼做到？
This knife wouldn't cut hot margarine. Were you hoping he might die from an infected bruise?	這把刀連熱奶油都切不動，你該不會是想讓他傷口感染致死吧？
It looks like your standard run-of-the-mill pneumatic transport. This particular one only goes down, however.	看起來就是一般常見的氣動輸送管，不過這一個只能往下走。
You need to be closer.	你得再靠近一點。
This is one end of what appears to be a large cavern. The only way to go is to the left.	這裡是一個大洞穴的一端，唯一能走的路是往左。
It looks just like a Keronian rock should.	看起來就跟柯羅娜星該有的石頭一模一樣。
That is not here to get.	這裡沒有這種東西可以拿。
This is one end of what appears to be a large cavern. The only way to go is to the left. There is a rock nearby.	這裡是一個大洞穴的一端，唯一能走的方向是左邊，附近有一顆石頭。
rock taken	已拿取石頭
geyser plugged	間歇泉已被堵住
geyser unplugged	間歇泉已疏通
The floor is mostly rock with the exception of a grate in the middle. To the left of the grate is what appears to be a steam geyser.	地板大多是岩石，只有中間有一個柵欄，柵欄左邊看起來像是一座蒸汽間歇泉。
This is another large chamber in the underground complex. There is a path on the back wall which is not accessible from the bottom.	這是地底建築群裡的另一個大房間。後牆有一條通道，但從下面走不上去。
The grate is made of metal and seems to be fastened securely to the floor. It is too dark to see down through the grate. There is, however, an odd smell emanating from down there.	這座柵欄是金屬做的，看起來牢牢固定在地板上。裡面太暗，透過柵欄看不到下方，不過下面飄上來一股怪味。
There is a geyser cone here. The geyser is currently plugged-up with a rock.	這裡有一座間歇泉噴口，目前被一顆石頭堵住了。
There is a geyser cone here. It is rhythmically spewing hot steam.	這裡有一座間歇泉噴口，正有節奏地噴出熱蒸汽。
There is a door here.	這裡有一扇門。
There is not a door here.	這裡沒有門。
The rock would serve no purpose on the grate.	把石頭放在柵欄上沒有任何用處。
There are some slimey green tentacles poking through the grate.	有幾條黏糊糊的綠色觸鬚從柵欄縫隙裡伸出來。
Try as you might, the darn door won't open for you.	你再怎麼用力，這扇該死的門就是不肯開。
You can't do that here.	你在這裡辦不到。
You knock but, surprisingly, no one answers!	你敲了敲門，卻出乎意料地沒人應門！
Anything for a thrill, eh? That's a pretty darn interesting idea, but not the correct one.	什麼都想試試看，是吧？這點子是挺有意思的，可惜不是正確答案。
You lean over to drink from the tempting pool of liquid. As your lips touch the fluid you feel a pain which could be likened to kissing a lit rocket nozzle. Now you know what they mean when they say "Don't drink the water."	你彎下腰，想喝那看起來很誘人的池水。嘴唇一碰到液體，那股痛感就像親吻正在點火的火箭噴嘴。現在你終於懂了，人家說「別喝那個水」是什麼意思。
That can't be done now.	現在辦不到這件事。
That act cannot be performed from here.	這個動作在這裡做不到。
You gaze intently at the purplish pool of liquid, the first real sign of moisture on the planet. The pool seems to have no bottom. The gentle dripping has a soothing effect on your frazzled nerves.	你凝視著這灘紫色的池水，這是這顆星球上第一個真正的濕氣跡象。這池水似乎深不見底，輕柔的滴水聲讓你緊繃的神經稍微舒緩下來。
From tiny cracks in the ceiling several small drops succumb to the influence of gravity.	天花板上的細小裂縫不斷滴下幾滴水珠，任憑重力擺佈。
This is a slightly smaller chamber in the underground complex. There is a path above, which is not accessible from here. There is a pool on the right side.	這是地底建築群裡一個稍小的房間。上方有一條通道，但從這裡走不上去。右側有一灘水池。
You have nothing that could successfully contain the liquid.	你身上沒有任何能裝下這液體的東西。
This is a upper pathway in a slightly smaller chamber in the underground complex. There is a level area below which is not accessible from here. There is a pool on the lower right side.	這是地底建築群裡一個稍小房間的上層通道。下方有一塊平地，但從這裡走不下去。右下方有一灘水池。
You are unpleasantly surprised by a drop of searing acid which bores its way to your feet.	一滴滾燙的酸液毫無預警地燒穿到你的腳，讓你嚇了一大跳。
That's right. You have no head. That darn pool must be filled with acid. You obviously can't go on living that way.	沒錯，你已經沒有頭了。這灘該死的水池裡裝的一定是酸液，你這樣顯然是活不下去了。
You could see it better if you were closer.	靠近一點你會看得更清楚。
You don't have the glass.	你身上沒有那塊玻璃。
You have quite cleverly turned the beam upon itself, frying it into inoperability.	你很聰明地把光束反射回它自己身上，把它燒到報銷了。
The beams seem to form some sort of electronic barrier across the path.	這些光束似乎在通道上組成了某種電子屏障。
There are no beams to look at.	這裡沒有光束可以看。
There are two metal units here which appear to be emitting beams of energy.	這裡有兩台金屬裝置，看起來正發射著能量光束。
There are two metal units here which are no longer emitting beams of energy.	這裡有兩台金屬裝置，已經不再發射能量光束了。
You are in a large room in the cavern. There is a level area below. Standing toward the bottom are two odd-looking units emitting beams of light.	你在洞穴裡的一個大房間。下方有一塊平地，靠近底部立著兩台造型怪異的裝置，正發射著光束。
You are in a large room in the cavern. There is a level area below. Standing toward the bottom are two odd-looking units.	你在洞穴裡的一個大房間。下方有一塊平地，靠近底部立著兩台造型怪異的裝置。
You are in a large room in the cavern. There is a pathway above. At the south end of the room are two odd-looking units emitting beams of light.	你在洞穴裡的一個大房間。上方有一條通道，房間南端立著兩台造型怪異的裝置，正發射著光束。
You are in a large room in the cavern. There is a pathway above. At the south end of the room are two odd-looking units.	你在洞穴裡的一個大房間。上方有一條通道，房間南端立著兩台造型怪異的裝置。
"So, you have found your way to my hallowed chamber."	「原來如此，你找到路來到我這神聖的殿堂了。」
"I have been monitoring your travels on our planet. It appears that you are up the proverbial estuary without a means of locomotion."	「我一直在監看你在我們星球上的行蹤。看樣子你是叫天不應叫地不靈，沒有代步工具可用啊。」
"You are obviously in need of transportation."	「你顯然需要一台代步工具。」
"Let us see if you are worthy of our assistance."	「讓我們瞧瞧，你配不配得到我們的幫忙。」
"On the surface lives a beast called Orat.  He proves to be a bit of an annoyance on occasion.  Dispose of him and bring back evidence of your conquest.  Only then will I deal with your plight.  Good luck, strange one."	「地表上住著一頭叫做歐拉特的怪獸，牠三不五時就給人添點麻煩。去把牠解決掉，再帶著你戰勝的證據回來。到時候我才會理你的死活。祝你好運了，怪傢伙。」
"So, you have returned.  Fortunately, there is much more to you than meets the eye."	「原來你回來了。幸好，你這個人不是表面看起來那麼簡單。」
"Drop before me your proof of Orat's defeat for my inspection."	「把你打敗歐拉特的證明放到我面前，讓我過目。」
As soon as you enter the room you find yourself surrounded by darkness. Suddenly, you become aware of the fact that you cannot move or speak. A strange, unknown force has taken over.	你一走進房間，四周瞬間陷入黑暗。突然間你發現自己不能動也不能說話，一股陌生的神秘力量掌控了一切。
"Z jo jb!  lvoo sd fj?"	「Z jo jb! lvoo sd fj?」
"Jow wfiemss ekk wkkedkl ll ewlwl lqqfr fo slljnccv kwetsdlk?"	「Jow wfiemss ekk wkkedkl ll ewlwl lqqfr fo slljnccv kwetsdlk?」
"Owr rjn maj jwwj?  Pprdf rph pttqpt?"	「Owr rjn maj jwwj? Pprdf rph pttqpt?」
"wpfi, iw?  Der op oio fr tnm dcv ermiyn lk mnb weevxmqyhj."	wpfi, iw?  Der op oio fr tnm dcv ermiyn lk mnb weevxmqyhj.
"bn hos eunafle lsivr s nvfjr cpjssnb Mcvc.  Mt pskrsh rn fv b hmn hr an fbruasbvr pl uffauone.  Meyudej jk bzr bel ngisj nfdf sifhrbns kb jdgw kshghwkt.  Bjhd nfao ejff ie foajgss ngjy pwkgsf.  Bkkh irsj, dtjpddf kmn."	bn hos eunafle lsivr s nvfjr cpjssnb Mcvc.  Mt pskrsh rn fv b hmn hr an fbruasbvr pl uffauone.  Meyudej jk bzr bel ngisj nfdf sifhrbns kb jdgw kshghwkt.  Bjhd nfao ejff ie foajgss ngjy pwkgsf.  Bkkh irsj, dtjpddf kmn.
You drop the Orat part to the ground.  The vision is silent.  You are startled by a rumbling and suddenly an oddly shaped door comes into view. It opens slowly.	你把那塊歐拉特殘骸丟到地上。幻影一片寂靜。一陣轟隆巨響嚇了你一跳，一扇造型奇特的門緩緩浮現，慢慢打開。
You hear a voice, different this time, beckoning you to step forward.	你聽到一個聲音，這次不一樣了，招手要你往前走。
It's not yours any longer.	這已經不是你的東西了。
You explain to the rather imposing figure that you are stranded and in need of help.	你向那位相當有威嚴的身影解釋，說自己流落至此，需要幫助。
With that you find yourself being transported back to the surface.	話一說完，你發現自己被傳送回了地表。
"Asde basdae mc werj pjlpph mn lsdse bbdow rec bvksdipabb."	Asde basdae mc werj pjlpph mn lsdse bbdow rec bvksdipabb.
"Dr, hgi hnhht hjutn.  Kdfdrnlo ghfhr bb rhytt thrt ii mys aawr vcvvf xxc cdd."	「Dr, hgi hnhht hjutn. Kdfdrnlo ghfhr bb rhytt thrt ii mys aawr vcvvf xxc cdd.」
It's pretty darn dark in here.	這裡暗得要命。
Before you is a huge head. It appears to be a projection of some sort. It's source is unknown.	你面前是一顆巨大的頭顱，看起來像是某種投影，來源不明。
Your words go unnoticed.	你說的話沒人理。
"So, you have found your way to my hallowed chamber. Fortunately there is much more to you than meets the eye."	「哈，你找到了通往我這神聖密室的路。算你走運，你這傢伙深藏不露。」
"Bring to me evidence of the beast Orat's demise and we'll talk."	「把歐拉特斃命的證據帶來給我，我們再來談。」
"It has come to my attention that you have met Orat. If you have proof of Orat's demise, drop it for my inspection.	「我已經知道你遇見了歐拉特。如果你有歐拉特死亡的證明，就放下來讓我過目。
A massive holographic image appears before you. You sense that you are the only life form in the area.	一個巨大的全息影像出現在你面前。你感覺到，這附近只有你一個生命體存在。
Again, the massive holographic image appears before you.	那尊巨大的全像影像，再度出現在你面前。
Because of your inability to understand the alien's language, he has sent you back to the surface.	因為你聽不懂外星人講的話，他把你送回地面上了。
You can't do that right now.	你現在辦不到這件事。
Glass now in possession	已取得玻璃
You can't see that here	你在這裡看不到那個
The pod seems to be semi-destroyed.  A glimmering catches your eye.  Upon closer inspection you see that a piece of highly reflective glass has broken out of the pod window.	逃生艙看起來半毀了。一道閃光吸引了你的目光，你湊近一看，發現逃生艙的窗戶碎了一片高反射玻璃出來。
The pod seems to be semi-destroyed.	逃生艙看起來半毀了。
You are not close enough to see it well.	你離得不夠近，看不清楚。
Hold your breath!	先憋一口氣！
It's quite sandy down there. You see that a piece of highly reflective glass has broken out of the pod window.	下面滿是沙子。你看到逃生艙的窗戶碎了一片高反射玻璃出來。
You seem to be located in an incredibly remote area. There is a thrashed escape pod here.	你似乎待在一個荒涼到不行的地方，這裡有一艘殘破的逃生艙。
That would be done best from inside.	這件事從裡面做最好。
That's an interesting form of entertainment.	這種娛樂方式還真特別。
The window was shattered by the impact of landing.	窗戶在降落撞擊時碎掉了。
You see only darkness through the shattered window.	透過破掉的窗戶，你只看得到一片漆黑。
The pod is definitely destroyed beyond repair. You can't help it.	這艘逃生艙已經徹底報銷，沒救了，你也無能為力。
Please, don't be alarmed. We intend no harm. We are a peaceful race. We are cautious, however. Others don't share our way of life. Welcome to Kerona.	別緊張，我們沒有惡意。我們是愛好和平的種族，只是比較謹慎，因為不是每個人都跟我們一樣過活。歡迎來到柯羅娜星。
You are standing in the power generation facility of our underground settlement. All power here is produced by steam. That is unimportant to you, however. We have promised you transportation.	你現在站在我們地底聚落的發電設施裡，這裡所有的電力都靠蒸汽產生。不過這對你來說不重要，我們答應過會送你一程。
It is a Skimmer. It hovers approximately 1/2 meter above the traveling surface. This is very important because of Grell.	這是一台沙漠飛車，會懸浮在行進路面上方約半公尺處。這一點非常重要，因為格瑞爾的關係。
Grell and his like dwell in caves below the sand. If you stand on the surface too long you chance becoming a rare moist meal for him.	格瑞爾和牠的同類就住在沙子底下的洞穴裡。你要是在地面上待太久，就有可能變成牠難得一見的鮮嫩大餐。
The skimmer is programmed to take you to a settlement on the other side of Kerona called Ulence Flats. You can make further travel arrangements there.	這台沙漠飛車已經設定好，會載你到柯羅娜星另一側一個叫尤倫斯荒原的聚落。你可以在那裡安排後續的行程。
I am sorry this is all we can offer. I hope your trip is a safe one. Board the skimmer when you are ready to depart. Good luck, strange one.	很抱歉，我們能提供的就只有這些了。祝你一路平安，準備好了就上沙漠飛車出發吧。祝你好運，陌生的旅人。
You don't have one.	你身上沒有這個東西。
  Whosoever shall read this:  My name	        看到這封信的人：我的名字
 is Dr. Slash Vohaul. I am a scientist	 是史萊許·沃霍爾博士，我是一名科學家，
 with The Star Generator Project aboard	      任職於『星辰產生器計畫』，隨
         the Starlab Arcada.	      阿寇達號科學實驗船出勤。
  We have just successfully completed	            我們才剛成功完成
  development and testing of The Star	            『星辰產生器』的
  Generator. During this time I have	       研發與測試。這段期間，我
 come to believe that our progress has	          開始相信，我們的進度
 been monitored by others. I fear that	        一直被人監視著。我擔心
  the Sariens may have learned of our	      沙利安人可能已經得知我們的
               mission.	                任務。
   If my fears prove true, The Star	      如果我的擔憂成真，這座星辰
   Generator and the people of our	          產生器與我們的宇宙
  universe are in serious jeopardy.	      全體人民正陷入嚴重危機。
  The Star Generator is a miraculous	       星辰產生器是一項奇蹟般的
device. Used as intended, it will help	裝置。若依正常方式使用，將能
 preserve life for eons to come.  Used	        保存生命萬古長存。  但若
 as a device for evil, it would cause	       被用於邪惡目的，則會導致
 the destruction of millions of lives	         數百萬條生命的毀滅，
      and enslave all who oppose	            並奴役所有反抗
             the Sariens.	            沙利安人的人。
 Encoded within this cartridge are all	          本卡匣內記錄了建造
   plans and specifications for the	             星辰產生器的
  construction of the Star Generator.	            完整計畫與規格。
  Should any disaster befall the Star	          萬一星辰產生器計畫
  Generator project, scientists would	          遭逢任何意外，科學家
  be able to create a duplicate of the	             仍可憑這份資料
 Star Generator with this information.	        複製出一台星辰產生器。
   Please guard this with your life.	          請務必拚死守護此物。
 Return it to the Xenon ruling body as	          儘速將它送回氙星的
        quickly as is possible.	              統治機構。
  Important note: The Star Generator	         重要提示：星辰產生器
   is capable of self-destruction.	          具備自我摧毀能力。
 This was introduced to the system as a	            這是作為預防措施
     precaution. To activate it one	           加入系統的。啟動它
          must enter the code:	             必須輸入密碼：
    A five minute timer will begin	           屆時將開始五分鐘
 to count down. Beware - anyone within	            倒數計時。注意——
 five kilometers of the Star Generator	        星辰產生器方圓五公里內
 will be in danger once the timer has	       的任何人，一旦計時器啟動
been initiated.  Please be careful and	都會陷入危險。  請小心行事，
              good luck!	              祝你好運！
The cartridge snaps neatly into the slot and the screen comes alive.	資料匣喀地一聲穩穩卡進插槽，螢幕跟著亮了起來。
You wisely retrieve the cartridge from its slot.	你很明智地把卡匣從插槽裡取回來了。
There is nothing there.	那裡什麼都沒有。
You turn the key and suddenly the jet turbines begin to whir. The skimmer begins to shake beneath you, as its platform slowly moves into the launch tube. You can't help but wonder what you've gotten yourself into this time.	你轉動鑰匙，噴射渦輪突然發出嗡嗡聲響。沙漠飛車在你身下開始震動，載台緩緩滑進發射管。你忍不住懷疑，這次自己又惹上什麼麻煩了。
You must board the skimmmer before the key can be turned.	你得先上飛車才能轉動鑰匙。
The key is not in the keyhole.	鑰匙不在鑰匙孔裡。
That thing is not here.	那東西不在這裡。
This place is most interesting, indeed. A mixture of both old and new technologies. On one side of the chamber is a primitive steam generator. Its pistons, pounding rhythmically, turn steam into useful energy. On the other side is what appears to be a computer console.	這地方還真是有意思，新舊科技混在一起。艙房一側是一台原始的蒸汽發電機，活塞有節奏地搥打著，把蒸汽轉換成可用的能源；另一側則是一組看起來像電腦主控台的東西。
There seems to be some steam escaping with each up stroke of the pistons.	活塞每次上衝，似乎都會漏出一些蒸汽。
Catwalks have been built around the units to facilitate maintenance by the unique-looking Keronian workers. A few of them pop out occasionally to make critical adjustments.	機組周圍搭了維修走道，方便長相奇特的柯羅娜工人進行維護。偶爾會有幾個工人冒出來做些關鍵調整。
The door you entered through is shut and apparently is controlled from another location.	你進來的那扇門已經關上，顯然是由別處遙控的。
The console consists of a monitor and a cartridge slot. There are also some read-outs which indicate the status of some of the mechanisms in here.	主控台上有一個螢幕與一個卡匣插槽，另外還有幾組顯示器，標示著這裡部分機件的運作狀態。
As described, it is a sand skimmer and it looks like it has skimmed quite a bit of sand in its time. On it is a panel which has a small readout, currently dark, and a keyhole with a key in it.	正如其名，這是一台沙漠飛車，看起來已經在沙地上飛馳過不少歲月了。上面有個面板，裝了一個小螢幕（目前是暗的），還有一個插著鑰匙的鑰匙孔。
These people of Kerona are an odd-looking lot. You can't pin it down but you are sure something is different about them.	這些柯羅娜星的居民長得挺古怪。你說不上哪裡不對勁，但你很確定他們有些地方跟一般人不一樣。
You remove the key from the skimmer.	你把鑰匙從飛車上拔了下來。
The walls are flat and featureless except for the back wall, which is partially covered by a console.	牆壁平坦而單調，只有後牆有一部分被主控台擋住。
You are already aboard.	你已經在上面了。
That is not possible at this time.	現在辦不到。
The being does not respond. He speaks only when it is his will to do so.	這個生物沒有反應，牠只在自己想開口時才會說話。
The beings are busy working and have no time to chat.	這些生物正忙著工作，沒空跟你閒聊。
As described, it is a sand skimmer and it looks like it has skimmed quite a bit of sand in its time. On it is a panel which has a small readout, currently dark, and an empty keyhole in it.	正如描述的那樣，這是一台沙漠飛車，看起來已經在沙地上跑過不少路了。上面有一個面板，裝著一個目前暗著的小顯示器，還有一個空著的鑰匙孔。
The panel has an ignition switch. There is a key in it.	面板上有個點火開關，裡面插著鑰匙。
The panel has an ignition switch. There is no key in it.	面板上有個點火開關，裡面沒有鑰匙。
A few of the Keronians above you carry out their various tasks.	你上方有幾個柯羅娜人正在做各自的工作。
You notice that the slot is just about the size of a data cartridge.	你注意到這個插槽的大小差不多剛好能放進一個資料匣。
You notice that the slot is just about the size of a data cartridge. In fact, there is one in there now.	你注意到這個插槽的大小差不多剛好能放進一個資料匣。事實上，現在裡面就插著一個。
The ignition switch has a hole for a key which is currently filled.	點火開關上有個鑰匙孔，目前插著鑰匙。
The ignition switch has a hole for a key which is currently empty.	點火開關上有個鑰匙孔，目前是空的。
Damage Report: Minor	損害報告：輕微
Damage Report: Moderate	損害報告：中等
Damage Report: Serious!	損害報告：嚴重！
Warning: Damage Situation Critical!	警告：損害狀況危急！
THUMP!!	砰！！
Had you eaten a few less donuts during the mission, you might have cleared that rock, %s1.	要是你這趟任務少吃幾個甜甜圈，%s1，說不定就閃得過那塊石頭了。
The settlement the alien spoke of appears on the horizon.	那個外星人提過的聚落出現在地平線上。
Whew! That was pretty intense. You've managed to successfully navigate through the treacherous boulder field, and are quite relieved to see that you've reached the settlement.	呼！剛剛那段真的挺刺激的。你總算成功穿過那片險惡的巨石區，看到自己終於抵達聚落，鬆了好大一口氣。
"Howdy, Bucko! Can I interest you in one of the finest little used space ships in the galaxy? You look like a man of discerning taste."	「嗨啊，小夥子！要不要考慮一下本銀河系數一數二的優質二手太空船？看你這副樣子，就知道是個懂貨的人。」
"Well, this is quite a unique little unit. Never been flown over Mach 3. It was owned by a little old lady from Glansadrom. You have to fly it to believe it. And she can be yours for only 99 buckazoids."	「哦，這台可是獨一無二的寶貝，從沒飛超過三馬赫，前任車主是格蘭沙德倫來的一位老太太，開過一次你就會信。只要 99 枚太空幣，這台就是你的了。」
"Don't let appearances fool ya. This baby may be a relic, I mean, a classic, but she's as dependable as the day we got her. And just think, you'll be the only one in the quadrant with one. I guarantee it!"	「別被外表騙了。這寶貝雖然有點年紀，我是說，算是經典款啦，但她可靠得跟我們剛拿到她那天一模一樣。你想想看，整個星區就你有這一台，我掛保證！」
"So whaddaya think? Is she a diamond in the rough, or what? And only 129 buckazoids."	「怎麼樣，覺得如何？這根本是一塊璞玉吧？只要 129 枚太空幣。」
"So how 'bout it partner? Can I interest you in anything here? Can we do business, or what? I'm at your service. Talk to me, chief."	「那怎麼樣，夥伴？這裡有什麼合你胃口的嗎？我們談得成生意嗎？我隨時奉陪，有話直說吧，老大。」
She's a beaut, isn't she? This little baby can do a spin around the planet in just under an hour. Look at the lines in that body work. They just don't make 'em like this any more, ya' know what I mean?  And she's a real bargain at 185 buckazoids.	她很漂亮吧？這小妞繞行星一圈不用一個鐘頭。你看看那車身線條，現在已經沒人做得出這種貨色了，你懂我意思吧？才185枚太空幣，真的划算。
Of course, minus your 70 buckazoid credit that would come to 115 buckazoids.	當然啦，扣掉你 70 枚太空幣的抵扣額，這樣算下來是 115 枚太空幣。
You shell out the buckazoids and hop in. Anxiously, you fire it up and lift off.	你掏出太空幣付了錢，跳上飛船。你緊張地發動引擎，升空而去。
You are standing near one of Tiny's used spacecraft. Upon close inspection they appear to have quite a few kilometers on them.	你站在小不點的一台二手太空船旁邊。仔細一看，這些船顯然都跑過不少里程了。
You are on Tiny's Used Spacecraft lot. There are only a few ships to choose from. Impossible to miss is the incredibly talkative, not to mention rotund, owner, Tiny. He is most certainly an unusual looking being.	你正站在小不點的二手太空船場。這裡能挑的船不多，但絕對不會漏看的是老闆小不點——超級愛講話，體型又渾圓。他絕對是個長相奇特的生物。
"So what are ya trying to pull? If you don't have the cash you can hit the road. Go on, get out of here. You're wasting my time!"	「你在耍什麼把戲啊？沒現金就滾一邊去。走啦，快點滾，別浪費我的時間！」
"I tell ya, I think you've made a wise decision. She's a beauty. The keys are in her. If you have any problems don't hesitate to come back and tell us about 'em."	「老實跟你說，我覺得你這個決定很明智。她漂亮得很，鑰匙就插在裡面。有什麼問題儘管回來跟我們說一聲。」
"It's been a heckuva pleasure doin' business with you. Oh, by the way, you're gonna need a droid to help you fly that thing. Well, good luck. Come again."	「跟你做生意真是一大樂事。對了，你會需要一台機器人才能幫你開那玩意兒。祝你好運，歡迎再來。」
There is nothing here to buy.	這裡沒有可以買的東西。
"We have a motto. You don't mess with it - You don't die!"	「我們有句座右銘：別亂搞，就不會死！」
Off you go into the purple yonder.	你就這樣飛向那片紫色的遠方去了。
"It's been a heckuva pleasure doin' business with you. Well, good luck. Come again!"	「跟你做生意真是一大樂事啊。祝你好運，歡迎再來！」
"Well, geez, guy! It seems it's developed some minor malfunction since we acquired it. We did have a small micro-meteroid shower the other day. Maybe that was it! Yeah, that was probably it."	「哎呀，天啊，老兄！看來我們收進來以後它出了點小毛病。前幾天是有一場小型微隕石雨啦，說不定就是那個搞的！對，八成就是那樣。」
"Much as I'd like to I can't refund your money. Company policy. It's out of my hands. However, I can give you seventy buckazoids credit on any other ship in our fine line of used spacecraft. Look around, see what you like."	「我也很想退錢給你，但公司規定不行，這不是我能作主的事。不過呢，我可以給你 70 枚太空幣的折抵額，換購我們這批優質二手太空船的任何一台。你四處看看，挑個喜歡的吧。」
You proudly climb into your new used spacecraft. There is definitely something unique about it.	你得意洋洋地爬進你那艘全新的二手太空船，這艘船確實有種說不出的獨特之處。
You turn the key excitedly.	你興奮地轉動鑰匙。
What can be said that isn't seen? Tiny is a large, red skin-covered beast with the personality of a true salesman. Not a prime combination of traits.	有什麼是看不出來的呢？小不點是隻皮膚紅通通的龐然大物，個性根本是天生的業務員。這種組合，實在稱不上討喜。
There is a sign here which indicates that this is Tiny's Used Space Ship Lot.	這裡有塊招牌，寫著這是「小不點的二手太空船賣場」。
There is a small, sturdy office here which unauthorized personnel are not allowed in. It must be a brick ship house.	這裡有一間堅固的小辦公室，未經授權不得進入，看起來是這片船場的門面。
You don't own it.	那不是你的。
You're not close enough.	你離得不夠近。
There are some decorative banners which would seem to indicate that making a purchase at Tiny's can be a festive occasion.	這裡掛著一些裝飾用的旗幟，看起來在暗示，在小不點這裡買東西可以是件喜氣洋洋的事。
You are standing against the protective barrier encircling Ulence Flats. Due to the fact that you are land-based you are not able to pass.	你正靠在圍繞尤倫斯荒原的防護屏障上。由於你是徒步行動，沒辦法通過。
There is a hole here. I'm sure you recall its origin. At the bottom is the fine craft you rode to glory in. There is no reason to explore the hole any further.	這裡有個坑洞，你應該記得它是怎麼來的。坑底躺著那艘帶你風光落地的座駕。沒必要再往這坑裡深究了。
Darn the luck, %s1. You've crashed in the dunes and ended your life. The various inhabitants of the Keronian desert are now feasting on what remains of you. Guess that wasn't such a hot purchase.	運氣真背啊，%s1。你墜毀在沙丘裡，一命嗚呼。柯羅娜沙漠裡的各路居民，現在正在你的殘骸上飽餐一頓。看來那台船買得不怎麼樣。
Tiny's not a great conversationalist. He just wants to sell, sell, sell.	小不點不太會聊天，滿腦子只想著賣、賣、賣。
"Sorry, you can only fly it when you buy it. Oh, by the way, there are no refunds either. Company Policy."	「抱歉，買了才能開。喔對了，也不接受退費，公司規定。」
Stay out of the hole!	別靠近那個洞！
You can own only one ship at a time, town ordinance.	鎮上的規定是一次只能擁有一艘船。
Please remain seated and keep hands inside while the vehicle is moving.	車輛行進時請坐好，並將手留在車內。
You already have it!	你已經拿到了！
You aren't close enough.	你離得不夠近。
Welcome to Ulence Flats	歡迎來到尤倫斯荒原
Taken	已拿走
"Say, this is a genuine Falton sand skimmer. I've been looking for one just like it. I wonder if you would accept %v35 buckazoids?"	「嘿，這是一台正牌的法爾頓沙漠飛車，我一直在找這種款式。不曉得你願不願意收 %v35 枚太空幣？」
"Ok. This is my final offer and I'm only doin' it because you look like you need it pretty bad. I'll give you %v35 buckazoids and I'll throw in this swell jetpack. I only used it once. Works great in zero gravity. You'll love it. Is it a deal? Yes or no?"	「好吧，這是我最後的價碼了，會這麼開也是因為看你真的挺需要用錢。我給你 %v35 枚太空幣，外加這個超讚的噴射背包。我只用過一次，在零重力下超好用，你一定會愛上它。成交嗎？要還是不要？」
"Fine. Be that way."	「好啊，隨便你。」
You're not on one, %s1.	你根本不在上面，%s1。
"Glad we could do business. I'll just take that key. Thank you kindly. Hope your stay in Ulence Flats is an interesting one."	「很高興能跟你做成生意。鑰匙就給我吧，謝啦。祝你在尤倫斯荒原玩得愉快。」
"Glad we could do business. Hope your stay in Ulence Flats is an interesting one."	「很高興能跟你做成生意。祝你在尤倫斯荒原玩得愉快。」
After a truly stone-crushing journey, you have miraculously arrived safely in Ulence Flats. And, just in time too, because the skimmer's power cell has been drained. It will take some time to recharge itself. This place isn't quite what you had expected. It is semi-bleak at best. 	經過一段顛得你骨頭快散的旅程，你奇蹟似地平安抵達尤倫斯荒原。而且來得正是時候，因為飛車的電池已經耗盡了，得花點時間才能自行充電。這地方跟你想像的不太一樣，說好聽點也只是半荒涼而已。 
"I really want a skimmer like this. Here's my offer and I'm only doin' it because you look like you need it pretty bad. I'll give you %v35 buckazoids and I'll throw in this swell jetpack. I've only used it once. Works great in zero gravity. Is it a deal or what? Yes or no?"	「我真的很想要這種款式的飛車。這是我的價碼，會這麼開也是因為看你真的挺需要用錢。我給你 %v35 枚太空幣，外加這個超讚的噴射背包，我只用過一次，在零重力下超好用。成交還是不成交？要還是不要？」
You are at the south edge of Ulence Flats. The area is protected from predators by an electronic barrier which runs around the perimeter of the settlement.	你站在尤倫斯荒原的南側邊緣。這一帶靠一道環繞聚落四周的電子屏障，防止掠食者入侵。
"Say there, pal. It's come to my attention that you're in the market for some transportation."	「嘿，朋友。我聽說你正在找代步工具啊。」
"I may be able to help. If you'll follow me, I'd like to show you a fine little piece of machinery that'll knock your eyes out."	「說不定我能幫上忙。跟我來，我帶你看一台會讓你嚇到說不出話的好機器。」
The sand skimmer is a one-passenger mode of transportation and it looks like it has skimmed quite a bit of sand in its time. On it is a panel which has a small readout, currently dark, and a keyhole with a key in it.	這台沙漠飛車是單人座的交通工具，看起來已經在沙地上跑過不少路了。上面有一個面板，裝著一個目前暗著的小顯示器，還有一個插著鑰匙的鑰匙孔。
There is a small rounded structure here with a door on one side. It is typical of some of the prefab structures used in frontier areas years ago.	這裡有一棟小小的圓形建築，一側開著門，是當年邊境地區常見的那種組合式建築。
Compared to some of the beings you've seen lately, this one looks fairly normal except for the fact that he seems to have a cylinder for a head.	跟你最近見過的一些生物比起來，這位算是相當正常了，只不過牠的頭似乎是個圓柱體。
The man is not interested in idle conversation. He's only interested in the skimmer.	這個人沒興趣閒聊，他只在乎那台沙漠飛車。
You have no way or reason to kill this being.	你沒有辦法、也沒有理由殺掉這個生物。
This being is about the size of a humanoid but has some odd features. He seems to have a friendly-looking mug.	這傢伙體型跟人形生物差不多，但長得有點怪。他那張臉看起來還算和善。
You are standing against the protective barrier encircling Ulence Flats. Due to the fact that you are land-based, you are not able to pass.	你正靠在圍繞尤倫斯荒原的防護屏障上。由於你是徒步行動，沒辦法通過。
He wants you to follow him.	他要你跟著他走。
The fresh air helps you snap out of the stupor which that foul brew was responsible for.	新鮮空氣讓你從那杯難喝飲料造成的恍惚中清醒過來。
Ulence Flats is a typical example of some of the frontier settlements that sprang up in the early days of the Outer Zone exploration several years ago. Unfortunately, this attracted many unsavory individuals looking to make a quick buckazoid. Caution is advised.	尤倫斯荒原是幾年前外域探勘初期冒出來的典型邊境聚落之一。可惜的是，這也引來不少想撈快錢的不三不四人物，建議小心行事。
Turning the key does no good since the skimmer was programmed to get here and go no further.	轉動鑰匙也沒用，這台飛車被設定成只能開到這裡，沒辦法再往前了。
There are couple of other craft here which might belong to the beings inside this building.	這裡還有幾台其他的飛行器，可能是這棟建築裡那些生物的。
The sand skimmer is a one-passenger mode of transportation and it looks like it has skimmed quite a bit of sand in its time. On it is a panel which has a small readout, currently dark, and a keyhole without a key in it.	這台沙漠飛車是單人座的交通工具，看起來已經在沙地上跑過不少路了。上面有一個面板，裝著一個目前暗著的小顯示器，還有一個沒插鑰匙的鑰匙孔。
He can't hear you from there. You'll have to get closer.	他從那裡聽不到你講話啦，你得靠近一點。
"Hey! I'll trade you a jetpack for that sand skimmer. What do you think? Yes or No?"	「嘿！用一個噴射背包跟你換那台沙漠飛車，如何？要還是不要？」
That will do you no good. The power cell is drained. It may take some time to recharge.	那樣沒用。電池已經沒電了，可能要等一陣子才能充飽。
The key is not in its hole.	鑰匙沒插在孔裡。
You are not in a position to do that.	你現在的位置做不了這件事。
You watch as the skimmer is driven away by its new owner.	你看著新主人把沙漠飛車開走了。
My, my. It would appear that your skimmer has become the property of another. I wonder who forgot to remove the key?	哎呀哎呀，看來你的沙漠飛車已經變成別人的財產了。真不知道是誰忘了把鑰匙拔起來呢？
It's not yours anymore. Leave it alone.	那已經不是你的了，別亂碰。
Wise up, %s1! You're already on it.	醒醒吧，%s1！你已經在上面了。
The ships are locked.	這些飛船都鎖住了。
"Hey! I'll gladly take that crusty old skimmer off your hands. What do you think? Yes or No?"	「嘿！你那台破舊的沙漠飛車，我很樂意幫你處理掉。如何？要還是不要？」
The guy (or whatever it is) is busy leaving.	那傢伙（或不管它是什麼東西）正忙著離開。
The skimmer is attempting to leave. Get out of the way, you geek!	沙漠飛車要開走了，讓開啦，你這呆子！
Do not remove the key while the skimmer is in motion.	沙漠飛車還在動的時候別把鑰匙拔掉。
"%v124 buckazoids? I guess it's better than nothing. Here, keep five for yourself. I gotta admit you look like you need it. Well, gotta run. Later, pal."	「%v124 太空幣？總比沒有好吧。來，留五枚給你自己，說真的你看起來滿需要的。好啦，我得閃了，回頭見，老兄。」
Your newly acquired droid seems to have self-destructed. Hope it's under warranty.	你新買的機器人好像自爆了，希望它還在保固期內。
This is the back of the bar at the southeast end of Ulence Flats.	這裡是尤倫斯荒原東南端酒吧的後面。
There is some writing on it.	上面寫著一些字。
It appears to be in Sarien. You're a little rusty in your Sarien but it appears to say "Xenon Bites!"	看起來是沙利安文。你的沙利安語有點生疏，但大概看得出寫的是「氙星遜斃了！」
You're not close enough to see that clearly.	你離得不夠近，看不清楚。
There is a strange pile of very fine white powder here. It's origin puzzles you. It has a strange burnt smell to it.	這裡有一小堆奇怪的白色細粉，你猜不出它是哪來的，還帶著一股怪異的燒焦味。
I'm beginning to understand you a little better now. You snort some of the powder and feel a pain like that of a thousand krebble mites feasting on your nasal membranes.	你現在稍微懂它一點了。你吸了一點粉末，鼻腔立刻痛得像是有上千隻克瑞柏蟲在裡面開派對。
The extremely fine dust seeps between your fingers. There is no need for it anyway. Especially considering its origin.	這超細的粉末從你的指縫間流掉了。反正你也用不上，何況想到它的來源，還是算了吧。
You'd better not move if you want to remain alive.	想活命的話，最好別亂動。
The droid, while looking small is quite heavy and not moveable by you.	這機器人看起來小小一隻，其實重得很，你搬不動。
He just wants your buckazoids but will take your life if he has to.	他只想要你的太空幣，但必要的話他會要你的命。
You now have a throbbing appendage.	你現在有個部位在陣陣抽痛。
"Hold it right there, pal! This is a stick-up! I'll just relieve you of your cash, thank you very much."	「站住別動，老兄！這是搶劫！你的錢，我就不客氣收下囉，謝啦。」
"%v124 buckazoids? I guess it's better than nothing. Here, keep five for yourself. I gotta admit you look like you need it."	「%v124 太空幣？總比沒有好吧。來，留五枚給你自己，說真的你看起來滿需要的。」
"Well, you've got to be leaving now. Go straight back the way you came in. Deviate from that path and you're Grell kibble!"	「好了，你該滾了。原路給我直直走回去，敢亂繞路，你就等著變格瑞爾的飼料吧！」
"I warned you, but, did you listen?"	「我警告過你了，你有聽嗎？」
The mugger impresses upon you that he was quite serious.	那個搶匪讓你清楚感受到，他是玩真的。
The droid is beyond repair. Now you know why it was on sale.	這機器人已經修不好了，現在你知道它為什麼會特價出清了吧。
"Well, there's a man with a good eye. This here is the keenest little scrambler in the hemisphere. Top of the line. Handles like a charm. Perfect for cruising the asteroid fields."	「唷，真有眼光啊。這台可是這半球裡數一數二犀利的飛船，頂級規格，操控起來順到不行，最適合在小行星帶裡巡航了。」
"And she's got all the thrust a guy could need. I tell ya, she's an outright steal at 214 buckazoids."	「她的推力更是應有盡有。老實跟你說，214枚太空幣根本是白撿的價錢。」
"With your 70 buckazoid credit that would come to. . .let's see. . .uhm. . 144 buckazoids."	「加上你的 70 太空幣抵用額度，那樣算下來……讓我看看……呃……是 144 太空幣。」
You need to be closer to the middle of the ladder to be able to climb it.	你得靠近梯子中間一點，才爬得上去。
You can't do that now.	你現在不能這麼做。
"So what are ya trying to pull? If you don't have the cash, you can hit the road. Go on, get out of here. You're wasting my time!"	「你到底想搞什麼把戲？沒錢就滾一邊去，走啦，別浪費我的時間！」
"I tell ya, I think you've made a wise decision. She's a beauty. The keys are in her. If you have any problems, don't hesitate to come back and tell us about 'em."	「跟你說啦，我覺得你這決定很明智。這艘船漂亮得很，鑰匙就在裡面。有什麼問題儘管回來找我們說。」
"We have a motto. You don't own it - You don't mess with it - You don't die!"	「我們有一句座右銘：不是你的——別亂碰——不然會沒命！」
It won't do you any good to be in the ship without a droid to operate it.	沒有機器人操作，你待在船裡也沒用。
You don't own the ship.	這艘船不是你的。
The droid is already loaded.	機器人已經裝載上去了。
You don't have a droid to load.	你沒有機器人可以裝載。
   "Hey! Wait a minute!    	      「嘿！等一下！
 Where do you think you're 	        你以為你要把
  goin' with my ship?!!"   	   我的船開去哪啊？！」
"What sector shall I head for, Sir?" asks the droid.	「長官，我該朝哪個星區前進？」機器人問道。
"Sector HH it is. I will proceed with course entry."	「就 HH 星區。我這就輸入航線。」
"Say what?"	「你說什麼？」
It's just an average, everyday ladder.	就是一把很普通、隨處可見的梯子。
Seated in the cruiser you notice there are no controls here, just a button marked "LOAD". Tiny must have been serious when he said you would need a droid to fly it.	坐進巡洋艦裡，你發現這裡根本沒有操縱裝置，只有一個標著「裝載」的按鈕。看來小不點說你需要機器人才能開這艘船，還真不是在唬你。
This is actually not a bad looking ship. It appears to be a Drallion model cruiser. They have a reputation for quickness and reliability. You are surprised that someone (or something) of Tiny's caliber would be carrying it.	這艘船其實長得不差，看起來是德拉利安型巡洋艦，以速度快、可靠出名。你很意外像小不點這種等級的角色居然會賣這款船。
"Sorry, you can only fly it when you buy it. And, oh by the way, there are no refunds either. Company Policy."	「抱歉，買下來才能開。喔對了，也不能退貨，公司規定。」
That act can not be performed currently.	現在做不了這件事。
That won't do any good until you're in the ship.	你還沒上船，這樣做沒有用。
Please supply coordinates.	請輸入座標。
Looking at the inside of the ship you notice there are no controls here, just a button marked "LOAD". Tiny must have been serious when he said you would need a droid to fly it.	看著船艙內部，你發現這裡根本沒有操縱裝置，只有一個標著「裝載」的按鈕。看來小不點說你需要機器人才能開這艘船，還真不是在唬你。
There is no salesman here.	這裡沒有業務員。
You can't board it because you don't own it.	這艘船不是你的，你不能上船。
This is actually not a bad looking ship. It appears to be a Drallion model cruiser. They have a reputation for quickness and reliability.	這艘船其實長得不差，看起來是德拉利安型巡洋艦，以速度快、可靠出名。
There is no droid in position to load.	沒有機器人在待命位置可以裝載。
You are at the north end of Ulence Flats. There is a building to the east.	你在尤倫斯荒原的北端，東邊有一棟建築物。
There are five buckazoids stuck in the sand behind the building.	建築物後面的沙子裡卡著五枚太空幣。
There is nothing here for you to get.	這裡沒有東西能拿。
It looks like your typical desert dwelling.	看起來就是典型的沙漠住所。
You leave a moist arch on the building's side.	你在建築物側邊留下一道濕漉漉的弧線。
You beam with pride having just written your name in the sand.	你得意洋洋，剛剛才在沙地上寫下自己的名字。
Drat! You could have done without that sudden gust of wind.	可惡！這陣風偏偏挑這時候吹，你根本用不著。
This is the exterior of Droids-B-Us. There is a door here.	這裡是「機器人量販店」的外面，這裡有一扇門。
The sign says "Droids-B-Us". That's it.	招牌上寫著『機器人量販店』，就這樣。
The droid waits outside for you.	機器人在外面等你。
"We have established visual contact with a ship of Sarien origin," says the droid. "The name Deltaur is confirmed. You might consider the fact that we are in danger by being anywhere near this ship. I hope you didn't waste money on the extended warranty when you purchased me."	「我們已經目視接觸到一艘沙利安人的船艦，」機器人說。「船名確認是代爾它號。你該考慮一下，我們待在這艘船附近有多危險。希望你買我的時候沒有多花錢加保延長保固。」
"I will slow our approach and stand off at a safe distance."	「我會放慢接近速度，在安全距離外停下。」
"Hang on, Sir! We are headed into an asteriod field."	「抓緊了，長官！我們正要進入小行星帶。」
That was mighty close!	剛剛真的是好險！
Please remain seated and keep your hands inside while the vehicle is moving.	本載具行進中，請坐好，雙手不要伸出去。
Darn, %s1. Upon exiting the ship, you find that you have no means of maneuvering and are subject to the whims of inertia and gravity. You quickly learn the true meaning of helplessness as death has its way with you.	該死，%s1。你一離開船艙才發現自己完全沒辦法操控方向，只能任憑慣性與重力擺布。你很快就體會到什麼叫做真正的無助——因為死神馬上找上你了。
Before you lies the Sarien battle cruiser, Deltaur. An imposingly massive ship. Now you understand why the Arcada was so easily overtaken. Your first instinct is to turn the ship around and head for home. But, then you realize that unless you do something to try to stop the Sariens, there will be no home.	你眼前是沙利安人的戰鬥巡洋艦，代爾它號，一艘氣勢驚人的龐然大物。你這下終於懂阿寇達號為什麼會這麼輕易就被攻陷了。你的第一反應是把船掉頭回家，但轉念一想，如果不做點什麼阻止沙利安人，恐怕就再也沒有家可回了。
Before leaving the safety of your ship, you instruct the little droid to set a course for Xenon, where you will rendezvous later. Providing, of course, that you are successful in carrying out your mission. Once again, you are on your own.	在離開船艙的安全庇護之前，你吩咐小機器人把航線設回氙星，之後你們會在那裡會合——當然，前提是你順利完成任務。你又只能靠自己了。
You are not close enough to perform that act.	你離得不夠近，做不了這個動作。
You grasp the large handle and twist, noting the rather significant amount of pain being registered. You are extremely grateful to hear a click.	你抓住那個大把手用力一轉，痛得不輕，你很慶幸聽到「喀」的一聲。
It is already turned.	已經轉過了。
You are floating in space just outside the biggest darn spaceship you've ever seen. You see a door. Perhaps it is a way in?	你正漂浮在太空中，就在你這輩子看過最誇張的一艘太空船外面。你看到一扇門，也許是個入口？
It appears to be a standard airlock.  There is a handle in the center.	看起來是標準氣密艙，中央有一個把手。
You can't see it from here!	從這裡看不到！
That's up to you!	這就看你了！
Are you crazy? You'd make a funny looking asteroid. Keep the jetpack on!	你瘋了嗎？你會變成一顆很滑稽的小行星喔。噴射背包別脫下來！
You see a room inside the spaceship which appears to be empty.	你看到太空船裡有一個房間，看起來是空的。
You can't see into the window from where you are.	你站的位置看不進窗戶裡面。
The inhabitants of this vessel don't appear to appreciate your desire to sight-see. You have been transformed into space dust.	這艘船上的住客顯然不欣賞你到處觀光的興致，你已經被轟成太空塵埃了。
My, aren't you the clumsy one. Because of your inability to walk without falling on your face, your helmet is now riding the elevator without you. You've blown your cover. The Sariens are sure to shoot first and ask questions later.	哎呀，你還真是笨手笨腳。你連好好走路都會跌個狗吃屎，結果頭盔自己搭電梯走了，留你在這裡。你的偽裝穿幫了，沙利安人肯定會先開槍再問問題。
Your are in one of the Deltaur's many corridors.  There is an elevator here.	你在代爾它號眾多走廊的其中一條，這裡有一部電梯。
You look at the wall and admire the Sarien architecture.  They may be scum, but they build a good spaceship.	你看著牆壁，欣賞沙利安人的建築工藝。他們雖然是人渣，但船倒是造得不錯。
You see nothing special about the elevator.	這部電梯沒什麼特別的。
It isn't here. If you wanted it, you should have held onto it!	它不在這裡。想要的話，你早該把它抓緊才對！
You are in a corridor aboard the Sarien ship.	你在沙利安人船艦上的一條走廊裡。
It's already in there.	已經在裡面了。
That has no effect.	這樣做沒有效果。
You already have one.	你已經有一個了。
The guard has nothing else of any interest.	這名守衛身上沒有其他值得注意的東西。
You seem to have found a remote control device of some sort. It has only one button, labeled "ON/OFF"	你好像找到了某種遙控裝置，上面只有一個按鈕，標著『開∕關』
Not now.	現在不行。
By pressing the button, you have deactivated the force field which surroundsthe generator.	按下按鈕後，你關閉了包圍著產生器的力場。
The force field which surrounds the Star Generator prevents you from getting any closer.	包圍著星辰產生器的力場擋住你，讓你沒辦法再靠近。
That can't be done while standing here.	站在這裡沒辦法做這件事。
The gas grenade has done its job. The guard is now unconscious. Well done, %s1.	瓦斯手榴彈成功了，守衛已經昏過去了。幹得好，%s1。
The force field has been shut down.	力場已經關閉了。
It is already on.	已經是開著的了。
You are on an elevated walkway inside an enormous chamber.  Peering over the railing, you see the stolen Star Generator.	你站在一座巨大艙室裡的高架走道上，越過欄杆望去，你看到那台被偷走的星辰產生器。
You are inside an enormous chamber. Before you stands the stolen Star Generator.	你在一座巨大的艙室裡，眼前立著那台被偷走的星辰產生器。
The walkway spans across the massive chamber to another entryway.	這條走道橫跨整座巨大艙室，通往另一個入口。
The entryway leads into another room.	這個入口通往另一個房間。
There is no door here.  Are you blind?	這裡沒有門，你是瞎了嗎？
You can't see it very well from up here.	從這麼高的地方，你看不太清楚。
Before you stands the Star Generator. You find it hard to believe that this contraption could save or destroy an entire galaxy.	星辰產生器就立在你眼前。你很難相信這台機器居然能拯救、也能毀滅整個銀河系。
Don't you have anything better to do than to stand around and look at walls?	你就沒有更好的事情做，非得站在這裡看牆壁不可嗎？
He's a gonner!  You never realized how ugly these Sariens were until now.	死翹翹了！你這才發現，這些沙利安人原來這麼醜。
He appears to be dead.	他看起來死透了。
At the base of the Star Generator is a control panel of some sort.	星辰產生器底座有個像是控制面板的東西。
The force field around the generator stops you from reaching the control panel.	產生器周圍的力場擋著你，讓你碰不到控制面板。
If you started the force field from this close, you would be immediately vaporized. The universe would lose its most valuable janitor! Perhaps you should reconsider.	如果你在這麼近的地方啟動力場，會立刻被汽化掉。宇宙會因此失去最寶貴的清潔工！你可能該三思。
It is permanently attached to the floor.	它整個焊死在地板上，動不了。
Just the thought makes your toes hurt!	光用想的，你的腳趾就痛了起來！
You are too far away to see it from here.	你離得太遠，從這裡看不清楚。
The Star Generator's force field is off.	星辰產生器的力場已經關閉。
There is nothing special about it, except for the Star Generator it holds.	它沒什麼特別的，只不過裡面裝著星辰產生器。
Suddenly, the force field protecting the Star Generator disappears.	突然間，保護星辰產生器的力場消失了。
You have reactivated the force field.	你把力場重新啟動了。
Too late! The guard has already noticed you.	太遲了！守衛已經發現你了。
The guard is already dead. You have only yourself to harm.	守衛早就死了，你這樣做只會傷到自己而已。
You gather up a nice mouth full and let it fly. Unfortunately, you forgot you were wearing a helmet. The warm saliva oozes down the side of your face. You feel rather stupid.	你含了滿滿一口口水吐出去，可惜你忘了自己戴著頭盔。溫熱的口水順著臉頰流下來，你覺得自己蠢斃了。
You gather up a nice mouthful and let it fly. Fortunately, you missed the guard. Can't you find something more constructive to do, %s1?	你含了滿滿一口口水吐出去，幸好沒吐中守衛。%s1，你就不能做點正經事嗎？
The Star Generator has come alive. The heat that this thing is starting to generate tells you that it's time to blow this taco stand!	星辰產生器啟動了。它開始散發的熱度告訴你，該閃人了！
"Welcome to the Weapons dispensary. I will assist you. Please supply me with your identification card."	「歡迎光臨武器發放處，我來為您服務。請出示您的識別卡。」
"Your rank allows you to bear 1 Pulseray unit. Remember, no firing in the ship. Have a nice day."	「您的階級可以配發一把雷射槍，記得不要在艦內開槍，祝您有美好的一天。」
There is no need for that at this time.	現在沒有必要這麼做。
"Excuse me. I shall retrieve your weapon."	「不好意思，我這就把武器收回。」
You don't have that to %w1.	你沒有那樣東西可以%w1。
There is nothing to get.	沒有東西可以拿。
I am sorry. You may not possess that device. That would be punishable by death.	很抱歉，你不可以持有那個裝置，這是死罪。
I warned you.	我警告過你了。
Rows of weapons on the wall tell you that you are in the Deltaur's armory. There is a service droid behind the weapons issue counter.	牆上一排排的武器，告訴你這裡是代爾它號的軍械庫。武器發放櫃檯後面站著一台服務機器人。
There is now only one gas grenade on the counter.	櫃檯上現在只剩一顆瓦斯手榴彈。
It is just an ordinary counter.	只是個普通的櫃檯。
There are two gas grenades sitting on the right side of the counter.	櫃檯右側放著兩顆瓦斯手榴彈。
He is watching you very closely.  You had better play it cool.	他正緊盯著你，你最好裝得若無其事。
The Service Droid sees you eyeing the laser weapons on the wall and informs you that they are not available to G.I. personnel such as yourself.	服務機器人注意到你在打量牆上的雷射武器，告訴你像你這種大兵是拿不到的。
The Service Droid sees you eyeing the gas grenades on the counter and informs you that they are not available to G.I. personnel such as yourself.	服務機器人注意到你在打量櫃檯上的瓦斯手榴彈，告訴你像你這種大兵是拿不到的。
Very funny!	很好笑喔！
Sorry. My records indicate that a weapon has already been signed out in your name.	抱歉，我的紀錄顯示你名下已經領過一把武器了。
The droid looks you over and responds, "Sorry, only one weapon per person."	機器人打量了你一下，回答：「抱歉，每人限領一把武器。」
Silly human, you know that droids are not programmed for chit-chat!	笨人類，你也知道機器人才沒有被設定成要跟你閒聊！
The droid explains as he eliminates you that he is very sorry that you are incapable of remembering that you already own a gun, but that of course he has many customers to deal with and you really are a nuisance. Before you can reply to this, you realize that you no longer have the relevant body parts with which to reply. Your last seconds of agony are spent hearing the phrase, "Next please."	機器人一邊解決掉你，一邊解釋說很遺憾你連自己已經有槍這件事都記不住，不過他還有很多客人要應付，你實在有點煩人。你還來不及回話，就發現自己已經沒有能拿來回話的身體部位了。你痛苦的最後幾秒，聽到的是那句：「下一位。」
The droid explains that although he is not programmed for death, he considers it extremely rude to fire your weapon indoors. He cautions you against doing so again.	機器人解釋說，雖然他沒有被設定成要致人於死，但他認為在室內開槍非常沒禮貌，並警告你以後別再這樣。
He did warn you!	他確實警告過你了！
There are no Sariens here! Perhaps you mean to speak with the Droid?	這裡沒有沙利安人！你是不是想找機器人講話？
"Stop, thief!" shouts the Droid as he notices you sneaking out suspiciously and observes that a gas grenade has been taken. Before you can explain that you were just taking it outside for a better look, the Droid evaporates you.	機器人注意到你鬼鬼祟祟溜出去，還發現少了一顆瓦斯手榴彈，於是大喊：「站住，小偷！」你還來不及解釋自己只是想拿出去看清楚一點，機器人就把你蒸發掉了。
You already have the pulseray.	你已經有雷射槍了。
Are you crazy!!! If the droid catches you with the stolen grenade, you're dead meat!	你瘋了嗎！！！要是被機器人抓到你身上有偷來的手榴彈，你就死定了！
You do not possess a valid Sarien I.D. card.	你沒有有效的沙利安人識別卡。
Press F6 when you want to fire the Pulseray.	想開雷射槍的時候按 F6。
Open the door first.	先把門打開。
Somehow, you manage to survive the rinse cycle. As you emerge from the cleaning unit you notice that you are dressed in a Sarien battle uniform. What a stroke of genius. Now you can wander throughout the ship without calling attention to yourself.	不知怎地，你居然撐過了沖洗程序。從洗衣機裡爬出來時，你發現自己已經換上了一身沙利安人戰鬥服。這下真是神來一筆，你現在可以在艦上到處閒晃，不怕引人注意了。
You certainly don't want to do that again! You've got lives to save!	你絕對不會想再做一次！你還有小命要保住呢！
You hear footsteps coming from outside the door!	你聽到門外傳來腳步聲！
Too late!	太遲了！
It's not open.	它沒開。
It`s already open.	它已經開了。
It's already closed.	它已經關了。
That would not be beneficial.	那樣做沒有好處。
It won't budge.	它動都不動。
You are in the ship's laundry facilities.	你在船上的洗衣間。
The door is closed.	門是關著的。
On the north wall there appears to be a large laundry cleaning unit.	北牆邊似乎有一台大型洗衣機。
The laundry cleaning unit is not being used at this time.	這台洗衣機目前沒有在使用。
The window on the door is too dirty to see inside.	門上的窗戶太髒了，看不到裡面。
You are not close enough to see inside.	你離得不夠近，看不到裡面。
Just as you open the door, you suddenly hear the sound of footsteps coming.	你才剛把門打開，就突然聽到腳步聲靠近。
Someone might be coming.  You don't have time to be standing around.	可能有人要來了，你沒時間杵在這裡發呆。
It's a little big, but it will have to do.	是大了一點，但將就著用吧。
It looks high.	看起來滿高的。
It is completely dark on the other side of the vent.	通風口的另一側一片漆黑。
Well %s1, it certainly appears as though you're about to become all washed up!	這下好了，%s1，看來你就要被洗個徹底啦！
You don't know how.	你不知道該怎麼做。
It's too late to hide! You hear someone coming!	躲已經來不及了！你聽到有人過來了！
It's awfully wet in here.	這裡濕得要命。
The door is open.	門是開著的。
It is too dark inside the trunk to see anything.	箱子裡太暗了，什麼都看不見。
It is too dark to make out any detail.	太暗了，看不清楚任何細節。
It seems no different than all the other doors aboard this ship.	這扇門看起來跟艦上其他門沒兩樣。
It has a small sign on it.	上面掛著一張小標示牌。
Out of Order.	故障中。
How?	怎麼做？
Seen one door, seen them all.	看過一扇門，就等於看過全部的門。
Emergency Exit. Luckily for you, the elevator has been repaired.	緊急出口。算你走運，電梯已經修好了。
You are aboard the Sarien spaceship. There are two elevators here.	你在沙利安人的太空船上，這裡有兩座電梯。
There are two elevators along the back wall.	後牆邊有兩座電梯。
You are wandering through the Sarien spaceship.	你正在沙利安人的太空船裡四處閒晃。
It is just another elevator.	只是另一座電梯而已。
These Sariens are scum, but they sure know how to build a spaceship.	這些沙利安人雖然是人渣，但太空船倒是造得有一套。
Be careful! You hear footsteps and muffled voices from beyond the door.	小心點！你聽到門外傳來腳步聲和悶悶的說話聲。
The sounds have temporarily gone away.	那些聲音暫時消失了。
You have no need to do that.	你沒必要這麼做。
You peer through the small window in the door. You think you see someone standing in the hallway. Perhaps this isn't a good time to leave this part of the ship.	你從門上的小窗往外看，好像看到走廊上站著一個人。現在恐怕不是離開這一區的好時機。
You peer through the doorway and see a Sarien guard standing in the hallway. He does not look too friendly.	你從門口望出去，看到走廊上站著一名沙利安守衛，看起來不太好惹。
You hear strange voices coming toward you!	你聽到奇怪的說話聲正朝你靠近！
You climb into the trunk. The lid pounds shut above you.	你爬進箱子裡，蓋子在你頭頂重重蓋上。
You hear voices, muffled, then louder.	你聽到說話聲，先是悶悶的，接著越來越大聲。
You suddenly feel the trunk lift off	你忽然感覺到箱子被抬離
the deck and the sensation of	地面，還有一陣
movement.	晃動的感覺。
After a few minutes, the trunk thuds to	過了幾分鐘，箱子重重摔落
the floor, causing you to see stars in	地面，撞得你眼冒金星、一片
the darkness. The voices sound farther	漆黑。說話聲越來越遠
away, then gone.	最後完全消失。
You are standing in a large, empty room within the Sarien ship. On one wall is a vent.	你站在沙利安人太空船裡一間空蕩蕩的大房間，牆上有個通風口。
You are standing in a large, empty room within the Sarien ship. On one wall is a vent. There is some sort of trunk on the floor.	你站在沙利安人太空船裡一間空蕩蕩的大房間，牆上有個通風口，地上還放著一個像是箱子的東西。
Perhaps if you stood closer to the door.	也許你該站得離門近一點。
Against the back wall are several large pipes. On the left wall is a vent.	後牆邊立著幾根大水管，左牆上有個通風口。
You can't see into the vent from there.	你從那裡看不進通風口。
There doesn't seem to be anything special about the container.	這個容器看起來沒什麼特別的。
The door is tightly sealed.	門被緊緊封死了。
The door is not impressed.	門一點反應都沒有。
You are in a hallway aboard the Deltaur.	你在代爾它號的走廊上。
The walls are no different here than in the rest of the ship.	這裡的牆壁跟艦上其他地方沒什麼不同。
It is just an average door.	只是一扇普通的門。
"Bleep, Gurgle, Pop!" apologizes the strange robot as he pushes you aside.	「嗶嗶、咕嚕、啵！」奇怪的機器人一邊把你推到一旁，一邊這樣道歉。
You are in an airlock.	你在氣密艙裡。
"Snap, Crackle, Murphy," responds the little robot.	「喀啦、劈啪、Murphy，」小機器人這樣回答。
You're in an airlock! Don't you think you ought to wait until you enter the ship?	你人在氣密艙裡耶！你不覺得應該等進了船艙裡再說嗎？
The rude little robot just slammed the door in your face.	那個沒禮貌的小機器人直接當著你的面把門甩上。
You see no apparatus of any sort which would open the door.	你沒看到任何能打開這扇門的裝置。
The walls confirm your suspicion that Sariens have bad taste.	這牆壁證實了你的猜測：沙利安人的品味有夠差。
The squat, little maintenance droid sure makes a disgusting array of noises, doesn't he?	這個矮胖的小維修機器人真的很會發出一堆噁心的怪聲，對吧？
As you enter the Sarien ship, the airlock door seals itself behind you. You try to open it again, without any success. It appears that you are stuck here.	你一走進沙利安人的船艦，氣密艙門就自動在你身後封死了。你試著再打開它，但怎麼樣都不成功。看來你被困在這裡了。
That cannot be done from where you are.	你現在這個位置辦不到這件事。
You swiftly slip into the sleek ship. (Try to say that three times fast.)	你俐落地溜進這艘流線型的太空船。（不妨試著把這句話快速唸三遍。）
That act cannot be performed now.	這個動作現在辦不到。
You are in the shuttle launch bay aboard the Sarien ship.	你在沙利安人船艦上的接駁艇發射艙裡。
The ship is a one-man transport vessel.	這艘船是單人運輸艇。
You frantically search the control console for the "Launch" button. Aha! There it is.	你手忙腳亂地在控制台上找「發射」按鈕。啊哈！找到了。
You see nothing out of the ordinary about it.	你看不出它有什麼特別的地方。
Down below you see the spaceship's launch track.	你看到下方是太空船的發射軌道。
You don't have much time before this ship blows.	這艘船快要爆炸了，你沒剩多少時間。
The Deltaur has been blown to tiny fragments by the force of the Star Generator's blast. You have saved the lives of millions of your people, not to mention the lives of those in other systems. Don't get a big head.	代爾它號已經被星辰產生器爆炸的威力炸成碎片。你拯救了數百萬同胞的性命，更別提其他星系裡的生命了。不過別得意忘形。
Congratulations %s1, you've rid the universe of the evil Sariens and saved your people from certain doom. You're an all-around hero! You've made it home safely aboard the stolen Sarien craft, where you've encountered a cheering Xenon crowd. They have gathered together for a ceremony in your honor. The ceremony is already in progress.	恭喜你，%s1，你把邪惡的沙利安人趕出了宇宙，也把同胞從必死的命運中救了回來。你是徹頭徹尾的英雄！你開著偷來的沙利安人太空船平安回到家鄉，迎接你的是一群歡呼的氙星群眾。他們特地聚在一起為你舉辦了一場慶典，此刻典禮已經開始了。
As a token of appreciation, you are presented with a golden mop. "Thank you, %s1 for cleaning up our galaxy", says the Xenon leader.	為了表達謝意，他們送給你一把金色拖把。氙星的領袖說：「謝謝你，%s1，把我們的銀河系打掃乾淨了。」
Once a janitor always a janitor.	一日清潔工，終身清潔工。
Thank you for playing Space Quest	感謝你玩了《宇宙傳奇》
    Watch for Space Quest II	     敬請期待《宇宙傳奇II》
         Thank You	         謝謝大家
         The Sarien Fleet	            沙利安艦隊
         The Entire Human Race	                全體人類
 %s1, Galactic Warrior	     %s1，銀河戰士
Congratulations %s1, you've rid the universe of the evil Sariens and saved your people from certain doom. The Star Generator technology is safe inside the Data Cartridge. Now, a new Star Generator can be built and can carry out its original task - You're an all-around hero! You've made it home safely aboard the stolen Sarien craft, where you've encountered a cheering Xenon crowd. They have gathered together for a ceremony in your honor. The ceremony is already in progress.	恭喜你，%s1，你把邪惡的沙利安人趕出了宇宙，也把同胞從必死的命運中救了回來。星辰產生器的技術已經安全地保存在資料匣裡。現在可以重新打造一台星辰產生器，完成它原本的任務——你是徹頭徹尾的英雄！你開著偷來的沙利安人太空船平安回到家鄉，迎接你的是一群歡呼的氙星群眾。他們特地聚在一起為你舉辦了一場慶典，此刻典禮已經開始了。
F6 to Select Key	按 F6 選取按鍵
Invalid Code	代碼錯誤
By Two Guys From Andromeda	由仙女座雙傑製作
Version 2.2	版本 2.2
    Light-years from Earth's solar	         距離地球所在的太陽系
    system the people of the galaxy	        遠達數光年之外的厄爾農
    Earnon have been struggling to	         星系，居民們一直努力
     maintain the precious balance	            維持得來不易的
               of life.	              生命平衡。
   The Sun of Earnon is slowly dying.	     厄爾農星系的太陽正在慢慢死去。
    The planets grow cold.  Food is	          各行星逐漸冰冷。糧食
    no longer plentiful.  Life will	          不再充足。生命眼看
   soon become impossible to sustain.	           就要無法維持下去。
      The scientific community of	          氙星的科學界想出了
    Xenon devised a plan to convert	          一個辦法，要把厄爾農
       one of Earnon's lifeless	            星系裡一顆毫無
       planets into a new Sun.	    生機的行星，改造成新的太陽。
    The effort was centered around	          這項計畫的核心，是
     the development of a device	            研發一種名為
   called the Star Generator.  The	        「星辰產生器」的裝置。
 Star Generator would be capable of	         星辰產生器能把一顆
   igniting an otherwise useless	        原本毫無用處的行星
 planet into a raging ball of flame.	        點燃成一團熊熊烈焰。
   An expedition set out aboard the	          一支探勘隊搭乘星艦
   starship Arcada to successfully	        阿寇達號出發，要順利
      complete development and	          完成星辰產生器的
    testing of the Star Generator.	             研發與測試。
      The Arcada is now returning	          阿寇達號如今正帶著
    triumphantly to Xenon with the	         一台完全可運作的星辰
   fully operational Star Generator.	        產生器，凱旋歸向氙星。
You serve as a member of the crew of	你是阿寇達號的船員之一
     the Arcada as a janitor.	         ，職務是清潔工。
     That's right, a janitor.	        沒錯，就是清潔工。
     And not a very good one.  You	          而且還不是個稱職的
    would probably have been sacked	        清潔工。要不是阿寇達號
     and replaced were the Arcada	            離氙星有幾百萬
     not millions of kilometers	         公里遠，你早就被炒
             from Xenon.	            魷魚換人了。
    As we join our story, you have	         故事開始的這一刻，你
   just completed one of your famous	          剛在某間清潔用品儲藏
      on-shift naps in one of the	        室裡，睡完你那出了名的
      janitorial storage closets.	              上班偷懶覺。
Welcome Aboard Arcada	歡迎登上阿寇達號
To log on as a crew member	若要以船員身份登入
please enter your name below	請在下方輸入你的名字
(up to 18 characters):	（最多 18 個字元）：
First Name: 	名字： 
Roger Wilco	羅傑·威爾科
"What'll it be? I got beer and it's 2 buckazoids."	「要喝點什麼？我這邊有啤酒，一杯 2 枚太空幣。」
Your words find no audience.	你講的話沒人聽。
"That'll be $2.00. Thank you very much. Come again."	「那樣是 $2.00。謝謝惠顧，歡迎再來。」
The bartender is busy and cannot hear you.	酒保正忙著，沒空聽你講話。
"Hey! What are you trying to pull? What do you mean you can't pay? Take off before I have you fed to Grell."	「喂！你想幹嘛？什麼叫你付不出錢？滾遠一點，不然我讓你去餵格瑞爾。」
The beer tastes like carbonated Zipple sweat. However, considering recent events, you could learn to love it.	這杯啤酒喝起來像加了氣泡的吉波汗水。不過想想你最近經歷的那些事，你搞不好還會漸漸愛上這味道。
You can't drink something you don't have.	你沒有的東西，要怎麼喝？
"One at a time, Mac!"	「一個一個來，老兄！」
You're not close enough to play.	你離得不夠近，玩不到。
Sorry, someone is currently playing. Wait your turn.	抱歉，現在有人在玩，你得等等輪到你。
"Listen, Mac, I can't serve you any more. You're sledged! You better go sleep it off or something before you start making a public display of yourself."	「聽著，老兄，我不能再倒給你了。你已經醉茫茫了！你最好去找個地方睡一覺，免得在這裡出洋相。」
This is a seedy little place. Galactic riff-raff are seated at the bar. The bartender drops by occasionally to serve them. A band is cranking out some of the more popular tunes in the quadrant. There is a slot machine standing near the bar. You notice a sweeper in the lower corner of the room. It must get messy here. No one seems to notice or care that you have entered the bar.	這是家有點髒亂破舊的小酒館。吧檯坐著幾個銀河系裡的雜牌混混，酒保三不五時過去招呼他們一下。一支樂團正賣力演奏著這個星區最紅的幾首歌。吧檯旁擺著一台吃角子老虎。你注意到房間角落有台清潔機器人。看來這裡常常搞得一團亂。你走進酒吧，好像沒有人注意到、也沒有人在乎。
The walls are sporting a wonderful smoke finish such that the original color is a puzzle. There are cracks here and there which attest to the state of disrepair.	牆壁被薰得一片焦黑，原本是什麼顏色早就成了謎。這裡那裡到處都是裂縫，證明這地方已經破舊到不行。
Some of the stranger galactic riff-raff are seated at the bar. The bartender drops by occasionally to serve them. There seems to be a vacant spot at the right end of the bar.	吧檯上坐著幾個看起來更古怪的銀河雜牌混混，酒保三不五時過去招呼一下。吧檯右邊好像還有個空位。
It appears to be an electronic slot machine.	看起來是一台電子吃角子吃角子老虎。
There is a hip combo of green beings jamming. They only seem to be interested in playing music.	有個時髦的綠色生物小樂團正在即興演奏。他們看起來只對玩音樂有興趣。
There are a couple of non-galactic looking humanoids cranking out some unfamiliar sounding tunes. They seem interested solely in the music they are performing.	有兩個看起來一點都不像外星人的傢伙，正賣力演奏著讓人聽不慣的曲子。他們似乎只在乎自己演奏的音樂，其他一概不管。
They are not interested in you.	他們對你一點興趣都沒有。
There is nothing special about the stairs. They look like a standard gravity rebellion device.	這座樓梯沒什麼特別的，看起來就是一般的反重力裝置。
As you sip another of the odd brews, you overhear someone at the bar speaking: "There I was cruising through sector HH when I spot this blip on the scanner."	你又喝了一口那杯怪味飲料，這時聽見吧檯有人正在講：「當時我正在 HH 星區巡航，突然在雷達上看到一個亮點。」
"So, I head toward it, ya see, and right there in front of me sits the Deltaur. It's just sittin' there. My hearts start hyperwarping on me."	「所以，你知道的，我就朝那邊飛過去，結果代爾它號就這樣停在我正前方，動也不動。我那幾顆心臟當場就開始超速狂跳。」
"I figure my milliseconds are numbered. All I can think of doin' is getting my craft outta there. So, I'm reachin' for the throttle."	「我當下就知道自己命不久矣，毫秒都嫌多。我腦子裡只想著趕快把船開走，於是伸手就去抓油門。」
"All of a sudden there's this incredible flash of light, ya see. And just like that this little planetoid explodes into a ball of fire! I tell ya, I've never seen anything like it. I mauled the throttle and got outta there quick you bet."	「突然間一道強光閃過，你知道嗎？下一秒那顆小行星就直接炸成一團火球！我跟你講，我這輩子沒見過那種場面。我死命踩下油門，這才逃了出來，你放心。」
The bartender is only interested in selling his wares. He is of no help otherwise.	酒保只在乎把他的東西賣出去，除此之外沒什麼用。
You feel a strange tingling sensation. The taste of the beer doesn't seem to be bothering you so much now, hee, hee.	你感覺到一陣怪異的刺麻感。啤酒的味道現在好像沒那麼難以下嚥了，嘿嘿。
Oh my, you are starting to feel unstable.	哎呀，你開始覺得站不太穩了。
  I'mm nott ffeeling soo wunderfful.	        我我。..覺得不太太妙……
I knnoww therz a doorr hhere summware.	我我知道。..這附近附近好像有扇門……
      Pleeze stop movin th barr!	        拜託。..酒吧別再晃了啦！
The bartender is a compact looking gent. He seems to be about as friendly as the patrons.	這位酒保身材看起來精悍結實。他看起來跟這裡的客人差不多友善。
You don't have a good view from here.	你在這裡看不清楚。
You've never seen the likes of the patrons seated at the bar. They look fairly absorbed in their drinks.	你從沒見過吧檯這些客人這種模樣。他們看起來都很專注在自己的酒杯裡。
The sweeper is a small motorized device which scans the floor for debris and removes it within moments of detection. There is nothing special about it, otherwise.	這台清掃機是一個小型電動裝置，會掃描地板上的雜物，一偵測到就立刻清除。除此之外，沒什麼特別的。
No one here seems willing to acknowledge your presence. Maybe they're not too fond of humanoids.	這裡沒有人願意搭理你。看來他們不太喜歡人形生物。
The only thing you hear when attempting to eavesdrop is "Eat felch, humanoid!"	你想偷聽，結果只聽到一句：「去吃屎啦，人形生物！」
That act, while providing a means of venting frustration, serves only to cause you considerable pain when your toes scatter in directions they weren't designed to travel. Wise up, Space Cadet!	這樣做雖然能發洩一下情緒，你的腳趾卻會因此往奇怪的方向亂折，痛得要命。放聰明點，太空菜鳥！
It's not advisable to be trying anything aggressive here since you are out-numbered.	這裡人多勢眾，最好別想耍狠。
There are no surfaces on which to place your posterior other than the floor and you don`t want to do that.	這裡除了地板，沒有別的地方能放你的屁股——但你應該不會想坐地板吧。
"Wine? Did I say we have wine? Hey did you hear this humanoid? He wants wine! Get serious!"	「酒？我有說我們有酒嗎？嘿，你們聽到這個人形生物說什麼了嗎？他想喝酒耶！別鬧了！」
"Whatever you say."	「隨便你怎麼說。」
On the stage is one of the hottest bands in the quadrant.	舞台上是這個象限裡最紅的樂團之一。
Sorry, the machine is currently out of order. Please come again.	抱歉，這台機器目前故障中。請下次再來。
On stage are two heavily-bearded gents and a relatively clean-shaven drummer. They're one of the hottest bands in the quadrant.	舞台上有兩個大鬍子先生和一個算是有刮鬍子的鼓手。他們可是這個星區裡數一數二紅的樂團。
Gulp! Gulp!	咕嚕！咕嚕！
"You have one of those coupons, huh? Here's your 5 buckazoids and your free beer. Enjoy."	「你有那種折價券喔？來，這是你的5枚太空幣和免費啤酒，慢用。」
Just walk up close to the machine to play.	走近機器就能開始玩。
You don't have enough buckazoids.	你的太空幣不夠。
You have made a relatively decent purchase of a pre-owned sale item.	你買下了一件還算划算的二手特價品。
"That model is ideal for flight systems operations. It will pilot any modern fighter or cruiser. And, it is one of the most experienced droids we carry. I ask only 45 buckazoids for it (36 with coupon)."	「那款很適合用在飛行系統操作，能駕駛任何現代戰機或巡航艦。而且，它是我們這裡經驗最豐富的機器人之一。我只要45枚太空幣（有折價券的話36枚）。」
"I got it from some gambling type who was required to pay-up or perish."	「我是從一個賭徒手上弄來的，他不付錢就得死。」
"That unit is a good, all-around droid. Sure, it may seem a little dinged-up but it's not as bad as it looks. There is still quite a bit of life left in it. It is a great little companion. And for you, only 40 buckazoids (32 with coupon)."	「那個型號是很不錯的全能機器人。沒錯，它看起來有點傷痕累累，但沒你想的那麼糟，還很耐用。它是很棒的小夥伴。給你嘛，只要40枚太空幣（有折價券32枚）。」
"We call that one The Peacemaker. It's used primarily in security. In a crime situation it is capable of apprehending, trying, sentencing, and punishing the offender on the spot. Swift and effective. And only 368 buckazoids (294 with coupon)."	「我們叫它『和平使者』。主要用在保安工作。碰到犯罪現場，它能當場逮捕、審判、判刑，還執行懲罰。又快又有效率。只要368枚太空幣（有折價券294枚）。」
"That compact unit is often used for mining. It is short and stocky, and quite strong for its size. It is designed to work in areas which may be hazardous to non-mechanized beings. 325 buckazoids for years of service (294 with coupon)."	「那款小型機器人常用在採礦。個子矮壯，力氣卻不小。專門設計來在對非機械生命體有危險的地方工作。325枚太空幣就能用上好幾年（有折價券294枚）。」
"That one is a collector's item. One of the very first droids ever built. Someday that rare piece is going to bring me a small fortune at auction. It's not for sale."	「那台是收藏品，是最早期造出來的機器人之一。總有一天，這件稀世珍寶會在拍賣會上讓我大賺一筆。它不賣。」
"Welcome to Droids-B-Us, the finest emporium for mechanized beings in the quadrant. We have a complete line of droids for any purpose imaginable. Well, almost any."	「歡迎光臨機器人量販店，本象限最頂級的機械生命體專賣店。我們有齊全的機器人系列，任何你想得到的用途都找得到。嗯，幾乎啦。」
All top-of-the-line, but, I suppose YOU would probably be interested in our SALE items. Please walk this way."	全都是頂級貨，不過，我猜你大概只對我們的特價品有興趣。這邊請。
"Only one droid per person in this town. It's an ordinance, you know."	「這城裡規定一人只能買一台機器人。這是法令，你知道的。」
"Nice to see you again. Where is your little friend?"	「很高興再見到你。你的小夥伴呢？」
"Oh, I do hope nothing has happened to it. Especially with it being a sale item. You did understand that sale items aren't covered under the terms of our warranty policy, I'm sure."	「喔，希望它沒出什麼事，尤其它還是特價品。你應該知道特價品不在我們的保固範圍內吧。」
"I'll be upstairs if you need anything."	「有事的話我在樓上。」
This is the inside of Droids-B-Us. The room has a pedestal in the middle and a stairway and balcony toward the back. A variety of droids adorn the floor space.	這裡是機器人量販店的內部。房間中央有個基座，後方是一道樓梯和陽台。地板上擺滿了各式各樣的機器人。
There is nothing I can tell you that the salesman hasn't already.	銷售員該說的都說過了，我沒什麼好補充的。
The salesman is a strangely built being. He looks like he might tip forward any minute.	這個銷售員的體型很奇怪，看起來隨時都會往前倒。
Silly human!	「傻乎乎的人類！」
You cannot see anything out the tiny and unimportant window.	這扇窗又小又不起眼，你什麼都看不到。
Why?	「為什麼？」
There is nothing special about the rail and, no, you can't slide down it.	這扶手沒什麼特別的，而且不行，你不能滑下去。
The banner indicates that there is a sale occurring.	布條上寫著現在有特價活動。
There is no need to do that.	沒必要那麼做。
Not for sale.	恕不出售。
Using your discount coupon you have made a relatively decent purchase of a pre-owned sale item.	用你的折價券，你買下了一件還算划算的二手特價品。
I see you bear one of those coupons. Oh, well. You shall receive 20\\% off any of my quoted prices.	「我看你身上帶著那種折價券。好吧，我開的所有報價都算你打20\\%的折扣。」
That item is not in your possession.	那件東西不在你身上。
"Are you here to talk or are you here to buy," the salesman asks.	「你是來聊天，還是來買東西的？」銷售員問道。
You have this strange sinking feeling.	你有種說不出的不祥預感。
"Ken? Did you hear something?"	「肯？你聽到什麼聲音了嗎？」
Through a strange quirk of fate (or was it?) you have stumbled into a place beyond time, space and dimension. You have entered...The Daventry Zone!! That's right, the land of King's Quest. This will not help you now since you are playing Space Quest.	由於命運的奇特安排（還是說並非如此？），你誤打誤撞闖進了一個超越時間、空間與次元的地方。你進入了……戴文垂領域！！沒錯，就是《國王密使》的世界。不過這對你沒什麼幫助，因為你玩的是《宇宙傳奇》。
"It was probably just the gators entertaining another Space Quest player. Go back to sleep, 'berta."	那大概只是鱷魚又在耍另一個玩《宇宙傳奇》的玩家吧。回去睡覺啦，柏塔。
YOU LOSE, HOMEBOY!!!	你輸了，老兄！！！
Enter Number > 	輸入數字 > 
1 = Skulls    2 = Cherries	1 = 骷髏頭    2 = 櫻桃
3 = Diamonds  4 = Eyes	3 = 鑽石  4 = 眼睛
 Wins 1   	 贏 1   
 Wins 3   	 贏 3   
 Wins 5   	 贏 5   
 Wins 20  	 贏 20  
 Wins 10  	 贏 10  
 = DEATH! 	 = 死亡！ 
  To Cash In   	  兌現   
  Press "F10"  	  按「F10」  
You are presently standing in front of a slot machine.	你現在站在一台吃角子吃角子老虎前面。
You're broke!  Hit the road, freeloader!	你已經身無分文了！滾吧，白吃白喝的傢伙！
Sorry, you don't have enough to bet that much.	抱歉，你的錢不夠下這麼大的注。
F10 To Quit	F10 離開
 F4 Bets $1    F6 Bets $2    F8 Bets $3	  F4 下注$1    F6 下注$2    F8 下注$3
Bet           	下注           
 1 = 1x Payoff	 1 = 1倍賠率
Gosh, %s1.  It would appear you have met an untimely demise.  With the explosive destruction of the Arcada you become part of a fresh collection of space debris.	天啊，%s1。看來你死得不是時候。阿寇達號爆炸解體，你也順勢變成了一堆新鮮的太空垃圾。
Despite your surprisingly valiant effort, you have been blown to eternity by the Star Generator itself.	儘管你出乎意料地英勇奮戰，最後還是被星辰產生器本身炸得灰飛煙滅。
As you nervously hang on, the skimmer rises slowly to the surface of the planet via a secret passage.	你緊張地抓緊扶手，沙漠飛車沿著一條秘密通道緩緩升上星球表面。
Upon reaching the surface, you throttle up and zoom off into the sunset.	一到地面，你立刻加足馬力，朝著夕陽疾駛而去。
There seems to be sand as far as the eye can see.	放眼望去似乎全是沙子。
There is not much to see. Just a lot of sand.	沒什麼好看的，只有一堆沙子。
You are in the desert. There is a mesa to the north.	你身處沙漠中。北邊有一座平頂山。
              SPACE QUEST	                宇宙傳奇
                 Help	                 說明
    F1 displays this message.	        F1 顯示這則訊息。
    F2 turns the sound off and on.	            F2 開關音效。
    F3 retypes the last line typed.	     F3 重新輸入上一行打過的指令。
    F5 saves your current game.	        F5 儲存目前的進度。
    F7 restores a saved game.	          F7 讀取存檔。
    F9 restarts the game.	      F9 重新開始遊戲。
   TAB shows the status screen.	        TAB 顯示狀態畫面。
   ESC pops up menus.	     ESC 叫出選單。
Ctrl-J sets up your joystick.	Ctrl-J 設定你的搖桿。
Ctrl-R toggles RGB monitor modes.	Ctrl-R 切換 RGB 螢幕模式。
    F1 or HELP displays this message.	        F1 或 HELP 顯示這則訊息。
   TAB shows status screen. (see below)	       TAB 顯示狀態畫面。（見下方）
Double clicking joystick button or\n right mouse button also shows status\n screen. Single click pops up menus	雙擊搖桿按鈕或滑鼠右鍵，\n 也會顯示狀態\n 畫面。單擊則會叫出選單
    +  Increases volume.	        +  提高音量。
    -  Decreases volume.	        -  降低音量。
    F6 to fire Pulseray.	    F6 發射雷射槍。
Ctrl-J sets up your controller.	Ctrl-J 設定你的控制器。
You have just become a vertical meal for the local welcoming committee.	你剛剛變成了當地歡迎委員會的直立式大餐。
You have been driven into the ground like a flesh piton, %s1.	你被狠狠砸進地面，像根血肉打造的岩釘，%s1。
You hear a strange roar, like something traveling through the atmosphere at a very high rate of speed.	你聽到一陣奇怪的咆哮聲，像是有什麼東西正以極高速穿越大氣層。
You are startled by the sound of an alarm. It is followed by an urgent voice which warns that the Arcada has been boarded by unknown intruders. It ends abruptly.	一陣警報聲把你嚇了一跳，接著傳來一個急促的聲音，警告阿寇達號已遭不明入侵者登艦——話才說到一半就戛然而止。
Everything down here is composed of very hard rock. Everything has a slimey look and feel due to the humidity.	這一帶全是硬梆梆的岩石，濕氣重到摸起來又滑又黏。
Nothing can be climbed here. Things are either too slimey or too steep.	這裡沒東西能爬，不是太滑就是太陡了。
You are dead! You can only restore, restart, or quit the game.	你死了！現在只能讀取存檔、重新開始，或離開遊戲。
Well, %s1, that was a smooth half-gainer into the elevator shaft.  Did you decide that you would think more clearly with your brains re-organized?	哎呀，%s1，你這一跳漂亮地翻進了電梯井裡。是覺得把腦袋重新洗牌一下，會讓你想得更清楚嗎？
That concludes your experiment involving the effects of total vacuum on the human body, %s1.	好啦，%s1，你這下總算親身做完「人體暴露在真空中會怎樣」這個實驗了。
As you lie on the floor in a smoldering, carbogelatinous heap you can't help but wonder why you bothered getting up this morning.	你倒在地上，變成一堆還冒著煙的焦黑軟泥，忍不住在想，今天早上到底幹嘛還爬起床。
You are now lying on the floor in many pieces.  Guess those beams meant business, %s1.	你現在躺在地上，被拆成好幾塊了。看來那些雷射光束不是鬧著玩的，%s1。
How about that darn artificial gravity, %s1.  Just like the real thing, huh?	這該死的人工重力還真行啊，%s1。跟真的沒兩樣吧？
You've been snatched from existence by a tentacled beast lurking beneath the grate.  You feel the painful sting of digestive fluids.	格柵下潛伏的觸手怪一把將你拖走，你就這樣從世上消失，只感受到消化液帶來一陣椎心刺骨的痛。
Due to a lack of navigation, you have exhausted the meager amount of emergency fuel without finding a safe place to land.  You are lost in space.	因為缺乏導航，你把本來就少得可憐的緊急燃料耗光，還是沒找到安全的降落地點。你就這樣，迷失在茫茫太空之中。
Luck's turn has cost you dearly. As life seeps away, you long for the simpler days aboard the Arcada.	這次運氣不在你這邊，代價可大了。生命一點一滴流逝之際，你不禁懷念起在阿寇達號上單純的日子。
You've been mowed down by a Deltaur crewthing.	你被一名代爾它號上的船員給撂倒了。
Not being a very smooth thief you have been caught and dealt with appropriately.	你這小偷做得一點都不俐落，被逮個正著，也得到了該有的下場。
Gee whiz, %s1! You could actually be a hero if you weren't so clumsy. Wise up.	唉唷，%s1！你要是沒那麼笨手笨腳，說不定還真能當英雄呢。醒醒吧。
Thank you for playing Space Quest.  Too bad you've failed miserably and doomed all your people to a horrible death at the hands of the Sariens. If you continue playing as skillfully as this, we'll never have a chance for a sequel.  Better luck next time.	感謝你遊玩《宇宙傳奇》。可惜你搞得一塌糊塗，害全人類死在沙利安人手裡，死狀淒慘。你要是繼續這樣玩下去，我們大概永遠等不到續集了。祝你下次好運。
Alas, %s1, you have failed in your attempt to save the universe from the clutches of the Sariens.	唉，%s1，你這次拯救宇宙、擺脫沙利安人魔掌的任務，失敗了。
Once again, you've demonstrated your inability to carry out a simple task like saving all of humanity. You quickly glance around the room to see if anyone saw your silly mistake. Thank you for playing Space Quest, %s1. You've been most entertaining.	你再一次證明了自己連拯救全人類這種小事都辦不到。你趕緊環顧四周，看看有沒有人目睹你這個蠢錯。感謝你遊玩《宇宙傳奇》，%s1。你真的帶給我們不少歡樂。
You hear footsteps. . .	你聽見腳步聲……
Unable to see anyone here, the alien leaves to search elsewhere.	這裡沒看到半個人影，那外星人便轉往別處搜尋去了。
As you slip away the alien decides that one of his comrades will take care of you.	趁你偷溜的時候，那外星人心想，反正有其他同伴會盯著你。
You think you hear footsteps!	你好像聽到腳步聲！
Welcome	歡迎
Time Till Detonation	距離引爆時間
Hope your life insurance is paid up	希望你有乖乖繳壽險保費
You have traveled a long way only to die by carelessly stepping to your death. What a clod!	你千里迢迢跑到這裡，卻因為一個不小心踩空活活摔死。真是個大呆瓜！
Lucky for you it was a short drop and you landed on an area of your body not sensitive to shock. You`d better be more careful in the future, %s1.	算你幸運，這次摔得不高，而且剛好摔在不太怕痛的部位。%s1，你以後最好小心一點。
Suddenly you see a large, black metal sphere falling out of the sky - a Sarien Spider Droid. Upon touching down on the planet's surface, it sprouts legs and begins its search for you. You recall from an article in Space Piston Magazine that this droid is designed to seek out organic life forms and self destruct when contact is made.	你忽然看見天空掉下一顆黑色金屬大球——是沙利安蜘蛛機器人。牠一落地就長出好幾隻腳，開始四處搜尋你的蹤跡。你想起《太空活塞雜誌》上一篇報導提過，這種機器人的設計就是專門搜尋有機生命體，一接觸到目標就會自爆。
Not many tales are told of the spider droids due to a lack of live witnesses.	關於蜘蛛機器人的傳說並不多，畢竟活下來作證的人少之又少。
You have just been blown into bite-size chunks by a Sarien spider droid.	你剛被一台沙利安蜘蛛機器人炸成一口大小的碎塊。
SUITABLE PLANET SELECTED	已選定合適行星
Planet:	行星：
Dimensions:	大小：
Atmosphere:	大氣：
Life/Civilization:	生命∕文明：
Temperature:	溫度：
  Kerona	柯羅娜星
  3,744.3 Km Diameter	    直徑3,744.3公里
  Breathable	  可供呼吸
  Unknown	  未知
Navigation System Locked-In	導航系統已鎖定
Planet Profile	行星檔案
It is a loose granular material resulting from the disintegration of  the area's rocks.	這是這一帶岩石風化崩解後，形成的鬆散顆粒物質。
It is quite a unique work of nature. It might hold you.	這是一件相當獨特的自然傑作，應該撐得住你的重量。
It is a quite unique, natural formation carved out through eons by the elements. It does not appear to be accessible from here.	這是經過億萬年風化雕琢而成的獨特天然地形，看起來沒辦法從這裡過去。
The sky is a clear and cosmic purple.	天空是一片清澈的宇宙紫。
You can see the opening into a cave but cannot make out any detail inside.	你看得到一個洞穴入口，但裡面的細節看不清楚。
In the distance you see very large piles of sand.	遠處可以看見一堆堆巨大的沙丘。
You shiver at the sight of the spider droid with its spindly legs and cold metallic body. Its red scanner probes the terrain for anything that moves. Truly an icon of terror.	看到蜘蛛機器人那細長的腳和冷冰冰的金屬身軀，你不禁打了個寒顫。牠的紅色掃描器正在地形上搜尋任何會動的東西，真是恐怖的化身。
You, a mere human, are no match for this mechanical menace.	你不過是個凡人，根本不是這台機械怪物的對手。
The cliffs are sheer and dangerous.	這片峭壁又陡又危險。
Seen one rock, seen them all.	看過一顆石頭，等於看過全部。
You cannot climb the cliffs or rocks.	你爬不上這片峭壁或岩石。
Leave the rocks alone.	別去動那些石頭。
That won't help you..	那樣對你沒有幫助。
You have some truly twisted ideas.	你的想法還真是夠扭曲的。
Why would you want to do that? You got a bone to bury?	你幹嘛想做這種事？有什麼骨頭要埋喔？
You don't need to be burying anything.	你不需要埋什麼東西。
Don't be ridiculous.	別鬧了。
It's a long way down.	這裡下去可深了。
It's quite sandy down there.	下面沙子還真多。
Not far below you is a large horizontal plane which proves beneficial in maximizing the exploitation of gravity.	你下方不遠處有一大片水平地面，非常適合讓重力發揮到淋漓盡致。
This is one of the electronic barrier stations encircling Ulence Flats. Its force field keeps out anything or anyone traveling on or under ground.	這是環繞尤倫斯荒原的電子屏障站之一，它的力場能擋住任何想從地面或地底通過的人事物。
Kerona is a desolate place. The surface seems to be strewn exclusively with sand as far as the eye can see and the heat is unrelenting.	柯羅娜星是個荒涼之地。放眼望去，地表幾乎全是沙子，熱氣更是逼人到不行。
This vast silicon sea seems to stretch to infinity.	這片浩瀚的矽沙之海，看起來一望無際。
 You Bet  $%v123	 你下注  $%v123
 You Have $%v124	 你有 $%v124
Sorry, there seems to be a circuit failure.  To be reimbursed send claim to Gippazoid Novelties, 2001 Odessa Blastway  Gurnville, Faydor    Exl Galaxy.\n (Please allow two decades for delivery)	抱歉，這裡似乎發生了電路故障。如需理賠，請將申請書寄至 Gippazoid Novelties 公司，地址：Exl 星系 Faydor 星 Gurnville 市 Odessa Blastway 街 2001 號。\n （出貨作業請等候二十年）
 You Win  $%v64 	 你贏了  $%v64 
   You Lose    	   你輸了    
  Tough Luck   	算你倒楣
 It's Hopeless 	沒救了
   Eat Sand    	去吃沙吧
 Suck Methane  	去吸甲烷吧
   So Sorry    	真可惜
 Not A Chance  	想都別想
You hear some zapping and popping.	你聽到一陣滋滋啪啪的聲響。
The green droid is quite small and nondescript. It is a prime example of the technological state of early robotics. Fairly primitive at best. It's amazing that it still functions.	這台綠色機器人個頭不大，長相也普普通通，稱得上是早期機器人技術的典型代表——說好聽點是簡陋，能動已經算奇蹟了。
The white droid is just a little shorter than you are. Its body appears to be built of some type of light composite substance. These droids were the first truly reliable flight-control systems produced, designed to pilot many different types of craft.	這台白色機器人比你矮一點點，機身看起來是某種輕質複合材料打造的。這系列機器人是史上第一批真正可靠的飛行控制系統，專門設計來駕駛各式各樣的飛行器。
The droid you spent your hard-earned buckazoids on is lying in the sand in many pieces. You begin to suspect that the little fellow may have been defective. It is damaged beyond repair.	你花了辛苦賺來的太空幣買的那台機器人，現在四分五裂地躺在沙地上。你開始懷疑這小傢伙該不會本來就有瑕疵吧，反正它已經壞得沒法修了。
The little droid doesn't seem to have anything to say.	這台小機器人好像沒什麼話要說。
"Hello...(ping) I am a model QR 7 Pilot Droid. I have navigated many different kinds of ships to many different worlds (buzz, click) and have acquired much flight knowledge from my travels."	「哈囉……（叮）我是一台 QR 7 型導航機器人。我曾經駕駛過各種不同的飛船，跑遍許多不同的世界（嗡嗡、喀嚓），旅途中累積了不少飛行知識。」
"I am most anxious to serve you, Sir (click). I hope you find my services satisfactory. My, but that's a smart-looking flight suit you have on."	「我非常樂意為您服務，長官（喀嚓）。希望您會滿意我的服務。哎呀，您身上這套飛行裝還真是帥氣。」
"It sure feels good to be out of that stuffy metal market (click). I thought I was doomed to sit there and rust away."	「總算離開那個悶死人的金屬市集了，感覺真好（喀嚓）。我還以為自己注定要坐在那裡生鏽到老呢。」
"People say I talk too much - do you think I talk too much? I don't think I talk too much (beep). I'm going to shut up now."	「大家都說我話太多——你覺得我話很多嗎？我自己是不覺得啦（嗶）。好，我現在要閉嘴了。」
You can't do that now. Try later.	你現在不能這麼做，晚點再試試看。
This is neither the time nor the place.	現在不是時候，這裡也不是地方。
Are you crazy?	你是瘋了嗎？
There is a guardian droid here roaming the corridor. 	這裡的走廊上有一台守衛機器人在巡邏。 
The robot droid isn't programmed for speech, only to kill.	這台機器人沒有語言功能，只被設定用來殺人。
If the robot droid could laugh, which it is not programmed to do, it would do so. Your pulseray is only effective against living opponents!	要是這台機器人會笑——雖然它根本沒被設定成會笑——牠現在大概會笑到不行。你的雷射槍對這種東西沒用，只對活生生的對手才有效！
You are welcome to try.	你倒是可以試試看。
The bomb has fallen to the floor where it has exploded harmlessly. The guard is so intent on guarding the Star Generator he doesn't even blink an eye.	炸彈掉到地上，毫無殺傷力地爆炸了。這名守衛一心只顧著看守星辰產生器，眼睛眨都沒眨一下。
You've just been disintegrated 	你剛剛被瞬間分解了 
%m12by contact with the robot droid.	%m12原因是碰到了那台機器人。
%m6Fortunately, it recognizes you as a Sarien.	%m6，幸好牠把你認成了自己人（沙利安人）。
The grenade drops to the floor releasing its poisonous gas on the unsuspecting alien. Good shot %s1!	手榴彈掉到地上，瓦斯往那毫無防備的外星人身上噴去。丟得漂亮，%s1！
Obviously, this was not the smartest thing you've done today. You have once again demonstrated that a janitor's place is not in space.	很明顯，這不是你今天做過最聰明的事。你再一次證明了，清潔工的舞台不在太空。
You're toast!	你死定了！
%m12by the Sarien's pulseray. Perhaps this will teach you not to loiter about on the Deltaur.	%m12就是被沙利安人的雷射槍打中了。這下應該能教會你別在代爾它號上到處閒晃。
Geez %s1! Go take some marksmanship courses and come back and give it another try in a couple of months. OK?	唉唷 %s1！去上個幾堂射擊課吧，過幾個月再回來試一次，好嗎？
You've just been reduced to micro-particles by the alien's pulseray. You'll have to be quicker on the draw than that %s1.	你剛被那外星人的雷射槍打成微粒子了。%s1，你拔槍的速度得比這個快才行。
You are in one of the Deltaur's ventilation shafts.	你正在代爾它號的其中一條通風管道裡。
You've seen one ladder, you've seen them all.	看過一座梯子，等於看過全部。
You see nothing special.	你沒看到什麼特別的東西。
It looks as though you've been shafted, %s1.	看來你被這條通風管坑得死死的，%s1。
It is already closed.	已經關上了。
You try to use the knife to pry open the vent, but are unsuccessful.	你想用刀子撬開通風口，但沒能成功。
It is already open.	已經開著了。
You cannot pry open the grate which seems to be stuck.	這個格柵好像卡住了，你撬不開。
Your nose has just been redesigned by your ill-advised attempt to insert it into a closed vent.	你異想天開想把鼻子伸進關著的通風口，結果鼻子當場被「重新設計」了一番。
You cannot reach the grate from here.	你在這裡搆不到那個格柵。
Through the grate you can see into what appears to be the ship's laundry facilities.	透過格柵，你可以看到裡面似乎是這艘船的洗衣間。
Through the grate you can see into an empty room.	透過格柵，你看到裡面是一間空房。
Wouldn't it be a little silly to fire a gun in here?	在這裡開槍，會不會太蠢了點？
That's up to you.	這由你決定。
It looks like you jarred it loose!	看起來你把它給搖鬆了！
It is closed.	它是關著的。
It is open.	它是開著的。
You slide the trunk just beneath a wall vent.	你把箱子推到牆邊的通風口下方。
Using your Xenon Army Knife you pry the vent open.	你用氙星軍刀把通風口撬開了。
It won't do any good unless you PUSH TRUNK to the wall, so that you can CLIMB TRUNK, OPEN VENT, ENTER VENT.	這樣做沒有用，除非你先打 PUSH TRUNK 把箱子推到牆邊，這樣才能 CLIMB TRUNK、OPEN VENT、ENTER VENT。
The voices, muffled now, grow louder.	原本模糊的說話聲，逐漸變大了。
After a few minutes the trunk thuds to	幾分鐘後，箱子砰地一聲摔到
You can not enter the narrow vent wearing that jetpack.	你背著噴射背包，根本鑽不進這條窄通風口。
With the chest open that act would be highly ineffective.	箱子開著的時候，這麼做一點用都沒有！
It's just a dirty old trunk.	只是一個髒兮兮的舊箱子。
There is no trunk here.	這裡沒有箱子。
Wouldn't you look silly standing on an open trunk?	站在打開的箱子上，你不覺得自己很蠢嗎？
Where would you like to put it?	你想把它放在哪裡？
There is a jetpack in it.	裡面有一個噴射背包。
It is empty.	裡面是空的。
Just because you can fly doesn't make you Superman.	你會飛不代表你是超人。
Don't worry about it. You won't be needing it anymore. Trust me.	別擔心，你不會再需要它了。相信我。
You put the jetpack into the trunk!	你把噴射背包放進箱子裡了！
The vent is closed.	通風口是關著的。
The vent is stuck shut.	通風口卡死了，打不開。
It is too dark to do anything in here.	這裡太暗了，什麼都看不清楚。
As you exit the trunk, you notice that you have lost your jetpack.	你從箱子裡出來時，才發現噴射背包不見了。
Your alien outfit is too bulky to allow you into the vent.	你這身外星人的裝扮太笨重了，鑽不進通風口。
The trunk is too heavy to carry around.	這箱子太重了，扛不動。
You can't, its attached to the wall.	不行，它是固定在牆上的。
You should get off the trunk first.	你應該先從箱子上下來。
Leaving your jetpack lying around wouldn't be very bright. Someone might find it, and then how would you get home?	把噴射背包隨便亂丟可不是個好主意。要是被人撿走，你要怎麼回家？
The purpose of such an endeavor seems frivolous at best!	這麼做，怎麼看都只是白費力氣！
"Hey bud, what's with the helmet indoors?" asks the curious guard.	「嘿，老兄，室內幹嘛還戴著頭盔？」好奇的守衛問道。
Just as you begin to speak, the Sarien guard says, "How many Analexians does it take to seduce a three-eared female sillovite."	你才剛要開口，沙利安守衛就搶著說：「要幾個阿納萊克森人，才能勾引到一隻三隻耳朵的母西洛維特？」
"Which way to the little boys room?" you ask, hoping Sariens even do that sort of thing.	「洗手間怎麼走？」你問道，心裡盼著沙利安人好歹也會上廁所。
"Is this the way to the Star Generator?" you ask.	「這是通往星辰產生器的路嗎？」你問道。
"Have you played King's Quest III?" you ask the Guard.	「你玩過《國王密使III》嗎？」你問守衛。
"Are we having fun yet?" you ask the guard.	「我們現在玩得開心嗎？」你問守衛。
"Gotta light?" you query the guard.	「借個火？」你問守衛。
"Ssshh!" you exclaim, "I'm hiding from the boss." figuring you might confuse the guard.	「噓！」你低聲說：「我在躲老闆。」心想這樣或許能唬住守衛。
After a reasonable period of silence at your end, the Guard answers his own joke, "Two!!!". He does not seem unduly impressed by your lack of laughter.	你沉默了好一陣子，守衛只好自己公布笑點：「兩個！！！」他似乎對你完全笑不出來這件事，不太滿意。
The puzzled expression on the face of your new found friend confirms your worst fears.	這位新朋友臉上的困惑表情，證實了你最擔心的事。
"Don't ask me, I just work here," responds the unhelpful guard.	「別問我，我只是在這裡上班的。」毫無幫助的守衛回答。
"Yes" responds the surprised Guard, "I just bought it last week. It was on sale for 128,000 buckazoids at Tiny's Holodisk Shop. What a bargain!!!"	「對啊，」驚訝的守衛回答，「我上禮拜才買的。在『小不點全息碟店』特價128,000枚太空幣，超划算的！！！」
"This is the most fun I've had since the Hipoglopus ate my brother," responds the bored looking Sarien.	「這是自從希波格洛帕斯吃掉我弟弟以來，我玩得最開心的一次了。」一臉無聊的沙利安人回答。
"Sorry, don't drink."	「抱歉，我不喝酒。」
The guard pretends not to notice you.	守衛假裝沒看到你。
Quiet! You don't want to accidentally blow your cover, do you?	小聲點！你該不會想不小心暴露身分吧？
Shouldn't you be trying to save your planet?	你不是應該去拯救你的星球嗎？
Talk, talk, talk, can't you find anything better to do?	講話講話講話，你就沒別的事好做了嗎？
The guard wrinkles his nose in disgust. "Leave me alone!" he exclaims. "You smell like the ventricular portion of a Hypoglopus!" Obviously, this guard has no taste at all.	守衛嫌惡地皺起鼻子：「別煩我！」他大喊：「你身上的味道，像極了希波格洛帕斯的心室部位！」看來這守衛真的一點品味都沒有。
The guard looks at you as though you just questioned his mothers heritage. Perhaps you should not waste time conversing with the guards.	守衛瞪著你，好像你剛剛質疑了他母親的出身。或許你不該浪費時間跟守衛們閒聊。
The guard talks back.	守衛頂了回來。
The guard describes to you in graphic detail his previous evening's exploits.	守衛鉅細靡遺地跟你描述他昨晚的豐功偉業。
The guard outlines his favorite massacre, "The Great Daventry Rout" as he called it. You ponder the meaning of this for a while.	守衛跟你大談他最愛的一場大屠殺，他稱之為「達文垂大潰敗」。你想了半天也想不透這是什麼意思。
The guard looks at you as though you look different somehow.	守衛盯著你看，好像覺得你哪裡不太一樣。
Leave me alone. I am guarding the Star Generator.	別煩我，我正在看守星辰產生器。
Kill him yourself.	你自己動手殺他吧。
As you pucker up your lips and lean close, you suddenly remember what your mother taught you about Sariens. In a rare moment of wisdom, you decide not to get anything started you're  unwilling to finish.	你正噘起嘴唇準備湊過去，忽然想起媽媽以前怎麼教你認識沙利安人。你難得清醒了一次，心想沒把握善終的事，還是別輕易開頭。
He looks to be armed and dangerous. I wouldn't mess around with him.	他看起來全副武裝又危險，我可不會想惹他。
"Do you own King's Quest II?" asks the nosy guard.	「你有《國王密使II》嗎？」愛管閒事的守衛問道。
"Too Bad."	「真可惜。」
"Great!!!" responds the guard. Pondering his interest you ask yourself whether or not this guy is getting a kickback from Sierra On-Line. Later you realize this is silly, what would a Sarien do with money from Coarsegold?	「太棒了！！！」守衛回答。看他這麼感興趣，你不禁懷疑這傢伙是不是拿了Sierra On-Line的回扣。後來你才發覺自己想太多——一個沙利安人，要柯斯戈爾德的錢幹嘛？
Everyone gets their kicks in different ways. Yours is the strangest of which I am aware.	每個人尋開心的方式都不一樣。你的這種，是我看過最奇怪的一種。
You aren't near enough.	你離得不夠近。
There is no need for that here.	這裡用不著那樣做。
Cartridge	資料匣
Rock	石頭
Gadget	小裝置
Orat Part	歐拉特部位
Keycard	磁卡
Glass	玻璃碎片
Skimmer key	飛車鑰匙
Beer	啤酒
Jetpack	噴射背包
Buckazoid(s)	太空幣
Survival Kit	求生包
Dehydrated Water	濃縮水
Sarien ID card	沙利安人識別卡
Pulseray	雷射槍
Gas Grenade	瓦斯手榴彈
Remote Control	力場遙控器
Plant	植物
Xenon Army Knife	氙星軍刀
Own 1 Used Ship	已有1艘二手太空船
Control	控制器
Pocket Lint	口袋棉絮
nothing	沒有東西
