 uniform	 uniform
 Sarien	 Sarien
You are 	You are 
identification 	identification 
There is nothing there that you can't already see.	There is nothing there that you can't already see.
That does not 	That does not 
I don't understand 	I don't understand 
The can gives only one size of serving, 10 gallons. I don't think you're that thirsty.	The can gives only one size of serving, 10 gallons. I don't think you're that thirsty.
%m8"%w1"	%m8"%w1"
%m8"%w2"	%m8"%w2"
%m8"%w3"	%m8"%w3"
A mind is a terrible thing to waste.	A mind is a terrible thing to waste.
I'll get naked if you get naked. You go first.	I'll get naked if you get naked. You go first.
%m4%s1. Don't you remember?	%m4%s1. Don't you remember?
Silly human! That would not be helpful.	Silly human! That would not be helpful.
Yum! What a taste treat.	Yum! What a taste treat.
There is a red flashing alarm light here which seems to be indicating that you had better get moving.	There is a red flashing alarm light here which seems to be indicating that you had better get moving.
You can't hear anything of note.	You can't hear anything of note.
Yes, it's true. You definitely hear footsteps. You'd better make yourself scarce!	Yes, it's true. You definitely hear footsteps. You'd better make yourself scarce!
Word not known: 	Word not known: 
%m21%w1	%m21%w1
%m21%w2	%m21%w2
%m21%w3	%m21%w3
%m8you.	%m8you.
There are no footsteps to hear now.	There are no footsteps to hear now.
I hope you know how strange that sounds.	I hope you know how strange that sounds.
Nothing up there is going to help you.	Nothing up there is going to help you.
You can't do that. Read the label, %s!	You can't do that. Read the label, %s!
You do not possess the designated item.	You do not possess the designated item.
You'll have to be more specific.	You'll have to be more specific.
This knife wouldn't cut hot margarine.	This knife wouldn't cut hot margarine.
You turn the dial to the right. The light begins to glow.	You turn the dial to the right. The light begins to glow.
There is no need for you to turn the gadget off.	There is no need for you to turn the gadget off.
You just can't do that. Really. It's not a good idea. Besides, your dental hygiene hasn't been what it should. Do the universe a favor.	You just can't do that. Really. It's not a good idea. Besides, your dental hygiene hasn't been what it should. Do the universe a favor.
%m4dressed in the standard issue excursion garment.	%m4dressed in the standard issue excursion garment.
On your back is a jetpack.	On your back is a jetpack.
%m4attired in the spiffy%m2 of a%m3 marauder. There is a pocket.	%m4attired in the spiffy%m2 of a%m3 marauder. There is a pocket.
You have no helmet and are easily distinguished as an intruder by your non-green head.	You have no helmet and are easily distinguished as an intruder by your non-green head.
%m4wearing a lovely one-piece casual space travel outfit.	%m4wearing a lovely one-piece casual space travel outfit.
There is printing on it.	There is printing on it.
You plant your teeth into the strange plant and take a large bite, only to find it tastes exquisitely bad. If you had your choice you would choose any form of death over a meal of this.	You plant your teeth into the strange plant and take a large bite, only to find it tastes exquisitely bad. If you had your choice you would choose any form of death over a meal of this.
No time to talk!	No time to talk!
%m4now wearing the jetpack. A small control linkage snaps onto the back of your helmet allowing you to control it merely by focusing on where you want to go.	%m4now wearing the jetpack. A small control linkage snaps onto the back of your helmet allowing you to control it merely by focusing on where you want to go.
%m4already wearing it.	%m4already wearing it.
Due to its highly reflective coating you cannot see through the glass very easily, however, you do see a rather striking figure peering back at you.	Due to its highly reflective coating you cannot see through the glass very easily, however, you do see a rather striking figure peering back at you.
You place your lips to the nozzle and draw.  A fluid, not a very reasonable facsimile of water, is released slowly. While tasting slightly terrible, it quenches your thirst, at least for the time being.	You place your lips to the nozzle and draw.  A fluid, not a very reasonable facsimile of water, is released slowly. While tasting slightly terrible, it quenches your thirst, at least for the time being.
The can label says "Pelvitron's Dehydrated Water  (H2) - All you add is air!  Makes 10 gallons!"	The can label says "Pelvitron's Dehydrated Water  (H2) - All you add is air!  Makes 10 gallons!"
"Directions - To use, simply drink from nozzle. Metered amounts will be dispensed.     Caution - Do not attempt to open or rupture! Misuse could result in personal injury and/or flash flooding."	"Directions - To use, simply drink from nozzle. Metered amounts will be dispensed.     Caution - Do not attempt to open or rupture! Misuse could result in personal injury and/or flash flooding."
Come to your senses, %s1. That couldn't help you at this time.	Come to your senses, %s1. That couldn't help you at this time.
The regulator is just a curved, metal tube which mixes air with the can's contents and directs it to the nozzle.	The regulator is just a curved, metal tube which mixes air with the can's contents and directs it to the nozzle.
The nozzle is a flexible tube which senses suction and releases the water.	The nozzle is a flexible tube which senses suction and releases the water.
You just had a drink. You'd better ration your supply. This place is hot!	You just had a drink. You'd better ration your supply. This place is hot!
Sorry. Can't see an object right now. Try later.	Sorry. Can't see an object right now. Try later.
There is no need to do that now.	There is no need to do that now.
It wouldn't help to wear it since there is gravity here.	It wouldn't help to wear it since there is gravity here.
For more information refer to coupons enclosed in package.	For more information refer to coupons enclosed in package.
Hello, %s1. I've been expecting you. You're obviously a person of dubious taste. Drop me a line at Sierra and let me know if you've enjoyed playing.	Hello, %s1. I've been expecting you. You're obviously a person of dubious taste. Drop me a line at Sierra and let me know if you've enjoyed playing.
Sorry. This game is in a NO JUMPING zone.	Sorry. This game is in a NO JUMPING zone.
You can't run.	You can't run.
Don't be ridiculous!	Don't be ridiculous!
You raise the Orat part to your mouth and attempt to feast on it. Unfortunately for you it is composed mainly of bone. The small amount of flesh still clinging to the bone is incredibly rancid in flavor. You wisely give up on this idea.	You raise the Orat part to your mouth and attempt to feast on it. Unfortunately for you it is composed mainly of bone. The small amount of flesh still clinging to the bone is incredibly rancid in flavor. You wisely give up on this idea.
You've already had your nap!	You've already had your nap!
You talk to the sprawled corpse. Strangely, you get no response.	You talk to the sprawled corpse. Strangely, you get no response.
Good grief, %s1! %m4a bit twisted, I must say.	Good grief, %s1! %m4a bit twisted, I must say.
There is no need to do that. Just drink from the nozzle.	There is no need to do that. Just drink from the nozzle.
That doesn't seem to be the correct action in this case.	That doesn't seem to be the correct action in this case.
You stare into the semi-clear liquid and notice how it gives everything seen through it a lovely yellow tint.	You stare into the semi-clear liquid and notice how it gives everything seen through it a lovely yellow tint.
You possess %v124 buckazoid(s).	You possess %v124 buckazoid(s).
%m7seem to be in your sight now.	%m7seem to be in your sight now.
%m7appear to be here to view.	%m7appear to be here to view.
Are you sure you want to look at that?	Are you sure you want to look at that?
%m7seem to be available at this time.	%m7seem to be available at this time.
There is nothing here by that name which can be acquired.	There is nothing here by that name which can be acquired.
You can't obtain that here.	You can't obtain that here.
Your legs will take you where you want to go (in most cases, anyway).	Your legs will take you where you want to go (in most cases, anyway).
That's not the way to get there.	That's not the way to get there.
That is not currently one of your options.	That is not currently one of your options.
How would you like to do that?	How would you like to do that?
That act would lack any serious gratification.	That act would lack any serious gratification.
You possess nothing that would help you accomplish this.	You possess nothing that would help you accomplish this.
You can't find something you didn't lose.	You can't find something you didn't lose.
You press the button on the remote control but notice nothing different.	You press the button on the remote control but notice nothing different.
You learn nothing new through this act.	You learn nothing new through this act.
%m8your request.	%m8your request.
%m7compute.	%m7compute.
Say What?	Say What?
%m4currently wearing it.	%m4currently wearing it.
You'll have to go there to do that.	You'll have to go there to do that.
You see a%m3 clad in red battle gear. You'd better hope it doesn't see you.	You see a%m3 clad in red battle gear. You'd better hope it doesn't see you.
There is no one else here.	There is no one else here.
%m4already in possession of the card.	%m4already in possession of the card.
Reaching into the pocket of the%m3%m2 you find a%m3 ID card.	Reaching into the pocket of the%m3%m2 you find a%m3 ID card.
You see no one of interest.	You see no one of interest.
The Keycard or the I.D. card?	The Keycard or the I.D. card?
You don't seem to have that.	You don't seem to have that.
I'll bet you wish you still had that dehydrated water.	I'll bet you wish you still had that dehydrated water.
%m4very much in need of water now. Your future will be a thing of the past without it.	%m4very much in need of water now. Your future will be a thing of the past without it.
You're dead, %s1. You have died of dehydration. Within a few hours, your gaunt corpse will have dried to a crisp, your powdered remains evenly distributed across the parched terrain by a searing gust.	You're dead, %s1. You have died of dehydration. Within a few hours, your gaunt corpse will have dried to a crisp, your powdered remains evenly distributed across the parched terrain by a searing gust.
F6 to fire Pulseray	F6 to fire Pulseray
 %v13:%v12|2:%v11|2  	 %v13:%v12|2:%v11|2  
Searching your pocket you find $%v124.	Searching your pocket you find $%v124.
In the pocket of this%m2 is an alien %m5card. The name on the card is Butston Freem. You wonder if this is a common%m3 name.	In the pocket of this%m2 is an alien %m5card. The name on the card is Butston Freem. You wonder if this is a common%m3 name.
There is an alien %m5card there.	There is an alien %m5card there.
The heat is causing you to develop quite a thirst. A drink of water would certainly be most pleasant.	The heat is causing you to develop quite a thirst. A drink of water would certainly be most pleasant.
Sorry, you'll have to go back into the bar to do that.	Sorry, you'll have to go back into the bar to do that.
%s4	%s4
Just lost your buckazoid object.	Just lost your buckazoid object.
Controller     <Ctrl J>	Controller     <Ctrl J>
Sierra	Sierra
About SQ	About SQ
Help    	Help    
File	File
Save     <F5>	Save     <F5>
Restore  <F7>	Restore  <F7>
-------------	-------------
Restart  <F9>	Restart  <F9>
Quit  <Alt-Z>	Quit  <Alt-Z>
Action	Action
See Object  <F4>	See Object  <F4>
Inventory  <Tab>	Inventory  <Tab>
Special	Special
Sound On/Off      <F2>	Sound On/Off      <F2>
Graphics Mode <Ctrl R>	Graphics Mode <Ctrl R>
Joystick      <Ctrl J>	Joystick      <Ctrl J>
Pause            <Esc>	Pause            <Esc>
Speed	Speed
Normal 	Normal 
Slow   	Slow   
Fast   	Fast   
Fastest	Fastest
Space Quest was designed and created by Mark Crowe and Scott Murphy.	Space Quest was designed and created by Mark Crowe and Scott Murphy.
This is the Arcada's data archive.  Many volumes of information are stored on data cartridges.  There is a computer console here.	This is the Arcada's data archive.  Many volumes of information are stored on data cartridges.  There is a computer console here.
This is a data storage cartridge.  On it are the words "Astral Body Formation: The Untold Story."	This is a data storage cartridge.  On it are the words "Astral Body Formation: The Untold Story."
The console consists of a screen, keyboard, and cartridge slot.  Atop it rests a Model DX Cartridge Retrieval Unit.	The console consists of a screen, keyboard, and cartridge slot.  Atop it rests a Model DX Cartridge Retrieval Unit.
The screen says "Type the word `find` followed by the first name of the desired cartridge title."	The screen says "Type the word `find` followed by the first name of the desired cartridge title."
The keyboard has the usual keys found on a Xenon keyboard.  Above it are the words "Arcada Data Archive."	The keyboard has the usual keys found on a Xenon keyboard.  Above it are the words "Arcada Data Archive."
You can't see it well from here.	You can't see it well from here.
You are suddenly startled by the sound of the ship's alarm coming from the hallway.	You are suddenly startled by the sound of the ship's alarm coming from the hallway.
The door opens and a man you recognize as one of the lab scientists enters.  He appears to be injured!	The door opens and a man you recognize as one of the lab scientists enters.  He appears to be injured!
After only a few steps he slumps to the floor.	After only a few steps he slumps to the floor.
A large laser hole has been burned in his uniform through which you can see previously unexposed tissue.  Struggling painfully, he raises up on one elbow.	A large laser hole has been burned in his uniform through which you can see previously unexposed tissue.  Struggling painfully, he raises up on one elbow.
He tells you the Arcada is under attack and that the Star Generator is in danger. You had better leave if you value your life.	He tells you the Arcada is under attack and that the Star Generator is in danger. You had better leave if you value your life.
He looks over toward the shelves full of cartridges and utters the words "astral body".  He then settles to the floor, lifeless.	He looks over toward the shelves full of cartridges and utters the words "astral body".  He then settles to the floor, lifeless.
Sorry, no title available by that name.	Sorry, no title available by that name.
Looking at the wall you see shelves full of data cartridges which can only be removed by the retrieval unit.	Looking at the wall you see shelves full of data cartridges which can only be removed by the retrieval unit.
The table is used for holding things above the floor.	The table is used for holding things above the floor.
He certainly looks dead.  Do you get off on checking out stiffs?	He certainly looks dead.  Do you get off on checking out stiffs?
Welcome to the	Welcome to the
Arcada Data Archive	Arcada Data Archive
Model DX Storage and Retrieval System	Model DX Storage and Retrieval System
To select a cartridge enter the title	To select a cartridge enter the title
below.	below.
(Title Catalog available with Top	(Title Catalog available with Top
Security Clearance only)	Security Clearance only)
Title : 	Title : 
Searching ...	Searching ...
Title Found. . .Retrieving	Title Found. . .Retrieving
Title Not Available	Title Not Available
Press <Enter> to quit	Press <Enter> to quit
                                      	                                      
                	                
 	 
_	_
It looks much like many other chairs you have seen in your lifetime.	It looks much like many other chairs you have seen in your lifetime.
You don't have time to be sitting around.	You don't have time to be sitting around.
You can't do that from here.	You can't do that from here.
There is no time for that. The alien attackers are on their way.	There is no time for that. The alien attackers are on their way.
He won't be needing it anymore.	He won't be needing it anymore.
It's a grisly sight. There is nothing you can do for him now.	It's a grisly sight. There is nothing you can do for him now.
Pressing the keys seems to have no effect since you don't see the screen.	Pressing the keys seems to have no effect since you don't see the screen.
That can't be done right now.	That can't be done right now.
You don't have one of those.	You don't have one of those.
Your search of the damaged body's pockets nets. . .	Your search of the damaged body's pockets nets. . .
only some heat-fused chunks of varying sizes which were probably melted by a pulseray blast. Nothing to waste time on.	only some heat-fused chunks of varying sizes which were probably melted by a pulseray blast. Nothing to waste time on.
Have some respect for the dying!	Have some respect for the dying!
You see nothing that catches your eye.	You see nothing that catches your eye.
This is another boring door.	This is another boring door.
I warned you, but noooooo! Did you listen?!	I warned you, but noooooo! Did you listen?!
You are startled by the sound of an alarm. It is followed by an urgent voice which warns that the Arcada has been boarded by unknown intruders. It abruptly ends.	You are startled by the sound of an alarm. It is followed by an urgent voice which warns that the Arcada has been boarded by unknown intruders. It abruptly ends.
Done.	Done.
You already possess that item.	You already possess that item.
The console consists of a screen, keyboard, and cartridge slot.  Atop it rests a Model DX Cartridge Retrieval Unit (currently bearing a cartridge).	The console consists of a screen, keyboard, and cartridge slot.  Atop it rests a Model DX Cartridge Retrieval Unit (currently bearing a cartridge).
You see a man dressed in a lab coat. He appears to be ailing.	You see a man dressed in a lab coat. He appears to be ailing.
Now that you have it you shouldn't be trying to get rid of it.	Now that you have it you shouldn't be trying to get rid of it.
In his current condition, the man is not much of a conversationalist.	In his current condition, the man is not much of a conversationalist.
It is a Model DX Cartridge Retrieval Unit. It is used to retrieve cartridges. It is currently empty.	It is a Model DX Cartridge Retrieval Unit. It is used to retrieve cartridges. It is currently empty.
It is a Model DX Cartridge Retrieval Unit. It is used to retrieve cartridges. It is currently holding a cartridge.	It is a Model DX Cartridge Retrieval Unit. It is used to retrieve cartridges. It is currently holding a cartridge.
The slot appears to be about the size of a data cartridge. It is currently vacant.	The slot appears to be about the size of a data cartridge. It is currently vacant.
The alien observes his handiwork briefly, then leaves.	The alien observes his handiwork briefly, then leaves.
This is one of the many hallways in the Arcada.	This is one of the many hallways in the Arcada.
You recognize this as your sanitation supply closet. You have spent many hours sleeping in it.	You recognize this as your sanitation supply closet. You have spent many hours sleeping in it.
You have just stumbled into a small, dark, and very cluttered utility closet.  Many things fall, most of them landing on you. Doesn't say much for your cleaning prowess.	You have just stumbled into a small, dark, and very cluttered utility closet.  Many things fall, most of them landing on you. Doesn't say much for your cleaning prowess.
You can't see anything in here because it is dark.	You can't see anything in here because it is dark.
This is an elevator to one of the lower levels.	This is an elevator to one of the lower levels.
"Is it shipping yet? I want this thing shipping yesterday. I thought you said the graphics would be done last week?"	"Is it shipping yet? I want this thing shipping yesterday. I thought you said the graphics would be done last week?"
>	>
The doors here are not particularly interesting.	The doors here are not particularly interesting.
This is another one of your non-functional crewmates. It's a grisly sight.	This is another one of your non-functional crewmates. It's a grisly sight.
A quick search of the body turns up nothing.	A quick search of the body turns up nothing.
That can't be done here.	That can't be done here.
One can only wonder what your purpose for this action is. You can't undress the body. Allow him one last bit of dignity.	One can only wonder what your purpose for this action is. You can't undress the body. Allow him one last bit of dignity.
Dave?  Dave's not here!	Dave?  Dave's not here!
That is not seen easily from here.	That is not seen easily from here.
Looking into the closet you see nothing but darkness.	Looking into the closet you see nothing but darkness.
The door is closed, fool!	The door is closed, fool!
This is the closed door to the closet you napped in.	This is the closed door to the closet you napped in.
It looks dark in there.	It looks dark in there.
This door leads to the Data Archive.	This door leads to the Data Archive.
You are in one of the Arcada's hallways near an elevator.	You are in one of the Arcada's hallways near an elevator.
This is an elevator to another level of the ship.	This is an elevator to another level of the ship.
You search the body of your crewmate and find. . .	You search the body of your crewmate and find. . .
You take the keycard.	You take the keycard.
You already have it.	You already have it.
It appears to be one of your crewmates.  He is nonfunctional.	It appears to be one of your crewmates.  He is nonfunctional.
You have added to your pocket lint collection. How proud you must be.	You have added to your pocket lint collection. How proud you must be.
That can't be done from where you are standing.	That can't be done from where you are standing.
Unable to be tricked, you cleverly deduce that there are, indeed, walls in here. They are just your run-of-the-mill spacecraft interior walls.	Unable to be tricked, you cleverly deduce that there are, indeed, walls in here. They are just your run-of-the-mill spacecraft interior walls.
Don't bother. Nothing of interest there.	Don't bother. Nothing of interest there.
You can see no elevator where you are.	You can see no elevator where you are.
a keycard.	a keycard.
Nothing.	Nothing.
This another hallway aboard the Arcada. There is an elevator door nearby.	This another hallway aboard the Arcada. There is an elevator door nearby.
Sorry, due to your low security clearance you are not allowed access to this area.	Sorry, due to your low security clearance you are not allowed access to this area.
This is an elevator to one of the other levels of the Arcada.	This is an elevator to one of the other levels of the Arcada.
That cannot be done from here.	That cannot be done from here.
There is no situation which calls for that action now.	There is no situation which calls for that action now.
The door is quite heavy and impossible for you to open. Your classification does not permit it.	The door is quite heavy and impossible for you to open. Your classification does not permit it.
A cursory glance indicates that this is a dead lab technician.	A cursory glance indicates that this is a dead lab technician.
Your search of the body reveals nothing.	Your search of the body reveals nothing.
This appears to be a non-breathing research scientist.	This appears to be a non-breathing research scientist.
Good grief, man! You are a bit twisted, I must say.?	Good grief, man! You are a bit twisted, I must say.?
There is not much left of the door. Someone has blown it away.	There is not much left of the door. Someone has blown it away.
You see another boring door.	You see another boring door.
Are you serious?	Are you serious?
You are too far away to get a good look.	You are too far away to get a good look.
This is a section of one of the lower levels of Arcada.	This is a section of one of the lower levels of Arcada.
The elevator leads to one of the upper levels.	The elevator leads to one of the upper levels.
You see a body here. It is a formerly live crewmate.	You see a body here. It is a formerly live crewmate.
Your search of the laser-riddled corpse reveals. . .	Your search of the laser-riddled corpse reveals. . .
That can't be accomplished from here.	That can't be accomplished from here.
nothing.	nothing.
Taken.	Taken.
Nothing interesting is to be seen there.	Nothing interesting is to be seen there.
It is a device designed to assist you in adjusting to a change in elevation.	It is a device designed to assist you in adjusting to a change in elevation.
You are in the central control area of the Arcada. The reactor domes pulsate irregularly, as if they had been tampered with. This does not look good. Through the window just above the control console, you can see down into the vehicle bay below.	You are in the central control area of the Arcada. The reactor domes pulsate irregularly, as if they had been tampered with. This does not look good. Through the window just above the control console, you can see down into the vehicle bay below.
This panel consists of status indicators which don't mean diddly to you.	This panel consists of status indicators which don't mean diddly to you.
On the console by the window are two buttons marked "OPEN BAY DOOR" and "CLOSE BAY DOOR".	On the console by the window are two buttons marked "OPEN BAY DOOR" and "CLOSE BAY DOOR".
You can't see it from here.	You can't see it from here.
You search the damaged body of your fellow crewman. You get too close a glimpse of the injury. In the pockets you find...	You search the damaged body of your fellow crewman. You get too close a glimpse of the injury. In the pockets you find...
You don't see that here.	You don't see that here.
Looking through the window you can see down into the vehicle bay.	Looking through the window you can see down into the vehicle bay.
Looking through the window you can see down into the vehicle bay. The rather massive bay doors are open.	Looking through the window you can see down into the vehicle bay. The rather massive bay doors are open.
Here lies another heap of fried humanity. The attackers have proven to be very thorough thus far.  There's something to be said for not being the hero type, you rationalize.	Here lies another heap of fried humanity. The attackers have proven to be very thorough thus far.  There's something to be said for not being the hero type, you rationalize.
Nothing happens.	Nothing happens.
Nothing of interest there.	Nothing of interest there.
The bay door can't be closed while the pod is up.	The bay door can't be closed while the pod is up.
Your limited view shows that there is a large vehicle bay below.	Your limited view shows that there is a large vehicle bay below.
On the floor are three domes, covering closed access tubes, and one badly damaged body.	On the floor are three domes, covering closed access tubes, and one badly damaged body.
The domes cover access tubes to the Arcada's power plant. They are bolted closed since they seldom require maintenance.	The domes cover access tubes to the Arcada's power plant. They are bolted closed since they seldom require maintenance.
This is one of the mid-level decks of the Arcada	This is one of the mid-level decks of the Arcada
The elevator goes to another level. You have never used it due to its restricted access status.	The elevator goes to another level. You have never used it due to its restricted access status.
You slide the keycard into its slot. You hear an audible click. You take the keycard back.	You slide the keycard into its slot. You hear an audible click. You take the keycard back.
You are too far away.	You are too far away.
You don't have that.	You don't have that.
The walls are all nondescript except for a keycard unit near the elevator. It controls access to the level below.	The walls are all nondescript except for a keycard unit near the elevator. It controls access to the level below.
One of your crewmates lies at your feet. He is non-functional.	One of your crewmates lies at your feet. He is non-functional.
%w1 %w2? I'm sorry, %s1. You can't do that. I question your mental fitness.	%w1 %w2? I'm sorry, %s1. You can't do that. I question your mental fitness.
You search the corpse and turn up. . .	You search the corpse and turn up. . .
The keycard unit is a small, sturdy box with a slot. Just above it is a display light which is not currently on.	The keycard unit is a small, sturdy box with a slot. Just above it is a display light which is not currently on.
The keycard unit is a small, sturdy box with a slot. Just above it is a display light which is currently on.	The keycard unit is a small, sturdy box with a slot. Just above it is a display light which is currently on.
There is no keycard to get.	There is no keycard to get.
Alas, it does not open. You have adorned the door with a small circle of nose grease. Were you Karl Malden, it could have gotten ugly.	Alas, it does not open. You have adorned the door with a small circle of nose grease. Were you Karl Malden, it could have gotten ugly.
This is the cavernous Vehicle Bay.	This is the cavernous Vehicle Bay.
This is one of the Arcada's escape pods. You vaguely remember receiving some orientation on these when you joined the crew.	This is one of the Arcada's escape pods. You vaguely remember receiving some orientation on these when you joined the crew.
       Oops!      Forgot my suit.	       Oops!      Forgot my suit.
In the middle of the vehicle bay is a deep cargo shaft.	In the middle of the vehicle bay is a deep cargo shaft.
Sorry, %s1.  You can't enter the Escape Pod when the Vehicle Bay doors are closed.	Sorry, %s1.  You can't enter the Escape Pod when the Vehicle Bay doors are closed.
Looking at the console you see a button marked "Platform". There are also some gauges which don't interest you.	Looking at the console you see a button marked "Platform". There are also some gauges which don't interest you.
The Vehicle Bay Door is quite large.	The Vehicle Bay Door is quite large.
The walls prove to be uninteresting.	The walls prove to be uninteresting.
The massive bay doors are tightly sealed.	The massive bay doors are tightly sealed.
Beyond the yawning doors lies the serenity of deep space.	Beyond the yawning doors lies the serenity of deep space.
You see nothing special down there.	You see nothing special down there.
It is dark down in the shaft but you can make out the silhouette of one of the Arcada's escape pods on a platform below.	It is dark down in the shaft but you can make out the silhouette of one of the Arcada's escape pods on a platform below.
You cannot perform that act from here.	You cannot perform that act from here.
There is nothing like that in sight.	There is nothing like that in sight.
No can do, bud.	No can do, bud.
For safety reasons the platform will not function with the bay doors closed.	For safety reasons the platform will not function with the bay doors closed.
The bay door is open. The airlock door opens automatically.	The bay door is open. The airlock door opens automatically.
The bay door is not opened from this room. The airlock door opens automatically.	The bay door is not opened from this room. The airlock door opens automatically.
There sure are a lot of them.	There sure are a lot of them.
You see stars to infinity.	You see stars to infinity.
The pod door is already open.	The pod door is already open.
The escape pod moves slowly out	The escape pod moves slowly out
of the vehicle bay and into space.	of the vehicle bay and into space.
There is now an escape pod here.	There is now an escape pod here.
There is no longer an escape pod here.	There is no longer an escape pod here.
You see a button marked "Platform".	You see a button marked "Platform".
Congratulations, %s1.  You have found your way off the Arcada and escaped obvious danger.  Unfortunately, you will never be seen or heard from again as you float gracefully through the heavens for eternity.	Congratulations, %s1.  You have found your way off the Arcada and escaped obvious danger.  Unfortunately, you will never be seen or heard from again as you float gracefully through the heavens for eternity.
You peer in through the open door but are unable to make out any detail.	You peer in through the open door but are unable to make out any detail.
This is the Flight Prep room of the Arcada. As you can see, there is a sign on the back wall as well as two closet doors and two buttons.	This is the Flight Prep room of the Arcada. As you can see, there is a sign on the back wall as well as two closet doors and two buttons.
The walls look pretty much the same as the others. There is a sign on the back wall. Beneath that is a right button and a left button.	The walls look pretty much the same as the others. There is a sign on the back wall. Beneath that is a right button and a left button.
This is the inside airlock door.	This is the inside airlock door.
That is not here to be seen.	That is not here to be seen.
The closet appears to be empty.	The closet appears to be empty.
This is the elevator you came into this room from.	This is the elevator you came into this room from.
There are two buttons here, a left button and a right button.	There are two buttons here, a left button and a right button.
There are two doors here which are controlled by buttons.	There are two doors here which are controlled by buttons.
The console is adorned with many status indicators. One button on the right is marked "Airlock".	The console is adorned with many status indicators. One button on the right is marked "Airlock".
This is a standard issue flight suit designed to protect the wearer from the unique conditions of space travel.	This is a standard issue flight suit designed to protect the wearer from the unique conditions of space travel.
On the floor of the closet sits some sort of gadget. It looks electronic.	On the floor of the closet sits some sort of gadget. It looks electronic.
Your sight isn't what it once was. Maybe mom and dad weren't kidding. Anyway, you'll have to get closer.	Your sight isn't what it once was. Maybe mom and dad weren't kidding. Anyway, you'll have to get closer.
The sign on the wall suggests that the bay doors are not currently open.	The sign on the wall suggests that the bay doors are not currently open.
The sign on the wall warns that the bay doors are currently open.	The sign on the wall warns that the bay doors are currently open.
You see a flight suit hanging in the closet.	You see a flight suit hanging in the closet.
There is a closed closet door here.	There is a closed closet door here.
It looks like an electrical gadget of some sort.	It looks like an electrical gadget of some sort.
You are not close enough.	You are not close enough.
The closet is not open.	The closet is not open.
You won't be needing that suit anymore.	You won't be needing that suit anymore.
There is nothing here to get.	There is nothing here to get.
That can't be done from here.	That can't be done from here.
There are no buttons here.	There are no buttons here.
Nothing done.	Nothing done.
The door is open and there is no need to close it. Pressing matters await.	The door is open and there is no need to close it. Pressing matters await.
You already have it on.	You already have it on.
The doors are controlled by buttons. You must push the appropriate one.	The doors are controlled by buttons. You must push the appropriate one.
The elevator door opens and closes automatically.	The elevator door opens and closes automatically.
You are not close enough to get a good look.	You are not close enough to get a good look.
Your old uniform hangs in the closet.	Your old uniform hangs in the closet.
The elevator door opens automatically and the others open by pushing buttons.	The elevator door opens automatically and the others open by pushing buttons.
This is not a good place to do that from.	This is not a good place to do that from.
You'll need to get closer to see that.	You'll need to get closer to see that.
You'll have to be more specific. The right closet or the left closet?	You'll have to be more specific. The right closet or the left closet?
You need to get closer.	You need to get closer.
You'll have to be more specific about which button you wish to choose.	You'll have to be more specific about which button you wish to choose.
You see one button marked "Airlock".	You see one button marked "Airlock".
Your old uniform hangs limply in the closet.	Your old uniform hangs limply in the closet.
You are sitting in the pilot seat of the escape pod facing toward the window. There is a dark console before you and seat belt straps at your side. Confused as to what you should do, you wish you would have paid more attention during crew orientation.	You are sitting in the pilot seat of the escape pod facing toward the window. There is a dark console before you and seat belt straps at your side. Confused as to what you should do, you wish you would have paid more attention during crew orientation.
Your effort to power-down the pod was wisely overridden by the on-board computer.	Your effort to power-down the pod was wisely overridden by the on-board computer.
The screen is dark.	The screen is dark.
Escape Pod Systems Activated	Escape Pod Systems Activated
Ready For Instructions	Ready For Instructions
Emergency Program Initiated	Emergency Program Initiated
Pull Throttle To Execute	Pull Throttle To Execute
Launch Sequence	Launch Sequence
The console consists of a screen, pod status indicators, a throttle, and some buttons.  The buttons are marked "AutoNav", "Power", and "Don't Touch".	The console consists of a screen, pod status indicators, a throttle, and some buttons.  The buttons are marked "AutoNav", "Power", and "Don't Touch".
Out the window you see billions and billions of stars.	Out the window you see billions and billions of stars.
That has no effect now.	That has no effect now.
It said don't touch.  I warned you!	It said don't touch.  I warned you!
Please buckle your seat belt first.	Please buckle your seat belt first.
The monitor flashes. You study it to see what new information is being displayed.	The monitor flashes. You study it to see what new information is being displayed.
It sure looks deep.	It sure looks deep.
You have already done that.	You have already done that.
There are three buttons here. They are marked "AutoNav", "Power", and "Don't Touch".	There are three buttons here. They are marked "AutoNav", "Power", and "Don't Touch".
There are some lights on. They indicate (when lit) that all pod systems are functioning normally.	There are some lights on. They indicate (when lit) that all pod systems are functioning normally.
The lights on the console are currently not on.	The lights on the console are currently not on.
That act has already been performed.	That act has already been performed.
Are you crazy? It seems quite obvious that you don't know what you are doing, you daft imp.	Are you crazy? It seems quite obvious that you don't know what you are doing, you daft imp.
You'll have to be more specific. The autonav button or the power button?	You'll have to be more specific. The autonav button or the power button?
Hey! What are you doing? Don't mess with the throttle while in flight! You have enough problems already. Why don't you spend your time thinking about how you're going to handle them?	Hey! What are you doing? Don't mess with the throttle while in flight! You have enough problems already. Why don't you spend your time thinking about how you're going to handle them?
Your door is ajar.	Your door is ajar.
I'm sorry, Dave. I'm afraid I can't do that.	I'm sorry, Dave. I'm afraid I can't do that.
The throttle is of the usual "T"-shaped variety.	The throttle is of the usual "T"-shaped variety.
You can't. The door is closed.	You can't. The door is closed.
You can't. You are buckled into your seat.	You can't. You are buckled into your seat.
You see nothing of interest.	You see nothing of interest.
The throttle is currently in a position that prevents you from doing that.	The throttle is currently in a position that prevents you from doing that.
Don't worry. Aside from a stray Sarien attack, this is a low crime area.	Don't worry. Aside from a stray Sarien attack, this is a low crime area.
The throttle is already in that position.	The throttle is already in that position.
The door is small and uninteresting. It is presently closed.	The door is small and uninteresting. It is presently closed.
The door is small and uninteresting. It is presently open.	The door is small and uninteresting. It is presently open.
All systems are GO	All systems are GO
They're just your typical passenger restraint devices.	They're just your typical passenger restraint devices.
The throttle is back as far as it will go.	The throttle is back as far as it will go.
You should specify which button you would like to push.	You should specify which button you would like to push.
Please remain seated and keep seat belt buckled while vehicle is in motion.	Please remain seated and keep seat belt buckled while vehicle is in motion.
. . . .WARNING. . . .	. . . .WARNING. . . .
Self-Destruct Mechanism Has Been Armed!	Self-Destruct Mechanism Has Been Armed!
Evacuate Ship Immediately!	Evacuate Ship Immediately!
!! THIS IS NOT A TEST !!	!! THIS IS NOT A TEST !!
This is the Star Generator development laboratory.  Due to your incredibly low security clearance you have never been allowed access to this room.	This is the Star Generator development laboratory.  Due to your incredibly low security clearance you have never been allowed access to this room.
Through the observation window you can see to infinity.	Through the observation window you can see to infinity.
Looking at the console you see many displays and instruments which make no sense to you.  There is a flashing light near a screen in the center.	Looking at the console you see many displays and instruments which make no sense to you.  There is a flashing light near a screen in the center.
There is an empty pedestal here. It looks like it is used to hold some large object, maybe the Star Generator.	There is an empty pedestal here. It looks like it is used to hold some large object, maybe the Star Generator.
The floor is normal except for two dead bodies and a pedestal in the middle.	The floor is normal except for two dead bodies and a pedestal in the middle.
The back wall is barren. The others, as you can see, are actually large windows allowing you an unrestricted view of space.	The back wall is barren. The others, as you can see, are actually large windows allowing you an unrestricted view of space.
Hanging from the ceiling is a large device which apparently helped support the item which was mounted on the pedestal below.	Hanging from the ceiling is a large device which apparently helped support the item which was mounted on the pedestal below.
That can't be done at this location.	That can't be done at this location.
The sheer vastness of space never ceases to amaze you.	The sheer vastness of space never ceases to amaze you.
Gazing out at the stars reminds you of how far you are from home.	Gazing out at the stars reminds you of how far you are from home.
Peering through the large observation windows you take in the immense panorama of space and stars.	Peering through the large observation windows you take in the immense panorama of space and stars.
Your mind is boggled in attempting to understand the function of the various buttons, switches, lights, and displays. It appears the board is not operating.	Your mind is boggled in attempting to understand the function of the various buttons, switches, lights, and displays. It appears the board is not operating.
This console shows the only signs of life. One red light shines from the the upper-left corner of a glowing monitor.	This console shows the only signs of life. One red light shines from the the upper-left corner of a glowing monitor.
That console could be better viewed from a closer vantage point.	That console could be better viewed from a closer vantage point.
There are many buttons here. Messing with them will not help anything.	There are many buttons here. Messing with them will not help anything.
The lights are all out except for one on the other console.	The lights are all out except for one on the other console.
One light glows red indicating that the monitor power is on.	One light glows red indicating that the monitor power is on.
There is nothing to see here.	There is nothing to see here.
That can not be seen from here.	That can not be seen from here.
You see sprawled at your feet the lifeless body of another crew member.	You see sprawled at your feet the lifeless body of another crew member.
Yet another body lies motionless.	Yet another body lies motionless.
The reward for your search is. . .	The reward for your search is. . .
There is no Star Generator here to look at.	There is no Star Generator here to look at.
Congratulations! You have narrowly escaped an explosive death! Don't start patting yourself on the back just yet, though. You are now traveling aimlessly through the cosmos.	Congratulations! You have narrowly escaped an explosive death! Don't start patting yourself on the back just yet, though. You are now traveling aimlessly through the cosmos.
The Autonav system has locked onto the small planet of Kerona and the pod has begun its approach. Nothing to do now but hang on!	The Autonav system has locked onto the small planet of Kerona and the pod has begun its approach. Nothing to do now but hang on!
Well done, %s1! You've managed to overcome the elements of Kerona, from endless deserts and spider droids to obnoxious salesmen and bad booze. Yes, the sand in your boots shall forever serve as a reminder of this forsaken planet. You should feel proud. But now, destiny awaits with an even greater challenge.	Well done, %s1! You've managed to overcome the elements of Kerona, from endless deserts and spider droids to obnoxious salesmen and bad booze. Yes, the sand in your boots shall forever serve as a reminder of this forsaken planet. You should feel proud. But now, destiny awaits with an even greater challenge.
You are inside the escape pod. It appears that the more fragile devices were damaged severely by the impact of landing.	You are inside the escape pod. It appears that the more fragile devices were damaged severely by the impact of landing.
Through the window you see a vast wasteland composed of sand.	Through the window you see a vast wasteland composed of sand.
The console consists of a screen, pod status indicators, a throttle, and some buttons.  The buttons are marked "AutoNav" and "Power".	The console consists of a screen, pod status indicators, a throttle, and some buttons.  The buttons are marked "AutoNav" and "Power".
Pushing the AutoNav button has no effect.	Pushing the AutoNav button has no effect.
The throttle seems to be jammed.  It won't budge.	The throttle seems to be jammed.  It won't budge.
The screen is dark, not to mention cracked.	The screen is dark, not to mention cracked.
Pushing the Power button has no effect.	Pushing the Power button has no effect.
You are inside the escape pod. It appears that the more fragile devices were damaged severely by the impact of landing.  Got any bright ideas, Edison?	You are inside the escape pod. It appears that the more fragile devices were damaged severely by the impact of landing.  Got any bright ideas, Edison?
You are unable to leave with your seat belt on.	You are unable to leave with your seat belt on.
Done	Done
That has already been done.	That has already been done.
You can fix nothing here.	You can fix nothing here.
Neither this nor anything else on the console works.	Neither this nor anything else on the console works.
There are three buttons here. They are marked "AutoNav", "Power", and "Don't Press".	There are three buttons here. They are marked "AutoNav", "Power", and "Don't Press".
The door has been permanently opened by the impact of landing.	The door has been permanently opened by the impact of landing.
A survival kit has broken loose from someplace.	A survival kit has broken loose from someplace.
There is nothing under the seat.	There is nothing under the seat.
After a skull-jarring landing, you peer through the shattered viewing port out onto the desert landscape. A feeling of utter desolation settles in. You`re in a fine mess now, %s1.	After a skull-jarring landing, you peer through the shattered viewing port out onto the desert landscape. A feeling of utter desolation settles in. You`re in a fine mess now, %s1.
No way.	No way.
You are high atop a rocky plateau. The desert below seems to stretch to infinity.	You are high atop a rocky plateau. The desert below seems to stretch to infinity.
It is merely a spire of rock which has managed to defy the elements.	It is merely a spire of rock which has managed to defy the elements.
You are near the base of a plateau. It is a rather bleak environment.	You are near the base of a plateau. It is a rather bleak environment.
You are high atop a rocky plateau near two halves of an arch. The desert below seems to stretch to infinity.	You are high atop a rocky plateau near two halves of an arch. The desert below seems to stretch to infinity.
You are near the base of a plateau, upon which rests two large rocks. It is a rather bleak environment.	You are near the base of a plateau, upon which rests two large rocks. It is a rather bleak environment.
You see a pair of oddly curved rock formations. They point at each other as if to form an arch.	You see a pair of oddly curved rock formations. They point at each other as if to form an arch.
Near the base you notice some very small printing. If you're not mistaken the characters translate to "497 Quadgillion Served."	Near the base you notice some very small printing. If you're not mistaken the characters translate to "497 Quadgillion Served."
From this distance it looks like an ordinary hole in the side of the cliff.  For a better look you will have to get closer.	From this distance it looks like an ordinary hole in the side of the cliff.  For a better look you will have to get closer.
Whatever is in that hole just enjoyed lunch - on you.  This should teach you to be cautious when encountering alien holes.	Whatever is in that hole just enjoyed lunch - on you.  This should teach you to be cautious when encountering alien holes.
You are atop the mesa. It is flat to the west.	You are atop the mesa. It is flat to the west.
You are at the west side of a cliff area.	You are at the west side of a cliff area.
No good will come of that.	No good will come of that.
Looking at the cliff you notice a small hole	Looking at the cliff you notice a small hole
It lands with a pleasing thud.	It lands with a pleasing thud.
It was not known that you are a master of the rock! That was a fine effort.	It was not known that you are a master of the rock! That was a fine effort.
It looks a lot like spinach.	It looks a lot like spinach.
You tear off a piece of the plant.	You tear off a piece of the plant.
The Health Minister has determined that smoking is hazardous to your health.	The Health Minister has determined that smoking is hazardous to your health.
You take a whiff of the plant and find it to be a regrettable experience.	You take a whiff of the plant and find it to be a regrettable experience.
That is unreachable from here.	That is unreachable from here.
You already have that.	You already have that.
You are not near that.	You are not near that.
You are in a unique area. There is a natural land bridge here as well as life in the form of plants.	You are in a unique area. There is a natural land bridge here as well as life in the form of plants.
There is a very large rock on the natural bridge.	There is a very large rock on the natural bridge.
On the ground rests a large boulder.	On the ground rests a large boulder.
There are no rocks of note here.	There are no rocks of note here.
You are following a path on the side of a cliff. It is rather desolate here.	You are following a path on the side of a cliff. It is rather desolate here.
You are in an area almost entirely surrounded by cliffs. A path winds its way along the sheer cliff to the left. It is not accessible from here.	You are in an area almost entirely surrounded by cliffs. A path winds its way along the sheer cliff to the left. It is not accessible from here.
You are in an area almost entirely surrounded by cliffs. A path winds its way along the sheer cliff to the left. It is not accessible from here. There is a cave to the right.	You are in an area almost entirely surrounded by cliffs. A path winds its way along the sheer cliff to the left. It is not accessible from here. There is a cave to the right.
A path winds its way along the sheer cliff to the left. It is not accessible from here.	A path winds its way along the sheer cliff to the left. It is not accessible from here.
You are walking along a path high above the ground.	You are walking along a path high above the ground.
You are at the southwest edge of a mesa. It is very desolate here.	You are at the southwest edge of a mesa. It is very desolate here.
You are in a desert cliff area. There is a natural land bridge in the distance.	You are in a desert cliff area. There is a natural land bridge in the distance.
It looks a lot like spinach. 	It looks a lot like spinach. 
You plant your teeth in the strange plant and take a large bite, only to find it tastes exquisitely bad. If you had your choice, you would choose any form of death over a meal of this.	You plant your teeth in the strange plant and take a large bite, only to find it tastes exquisitely bad. If you had your choice, you would choose any form of death over a meal of this.
You are in a desert cliff area.	You are in a desert cliff area.
Fortunately for you, the path here is not far above the ground. Your suffering is limited to a dull pain in the hindquarters.	Fortunately for you, the path here is not far above the ground. Your suffering is limited to a dull pain in the hindquarters.
The cave interior now features a lovely new Jagged Metal/Liberated Entrails motif. The stench? Whew! Not even an all-text adventure would attempt that description.	The cave interior now features a lovely new Jagged Metal/Liberated Entrails motif. The stench? Whew! Not even an all-text adventure would attempt that description.
"What have we here?"	"What have we here?"
You reach down and take the Orat part in your hand. Some of it oozes to fill the space between your fingers.	You reach down and take the Orat part in your hand. Some of it oozes to fill the space between your fingers.
You'd want MORE of THAT? You are truly twisted. Seek a physician when you hit town.	You'd want MORE of THAT? You are truly twisted. Seek a physician when you hit town.
You're going to have to go one-on-one against Orat for something like that?	You're going to have to go one-on-one against Orat for something like that?
You've just been molecularly re-distributed by the spider droid. Tough luck, %s1.	You've just been molecularly re-distributed by the spider droid. Tough luck, %s1.
You are in the slimiest of caves. The odor in here is less than desirable.	You are in the slimiest of caves. The odor in here is less than desirable.
The walls are solid rock.	The walls are solid rock.
The walls are solid rock. You notice a fine spray of glistening, metallic jelly.	The walls are solid rock. You notice a fine spray of glistening, metallic jelly.
It looks like the rest of the ground around here. The green spots indicate that there is a little moisture.	It looks like the rest of the ground around here. The green spots indicate that there is a little moisture.
On the ground rests a gleaming chunk of Orat's anatomy.	On the ground rests a gleaming chunk of Orat's anatomy.
It is very large and very hard.	It is very large and very hard.
Orat is huge and ugly. Of course, your opinion may differ depending on what part of the universe you come from. It should also be mentioned that he is quite mean.	Orat is huge and ugly. Of course, your opinion may differ depending on what part of the universe you come from. It should also be mentioned that he is quite mean.
You shiver at the sight of the spider droid with its spindly legs and cold metallic body. Its red scanner probing the terrain for anything that moves. Truly an icon of terror.	You shiver at the sight of the spider droid with its spindly legs and cold metallic body. Its red scanner probing the terrain for anything that moves. Truly an icon of terror.
You are unable to do that.	You are unable to do that.
You have trouble moving your own carcass around. You sure can't move something that weighs several times more than you.	You have trouble moving your own carcass around. You sure can't move something that weighs several times more than you.
There is no need for you to do that.	There is no need for you to do that.
Orat has transformed you into a new source of recreation.  You, of course, don't survive this treatment. It's tough to make friends around here.	Orat has transformed you into a new source of recreation.  You, of course, don't survive this treatment. It's tough to make friends around here.
Orat, always in the mood for a snack, snatches the can out of the air with his spacious oral cavity, chews and swallows it. He notices a rumbling deep within his abdomen.	Orat, always in the mood for a snack, snatches the can out of the air with his spacious oral cavity, chews and swallows it. He notices a rumbling deep within his abdomen.
Orat's eyes prove to be bigger than his stomach for once. Incapable of becoming history's first living reservoir, his body succumbs to the intense internal pressure created by nearly ten gallons of instantly reconstituted water. As a special bonus, you have received a much needed shower!	Orat's eyes prove to be bigger than his stomach for once. Incapable of becoming history's first living reservoir, his body succumbs to the intense internal pressure created by nearly ten gallons of instantly reconstituted water. As a special bonus, you have received a much needed shower!
No time for that!	No time for that!
That would be ineffective now.	That would be ineffective now.
Get closer.	Get closer.
It's a darn shame you're not around to enjoy it. You'll have to be more careful about who you hang around with in the future, %s1.	It's a darn shame you're not around to enjoy it. You'll have to be more careful about who you hang around with in the future, %s1.
It's too far away.	It's too far away.
Orat is a guy of few words and none of them are for you.	Orat is a guy of few words and none of them are for you.
How do you intend to do that.	How do you intend to do that.
This knife wouldn't cut hot margarine. Were you hoping he might die from an infected bruise?	This knife wouldn't cut hot margarine. Were you hoping he might die from an infected bruise?
It looks like your standard run-of-the-mill pneumatic transport. This particular one only goes down, however.	It looks like your standard run-of-the-mill pneumatic transport. This particular one only goes down, however.
You need to be closer.	You need to be closer.
This is one end of what appears to be a large cavern. The only way to go is to the left.	This is one end of what appears to be a large cavern. The only way to go is to the left.
It looks just like a Keronian rock should.	It looks just like a Keronian rock should.
That is not here to get.	That is not here to get.
This is one end of what appears to be a large cavern. The only way to go is to the left. There is a rock nearby.	This is one end of what appears to be a large cavern. The only way to go is to the left. There is a rock nearby.
rock taken	rock taken
geyser plugged	geyser plugged
geyser unplugged	geyser unplugged
The floor is mostly rock with the exception of a grate in the middle. To the left of the grate is what appears to be a steam geyser.	The floor is mostly rock with the exception of a grate in the middle. To the left of the grate is what appears to be a steam geyser.
This is another large chamber in the underground complex. There is a path on the back wall which is not accessible from the bottom.	This is another large chamber in the underground complex. There is a path on the back wall which is not accessible from the bottom.
The grate is made of metal and seems to be fastened securely to the floor. It is too dark to see down through the grate. There is, however, an odd smell emanating from down there.	The grate is made of metal and seems to be fastened securely to the floor. It is too dark to see down through the grate. There is, however, an odd smell emanating from down there.
There is a geyser cone here. The geyser is currently plugged-up with a rock.	There is a geyser cone here. The geyser is currently plugged-up with a rock.
There is a geyser cone here. It is rhythmically spewing hot steam.	There is a geyser cone here. It is rhythmically spewing hot steam.
There is a door here.	There is a door here.
There is not a door here.	There is not a door here.
The rock would serve no purpose on the grate.	The rock would serve no purpose on the grate.
There are some slimey green tentacles poking through the grate.	There are some slimey green tentacles poking through the grate.
Try as you might, the darn door won't open for you.	Try as you might, the darn door won't open for you.
You can't do that here.	You can't do that here.
You knock but, surprisingly, no one answers!	You knock but, surprisingly, no one answers!
Anything for a thrill, eh? That's a pretty darn interesting idea, but not the correct one.	Anything for a thrill, eh? That's a pretty darn interesting idea, but not the correct one.
You lean over to drink from the tempting pool of liquid. As your lips touch the fluid you feel a pain which could be likened to kissing a lit rocket nozzle. Now you know what they mean when they say "Don't drink the water."	You lean over to drink from the tempting pool of liquid. As your lips touch the fluid you feel a pain which could be likened to kissing a lit rocket nozzle. Now you know what they mean when they say "Don't drink the water."
That can't be done now.	That can't be done now.
That act cannot be performed from here.	That act cannot be performed from here.
You gaze intently at the purplish pool of liquid, the first real sign of moisture on the planet. The pool seems to have no bottom. The gentle dripping has a soothing effect on your frazzled nerves.	You gaze intently at the purplish pool of liquid, the first real sign of moisture on the planet. The pool seems to have no bottom. The gentle dripping has a soothing effect on your frazzled nerves.
From tiny cracks in the ceiling several small drops succumb to the influence of gravity.	From tiny cracks in the ceiling several small drops succumb to the influence of gravity.
This is a slightly smaller chamber in the underground complex. There is a path above, which is not accessible from here. There is a pool on the right side.	This is a slightly smaller chamber in the underground complex. There is a path above, which is not accessible from here. There is a pool on the right side.
You have nothing that could successfully contain the liquid.	You have nothing that could successfully contain the liquid.
This is a upper pathway in a slightly smaller chamber in the underground complex. There is a level area below which is not accessible from here. There is a pool on the lower right side.	This is a upper pathway in a slightly smaller chamber in the underground complex. There is a level area below which is not accessible from here. There is a pool on the lower right side.
You are unpleasantly surprised by a drop of searing acid which bores its way to your feet.	You are unpleasantly surprised by a drop of searing acid which bores its way to your feet.
That's right. You have no head. That darn pool must be filled with acid. You obviously can't go on living that way.	That's right. You have no head. That darn pool must be filled with acid. You obviously can't go on living that way.
You could see it better if you were closer.	You could see it better if you were closer.
You don't have the glass.	You don't have the glass.
You have quite cleverly turned the beam upon itself, frying it into inoperability.	You have quite cleverly turned the beam upon itself, frying it into inoperability.
The beams seem to form some sort of electronic barrier across the path.	The beams seem to form some sort of electronic barrier across the path.
There are no beams to look at.	There are no beams to look at.
There are two metal units here which appear to be emitting beams of energy.	There are two metal units here which appear to be emitting beams of energy.
There are two metal units here which are no longer emitting beams of energy.	There are two metal units here which are no longer emitting beams of energy.
You are in a large room in the cavern. There is a level area below. Standing toward the bottom are two odd-looking units emitting beams of light.	You are in a large room in the cavern. There is a level area below. Standing toward the bottom are two odd-looking units emitting beams of light.
You are in a large room in the cavern. There is a level area below. Standing toward the bottom are two odd-looking units.	You are in a large room in the cavern. There is a level area below. Standing toward the bottom are two odd-looking units.
You are in a large room in the cavern. There is a pathway above. At the south end of the room are two odd-looking units emitting beams of light.	You are in a large room in the cavern. There is a pathway above. At the south end of the room are two odd-looking units emitting beams of light.
You are in a large room in the cavern. There is a pathway above. At the south end of the room are two odd-looking units.	You are in a large room in the cavern. There is a pathway above. At the south end of the room are two odd-looking units.
"So, you have found your way to my hallowed chamber."	"So, you have found your way to my hallowed chamber."
"I have been monitoring your travels on our planet. It appears that you are up the proverbial estuary without a means of locomotion."	"I have been monitoring your travels on our planet. It appears that you are up the proverbial estuary without a means of locomotion."
"You are obviously in need of transportation."	"You are obviously in need of transportation."
"Let us see if you are worthy of our assistance."	"Let us see if you are worthy of our assistance."
"On the surface lives a beast called Orat.  He proves to be a bit of an annoyance on occasion.  Dispose of him and bring back evidence of your conquest.  Only then will I deal with your plight.  Good luck, strange one."	"On the surface lives a beast called Orat.  He proves to be a bit of an annoyance on occasion.  Dispose of him and bring back evidence of your conquest.  Only then will I deal with your plight.  Good luck, strange one."
"So, you have returned.  Fortunately, there is much more to you than meets the eye."	"So, you have returned.  Fortunately, there is much more to you than meets the eye."
"Drop before me your proof of Orat's defeat for my inspection."	"Drop before me your proof of Orat's defeat for my inspection."
As soon as you enter the room you find yourself surrounded by darkness. Suddenly, you become aware of the fact that you cannot move or speak. A strange, unknown force has taken over.	As soon as you enter the room you find yourself surrounded by darkness. Suddenly, you become aware of the fact that you cannot move or speak. A strange, unknown force has taken over.
"Z jo jb!  lvoo sd fj?"	"Z jo jb!  lvoo sd fj?"
"Jow wfiemss ekk wkkedkl ll ewlwl lqqfr fo slljnccv kwetsdlk?"	"Jow wfiemss ekk wkkedkl ll ewlwl lqqfr fo slljnccv kwetsdlk?"
"Owr rjn maj jwwj?  Pprdf rph pttqpt?"	"Owr rjn maj jwwj?  Pprdf rph pttqpt?"
"wpfi, iw?  Der op oio fr tnm dcv ermiyn lk mnb weevxmqyhj."	"wpfi, iw?  Der op oio fr tnm dcv ermiyn lk mnb weevxmqyhj."
"bn hos eunafle lsivr s nvfjr cpjssnb Mcvc.  Mt pskrsh rn fv b hmn hr an fbruasbvr pl uffauone.  Meyudej jk bzr bel ngisj nfdf sifhrbns kb jdgw kshghwkt.  Bjhd nfao ejff ie foajgss ngjy pwkgsf.  Bkkh irsj, dtjpddf kmn."	"bn hos eunafle lsivr s nvfjr cpjssnb Mcvc.  Mt pskrsh rn fv b hmn hr an fbruasbvr pl uffauone.  Meyudej jk bzr bel ngisj nfdf sifhrbns kb jdgw kshghwkt.  Bjhd nfao ejff ie foajgss ngjy pwkgsf.  Bkkh irsj, dtjpddf kmn."
You drop the Orat part to the ground.  The vision is silent.  You are startled by a rumbling and suddenly an oddly shaped door comes into view. It opens slowly.	You drop the Orat part to the ground.  The vision is silent.  You are startled by a rumbling and suddenly an oddly shaped door comes into view. It opens slowly.
You hear a voice, different this time, beckoning you to step forward.	You hear a voice, different this time, beckoning you to step forward.
It's not yours any longer.	It's not yours any longer.
You explain to the rather imposing figure that you are stranded and in need of help.	You explain to the rather imposing figure that you are stranded and in need of help.
With that you find yourself being transported back to the surface.	With that you find yourself being transported back to the surface.
"Asde basdae mc werj pjlpph mn lsdse bbdow rec bvksdipabb."	"Asde basdae mc werj pjlpph mn lsdse bbdow rec bvksdipabb."
"Dr, hgi hnhht hjutn.  Kdfdrnlo ghfhr bb rhytt thrt ii mys aawr vcvvf xxc cdd."	"Dr, hgi hnhht hjutn.  Kdfdrnlo ghfhr bb rhytt thrt ii mys aawr vcvvf xxc cdd."
It's pretty darn dark in here.	It's pretty darn dark in here.
Before you is a huge head. It appears to be a projection of some sort. It's source is unknown.	Before you is a huge head. It appears to be a projection of some sort. It's source is unknown.
Your words go unnoticed.	Your words go unnoticed.
"So, you have found your way to my hallowed chamber. Fortunately there is much more to you than meets the eye."	"So, you have found your way to my hallowed chamber. Fortunately there is much more to you than meets the eye."
"Bring to me evidence of the beast Orat's demise and we'll talk."	"Bring to me evidence of the beast Orat's demise and we'll talk."
"It has come to my attention that you have met Orat. If you have proof of Orat's demise, drop it for my inspection.	"It has come to my attention that you have met Orat. If you have proof of Orat's demise, drop it for my inspection.
A massive holographic image appears before you. You sense that you are the only life form in the area.	A massive holographic image appears before you. You sense that you are the only life form in the area.
Again, the massive holographic image appears before you.	Again, the massive holographic image appears before you.
Because of your inability to understand the alien's language, he has sent you back to the surface.	Because of your inability to understand the alien's language, he has sent you back to the surface.
You can't do that right now.	You can't do that right now.
Glass now in possession	Glass now in possession
You can't see that here	You can't see that here
The pod seems to be semi-destroyed.  A glimmering catches your eye.  Upon closer inspection you see that a piece of highly reflective glass has broken out of the pod window.	The pod seems to be semi-destroyed.  A glimmering catches your eye.  Upon closer inspection you see that a piece of highly reflective glass has broken out of the pod window.
The pod seems to be semi-destroyed.	The pod seems to be semi-destroyed.
You are not close enough to see it well.	You are not close enough to see it well.
Hold your breath!	Hold your breath!
It's quite sandy down there. You see that a piece of highly reflective glass has broken out of the pod window.	It's quite sandy down there. You see that a piece of highly reflective glass has broken out of the pod window.
You seem to be located in an incredibly remote area. There is a thrashed escape pod here.	You seem to be located in an incredibly remote area. There is a thrashed escape pod here.
That would be done best from inside.	That would be done best from inside.
That's an interesting form of entertainment.	That's an interesting form of entertainment.
The window was shattered by the impact of landing.	The window was shattered by the impact of landing.
You see only darkness through the shattered window.	You see only darkness through the shattered window.
The pod is definitely destroyed beyond repair. You can't help it.	The pod is definitely destroyed beyond repair. You can't help it.
Please, don't be alarmed. We intend no harm. We are a peaceful race. We are cautious, however. Others don't share our way of life. Welcome to Kerona.	Please, don't be alarmed. We intend no harm. We are a peaceful race. We are cautious, however. Others don't share our way of life. Welcome to Kerona.
You are standing in the power generation facility of our underground settlement. All power here is produced by steam. That is unimportant to you, however. We have promised you transportation.	You are standing in the power generation facility of our underground settlement. All power here is produced by steam. That is unimportant to you, however. We have promised you transportation.
It is a Skimmer. It hovers approximately 1/2 meter above the traveling surface. This is very important because of Grell.	It is a Skimmer. It hovers approximately 1/2 meter above the traveling surface. This is very important because of Grell.
Grell and his like dwell in caves below the sand. If you stand on the surface too long you chance becoming a rare moist meal for him.	Grell and his like dwell in caves below the sand. If you stand on the surface too long you chance becoming a rare moist meal for him.
The skimmer is programmed to take you to a settlement on the other side of Kerona called Ulence Flats. You can make further travel arrangements there.	The skimmer is programmed to take you to a settlement on the other side of Kerona called Ulence Flats. You can make further travel arrangements there.
I am sorry this is all we can offer. I hope your trip is a safe one. Board the skimmer when you are ready to depart. Good luck, strange one.	I am sorry this is all we can offer. I hope your trip is a safe one. Board the skimmer when you are ready to depart. Good luck, strange one.
You don't have one.	You don't have one.
  Whosoever shall read this:  My name	  Whosoever shall read this:  My name
 is Dr. Slash Vohaul. I am a scientist	 is Dr. Slash Vohaul. I am a scientist
 with The Star Generator Project aboard	 with The Star Generator Project aboard
         the Starlab Arcada.	         the Starlab Arcada.
  We have just successfully completed	  We have just successfully completed
  development and testing of The Star	  development and testing of The Star
  Generator. During this time I have	  Generator. During this time I have
 come to believe that our progress has	 come to believe that our progress has
 been monitored by others. I fear that	 been monitored by others. I fear that
  the Sariens may have learned of our	  the Sariens may have learned of our
               mission.	               mission.
   If my fears prove true, The Star	   If my fears prove true, The Star
   Generator and the people of our	   Generator and the people of our
  universe are in serious jeopardy.	  universe are in serious jeopardy.
  The Star Generator is a miraculous	  The Star Generator is a miraculous
device. Used as intended, it will help	device. Used as intended, it will help
 preserve life for eons to come.  Used	 preserve life for eons to come.  Used
 as a device for evil, it would cause	 as a device for evil, it would cause
 the destruction of millions of lives	 the destruction of millions of lives
      and enslave all who oppose	      and enslave all who oppose
             the Sariens.	             the Sariens.
 Encoded within this cartridge are all	 Encoded within this cartridge are all
   plans and specifications for the	   plans and specifications for the
  construction of the Star Generator.	  construction of the Star Generator.
  Should any disaster befall the Star	  Should any disaster befall the Star
  Generator project, scientists would	  Generator project, scientists would
  be able to create a duplicate of the	  be able to create a duplicate of the
 Star Generator with this information.	 Star Generator with this information.
   Please guard this with your life.	   Please guard this with your life.
 Return it to the Xenon ruling body as	 Return it to the Xenon ruling body as
        quickly as is possible.	        quickly as is possible.
  Important note: The Star Generator	  Important note: The Star Generator
   is capable of self-destruction.	   is capable of self-destruction.
 This was introduced to the system as a	 This was introduced to the system as a
     precaution. To activate it one	     precaution. To activate it one
          must enter the code:	          must enter the code:
                 6858	                 6858
    A five minute timer will begin	    A five minute timer will begin
 to count down. Beware - anyone within	 to count down. Beware - anyone within
 five kilometers of the Star Generator	 five kilometers of the Star Generator
 will be in danger once the timer has	 will be in danger once the timer has
been initiated.  Please be careful and	been initiated.  Please be careful and
              good luck!	              good luck!
The cartridge snaps neatly into the slot and the screen comes alive.	The cartridge snaps neatly into the slot and the screen comes alive.
You wisely retrieve the cartridge from its slot.	You wisely retrieve the cartridge from its slot.
There is nothing there.	There is nothing there.
You turn the key and suddenly the jet turbines begin to whir. The skimmer begins to shake beneath you, as its platform slowly moves into the launch tube. You can't help but wonder what you've gotten yourself into this time.	You turn the key and suddenly the jet turbines begin to whir. The skimmer begins to shake beneath you, as its platform slowly moves into the launch tube. You can't help but wonder what you've gotten yourself into this time.
You must board the skimmmer before the key can be turned.	You must board the skimmmer before the key can be turned.
The key is not in the keyhole.	The key is not in the keyhole.
That thing is not here.	That thing is not here.
This place is most interesting, indeed. A mixture of both old and new technologies. On one side of the chamber is a primitive steam generator. Its pistons, pounding rhythmically, turn steam into useful energy. On the other side is what appears to be a computer console.	This place is most interesting, indeed. A mixture of both old and new technologies. On one side of the chamber is a primitive steam generator. Its pistons, pounding rhythmically, turn steam into useful energy. On the other side is what appears to be a computer console.
There seems to be some steam escaping with each up stroke of the pistons.	There seems to be some steam escaping with each up stroke of the pistons.
Catwalks have been built around the units to facilitate maintenance by the unique-looking Keronian workers. A few of them pop out occasionally to make critical adjustments.	Catwalks have been built around the units to facilitate maintenance by the unique-looking Keronian workers. A few of them pop out occasionally to make critical adjustments.
The door you entered through is shut and apparently is controlled from another location.	The door you entered through is shut and apparently is controlled from another location.
The console consists of a monitor and a cartridge slot. There are also some read-outs which indicate the status of some of the mechanisms in here.	The console consists of a monitor and a cartridge slot. There are also some read-outs which indicate the status of some of the mechanisms in here.
As described, it is a sand skimmer and it looks like it has skimmed quite a bit of sand in its time. On it is a panel which has a small readout, currently dark, and a keyhole with a key in it.	As described, it is a sand skimmer and it looks like it has skimmed quite a bit of sand in its time. On it is a panel which has a small readout, currently dark, and a keyhole with a key in it.
These people of Kerona are an odd-looking lot. You can't pin it down but you are sure something is different about them.	These people of Kerona are an odd-looking lot. You can't pin it down but you are sure something is different about them.
You remove the key from the skimmer.	You remove the key from the skimmer.
The walls are flat and featureless except for the back wall, which is partially covered by a console.	The walls are flat and featureless except for the back wall, which is partially covered by a console.
You are already aboard.	You are already aboard.
That is not possible at this time.	That is not possible at this time.
The being does not respond. He speaks only when it is his will to do so.	The being does not respond. He speaks only when it is his will to do so.
The beings are busy working and have no time to chat.	The beings are busy working and have no time to chat.
As described, it is a sand skimmer and it looks like it has skimmed quite a bit of sand in its time. On it is a panel which has a small readout, currently dark, and an empty keyhole in it.	As described, it is a sand skimmer and it looks like it has skimmed quite a bit of sand in its time. On it is a panel which has a small readout, currently dark, and an empty keyhole in it.
The panel has an ignition switch. There is a key in it.	The panel has an ignition switch. There is a key in it.
The panel has an ignition switch. There is no key in it.	The panel has an ignition switch. There is no key in it.
A few of the Keronians above you carry out their various tasks.	A few of the Keronians above you carry out their various tasks.
You notice that the slot is just about the size of a data cartridge.	You notice that the slot is just about the size of a data cartridge.
You notice that the slot is just about the size of a data cartridge. In fact, there is one in there now.	You notice that the slot is just about the size of a data cartridge. In fact, there is one in there now.
The ignition switch has a hole for a key which is currently filled.	The ignition switch has a hole for a key which is currently filled.
The ignition switch has a hole for a key which is currently empty.	The ignition switch has a hole for a key which is currently empty.
Damage Report: Minor	Damage Report: Minor
Damage Report: Moderate	Damage Report: Moderate
Damage Report: Serious!	Damage Report: Serious!
Warning: Damage Situation Critical!	Warning: Damage Situation Critical!
THUMP!!	THUMP!!
Had you eaten a few less donuts during the mission, you might have cleared that rock, %s1.	Had you eaten a few less donuts during the mission, you might have cleared that rock, %s1.
The settlement the alien spoke of appears on the horizon.	The settlement the alien spoke of appears on the horizon.
Whew! That was pretty intense. You've managed to successfully navigate through the treacherous boulder field, and are quite relieved to see that you've reached the settlement.	Whew! That was pretty intense. You've managed to successfully navigate through the treacherous boulder field, and are quite relieved to see that you've reached the settlement.
"Howdy, Bucko! Can I interest you in one of the finest little used space ships in the galaxy? You look like a man of discerning taste."	"Howdy, Bucko! Can I interest you in one of the finest little used space ships in the galaxy? You look like a man of discerning taste."
"Well, this is quite a unique little unit. Never been flown over Mach 3. It was owned by a little old lady from Glansadrom. You have to fly it to believe it. And she can be yours for only 99 buckazoids."	"Well, this is quite a unique little unit. Never been flown over Mach 3. It was owned by a little old lady from Glansadrom. You have to fly it to believe it. And she can be yours for only 99 buckazoids."
"Don't let appearances fool ya. This baby may be a relic, I mean, a classic, but she's as dependable as the day we got her. And just think, you'll be the only one in the quadrant with one. I guarantee it!"	"Don't let appearances fool ya. This baby may be a relic, I mean, a classic, but she's as dependable as the day we got her. And just think, you'll be the only one in the quadrant with one. I guarantee it!"
"So whaddaya think? Is she a diamond in the rough, or what? And only 129 buckazoids."	"So whaddaya think? Is she a diamond in the rough, or what? And only 129 buckazoids."
"So how 'bout it partner? Can I interest you in anything here? Can we do business, or what? I'm at your service. Talk to me, chief."	"So how 'bout it partner? Can I interest you in anything here? Can we do business, or what? I'm at your service. Talk to me, chief."
She's a beaut, isn't she? This little baby can do a spin around the planet in just under an hour. Look at the lines in that body work. They just don't make 'em like this any more, ya' know what I mean?  And she's a real bargain at 185 buckazoids.	She's a beaut, isn't she? This little baby can do a spin around the planet in just under an hour. Look at the lines in that body work. They just don't make 'em like this any more, ya' know what I mean?  And she's a real bargain at 185 buckazoids.
Of course, minus your 70 buckazoid credit that would come to 115 buckazoids.	Of course, minus your 70 buckazoid credit that would come to 115 buckazoids.
You shell out the buckazoids and hop in. Anxiously, you fire it up and lift off.	You shell out the buckazoids and hop in. Anxiously, you fire it up and lift off.
You are standing near one of Tiny's used spacecraft. Upon close inspection they appear to have quite a few kilometers on them.	You are standing near one of Tiny's used spacecraft. Upon close inspection they appear to have quite a few kilometers on them.
You are on Tiny's Used Spacecraft lot. There are only a few ships to choose from. Impossible to miss is the incredibly talkative, not to mention rotund, owner, Tiny. He is most certainly an unusual looking being.	You are on Tiny's Used Spacecraft lot. There are only a few ships to choose from. Impossible to miss is the incredibly talkative, not to mention rotund, owner, Tiny. He is most certainly an unusual looking being.
"So what are ya trying to pull? If you don't have the cash you can hit the road. Go on, get out of here. You're wasting my time!"	"So what are ya trying to pull? If you don't have the cash you can hit the road. Go on, get out of here. You're wasting my time!"
"I tell ya, I think you've made a wise decision. She's a beauty. The keys are in her. If you have any problems don't hesitate to come back and tell us about 'em."	"I tell ya, I think you've made a wise decision. She's a beauty. The keys are in her. If you have any problems don't hesitate to come back and tell us about 'em."
"It's been a heckuva pleasure doin' business with you. Oh, by the way, you're gonna need a droid to help you fly that thing. Well, good luck. Come again."	"It's been a heckuva pleasure doin' business with you. Oh, by the way, you're gonna need a droid to help you fly that thing. Well, good luck. Come again."
There is nothing here to buy.	There is nothing here to buy.
"We have a motto. You don't mess with it - You don't die!"	"We have a motto. You don't mess with it - You don't die!"
Off you go into the purple yonder.	Off you go into the purple yonder.
"It's been a heckuva pleasure doin' business with you. Well, good luck. Come again!"	"It's been a heckuva pleasure doin' business with you. Well, good luck. Come again!"
"Well, geez, guy! It seems it's developed some minor malfunction since we acquired it. We did have a small micro-meteroid shower the other day. Maybe that was it! Yeah, that was probably it."	"Well, geez, guy! It seems it's developed some minor malfunction since we acquired it. We did have a small micro-meteroid shower the other day. Maybe that was it! Yeah, that was probably it."
"Much as I'd like to I can't refund your money. Company policy. It's out of my hands. However, I can give you seventy buckazoids credit on any other ship in our fine line of used spacecraft. Look around, see what you like."	"Much as I'd like to I can't refund your money. Company policy. It's out of my hands. However, I can give you seventy buckazoids credit on any other ship in our fine line of used spacecraft. Look around, see what you like."
You proudly climb into your new used spacecraft. There is definitely something unique about it.	You proudly climb into your new used spacecraft. There is definitely something unique about it.
You turn the key excitedly.	You turn the key excitedly.
What can be said that isn't seen? Tiny is a large, red skin-covered beast with the personality of a true salesman. Not a prime combination of traits.	What can be said that isn't seen? Tiny is a large, red skin-covered beast with the personality of a true salesman. Not a prime combination of traits.
There is a sign here which indicates that this is Tiny's Used Space Ship Lot.	There is a sign here which indicates that this is Tiny's Used Space Ship Lot.
There is a small, sturdy office here which unauthorized personnel are not allowed in. It must be a brick ship house.	There is a small, sturdy office here which unauthorized personnel are not allowed in. It must be a brick ship house.
You don't own it.	You don't own it.
You're not close enough.	You're not close enough.
There are some decorative banners which would seem to indicate that making a purchase at Tiny's can be a festive occasion.	There are some decorative banners which would seem to indicate that making a purchase at Tiny's can be a festive occasion.
You are standing against the protective barrier encircling Ulence Flats. Due to the fact that you are land-based you are not able to pass.	You are standing against the protective barrier encircling Ulence Flats. Due to the fact that you are land-based you are not able to pass.
There is a hole here. I'm sure you recall its origin. At the bottom is the fine craft you rode to glory in. There is no reason to explore the hole any further.	There is a hole here. I'm sure you recall its origin. At the bottom is the fine craft you rode to glory in. There is no reason to explore the hole any further.
Darn the luck, %s1. You've crashed in the dunes and ended your life. The various inhabitants of the Keronian desert are now feasting on what remains of you. Guess that wasn't such a hot purchase.	Darn the luck, %s1. You've crashed in the dunes and ended your life. The various inhabitants of the Keronian desert are now feasting on what remains of you. Guess that wasn't such a hot purchase.
Tiny's not a great conversationalist. He just wants to sell, sell, sell.	Tiny's not a great conversationalist. He just wants to sell, sell, sell.
"Sorry, you can only fly it when you buy it. Oh, by the way, there are no refunds either. Company Policy."	"Sorry, you can only fly it when you buy it. Oh, by the way, there are no refunds either. Company Policy."
Stay out of the hole!	Stay out of the hole!
You can own only one ship at a time, town ordinance.	You can own only one ship at a time, town ordinance.
Please remain seated and keep hands inside while the vehicle is moving.	Please remain seated and keep hands inside while the vehicle is moving.
You already have it!	You already have it!
You aren't close enough.	You aren't close enough.
Welcome to Ulence Flats	Welcome to Ulence Flats
Taken	Taken
"Say, this is a genuine Falton sand skimmer. I've been looking for one just like it. I wonder if you would accept %v35 buckazoids?"	"Say, this is a genuine Falton sand skimmer. I've been looking for one just like it. I wonder if you would accept %v35 buckazoids?"
"Ok. This is my final offer and I'm only doin' it because you look like you need it pretty bad. I'll give you %v35 buckazoids and I'll throw in this swell jetpack. I only used it once. Works great in zero gravity. You'll love it. Is it a deal? Yes or no?"	"Ok. This is my final offer and I'm only doin' it because you look like you need it pretty bad. I'll give you %v35 buckazoids and I'll throw in this swell jetpack. I only used it once. Works great in zero gravity. You'll love it. Is it a deal? Yes or no?"
"Fine. Be that way."	"Fine. Be that way."
You're not on one, %s1.	You're not on one, %s1.
"Glad we could do business. I'll just take that key. Thank you kindly. Hope your stay in Ulence Flats is an interesting one."	"Glad we could do business. I'll just take that key. Thank you kindly. Hope your stay in Ulence Flats is an interesting one."
"Glad we could do business. Hope your stay in Ulence Flats is an interesting one."	"Glad we could do business. Hope your stay in Ulence Flats is an interesting one."
After a truly stone-crushing journey, you have miraculously arrived safely in Ulence Flats. And, just in time too, because the skimmer's power cell has been drained. It will take some time to recharge itself. This place isn't quite what you had expected. It is semi-bleak at best. 	After a truly stone-crushing journey, you have miraculously arrived safely in Ulence Flats. And, just in time too, because the skimmer's power cell has been drained. It will take some time to recharge itself. This place isn't quite what you had expected. It is semi-bleak at best. 
"I really want a skimmer like this. Here's my offer and I'm only doin' it because you look like you need it pretty bad. I'll give you %v35 buckazoids and I'll throw in this swell jetpack. I've only used it once. Works great in zero gravity. Is it a deal or what? Yes or no?"	"I really want a skimmer like this. Here's my offer and I'm only doin' it because you look like you need it pretty bad. I'll give you %v35 buckazoids and I'll throw in this swell jetpack. I've only used it once. Works great in zero gravity. Is it a deal or what? Yes or no?"
You are at the south edge of Ulence Flats. The area is protected from predators by an electronic barrier which runs around the perimeter of the settlement.	You are at the south edge of Ulence Flats. The area is protected from predators by an electronic barrier which runs around the perimeter of the settlement.
"Say there, pal. It's come to my attention that you're in the market for some transportation."	"Say there, pal. It's come to my attention that you're in the market for some transportation."
"I may be able to help. If you'll follow me, I'd like to show you a fine little piece of machinery that'll knock your eyes out."	"I may be able to help. If you'll follow me, I'd like to show you a fine little piece of machinery that'll knock your eyes out."
The sand skimmer is a one-passenger mode of transportation and it looks like it has skimmed quite a bit of sand in its time. On it is a panel which has a small readout, currently dark, and a keyhole with a key in it.	The sand skimmer is a one-passenger mode of transportation and it looks like it has skimmed quite a bit of sand in its time. On it is a panel which has a small readout, currently dark, and a keyhole with a key in it.
There is a small rounded structure here with a door on one side. It is typical of some of the prefab structures used in frontier areas years ago.	There is a small rounded structure here with a door on one side. It is typical of some of the prefab structures used in frontier areas years ago.
Compared to some of the beings you've seen lately, this one looks fairly normal except for the fact that he seems to have a cylinder for a head.	Compared to some of the beings you've seen lately, this one looks fairly normal except for the fact that he seems to have a cylinder for a head.
The man is not interested in idle conversation. He's only interested in the skimmer.	The man is not interested in idle conversation. He's only interested in the skimmer.
You have no way or reason to kill this being.	You have no way or reason to kill this being.
This being is about the size of a humanoid but has some odd features. He seems to have a friendly-looking mug.	This being is about the size of a humanoid but has some odd features. He seems to have a friendly-looking mug.
You are standing against the protective barrier encircling Ulence Flats. Due to the fact that you are land-based, you are not able to pass.	You are standing against the protective barrier encircling Ulence Flats. Due to the fact that you are land-based, you are not able to pass.
He wants you to follow him.	He wants you to follow him.
The fresh air helps you snap out of the stupor which that foul brew was responsible for.	The fresh air helps you snap out of the stupor which that foul brew was responsible for.
Ulence Flats is a typical example of some of the frontier settlements that sprang up in the early days of the Outer Zone exploration several years ago. Unfortunately, this attracted many unsavory individuals looking to make a quick buckazoid. Caution is advised.	Ulence Flats is a typical example of some of the frontier settlements that sprang up in the early days of the Outer Zone exploration several years ago. Unfortunately, this attracted many unsavory individuals looking to make a quick buckazoid. Caution is advised.
Turning the key does no good since the skimmer was programmed to get here and go no further.	Turning the key does no good since the skimmer was programmed to get here and go no further.
There are couple of other craft here which might belong to the beings inside this building.	There are couple of other craft here which might belong to the beings inside this building.
The sand skimmer is a one-passenger mode of transportation and it looks like it has skimmed quite a bit of sand in its time. On it is a panel which has a small readout, currently dark, and a keyhole without a key in it.	The sand skimmer is a one-passenger mode of transportation and it looks like it has skimmed quite a bit of sand in its time. On it is a panel which has a small readout, currently dark, and a keyhole without a key in it.
He can't hear you from there. You'll have to get closer.	He can't hear you from there. You'll have to get closer.
"Hey! I'll trade you a jetpack for that sand skimmer. What do you think? Yes or No?"	"Hey! I'll trade you a jetpack for that sand skimmer. What do you think? Yes or No?"
That will do you no good. The power cell is drained. It may take some time to recharge.	That will do you no good. The power cell is drained. It may take some time to recharge.
The key is not in its hole.	The key is not in its hole.
You are not in a position to do that.	You are not in a position to do that.
You watch as the skimmer is driven away by its new owner.	You watch as the skimmer is driven away by its new owner.
My, my. It would appear that your skimmer has become the property of another. I wonder who forgot to remove the key?	My, my. It would appear that your skimmer has become the property of another. I wonder who forgot to remove the key?
It's not yours anymore. Leave it alone.	It's not yours anymore. Leave it alone.
Wise up, %s1! You're already on it.	Wise up, %s1! You're already on it.
The ships are locked.	The ships are locked.
"Hey! I'll gladly take that crusty old skimmer off your hands. What do you think? Yes or No?"	"Hey! I'll gladly take that crusty old skimmer off your hands. What do you think? Yes or No?"
The guy (or whatever it is) is busy leaving.	The guy (or whatever it is) is busy leaving.
The skimmer is attempting to leave. Get out of the way, you geek!	The skimmer is attempting to leave. Get out of the way, you geek!
Do not remove the key while the skimmer is in motion.	Do not remove the key while the skimmer is in motion.
"%v124 buckazoids? I guess it's better than nothing. Here, keep five for yourself. I gotta admit you look like you need it. Well, gotta run. Later, pal."	"%v124 buckazoids? I guess it's better than nothing. Here, keep five for yourself. I gotta admit you look like you need it. Well, gotta run. Later, pal."
Your newly acquired droid seems to have self-destructed. Hope it's under warranty.	Your newly acquired droid seems to have self-destructed. Hope it's under warranty.
This is the back of the bar at the southeast end of Ulence Flats.	This is the back of the bar at the southeast end of Ulence Flats.
There is some writing on it.	There is some writing on it.
It appears to be in Sarien. You're a little rusty in your Sarien but it appears to say "Xenon Bites!"	It appears to be in Sarien. You're a little rusty in your Sarien but it appears to say "Xenon Bites!"
You're not close enough to see that clearly.	You're not close enough to see that clearly.
There is a strange pile of very fine white powder here. It's origin puzzles you. It has a strange burnt smell to it.	There is a strange pile of very fine white powder here. It's origin puzzles you. It has a strange burnt smell to it.
I'm beginning to understand you a little better now. You snort some of the powder and feel a pain like that of a thousand krebble mites feasting on your nasal membranes.	I'm beginning to understand you a little better now. You snort some of the powder and feel a pain like that of a thousand krebble mites feasting on your nasal membranes.
The extremely fine dust seeps between your fingers. There is no need for it anyway. Especially considering its origin.	The extremely fine dust seeps between your fingers. There is no need for it anyway. Especially considering its origin.
You'd better not move if you want to remain alive.	You'd better not move if you want to remain alive.
The droid, while looking small is quite heavy and not moveable by you.	The droid, while looking small is quite heavy and not moveable by you.
He just wants your buckazoids but will take your life if he has to.	He just wants your buckazoids but will take your life if he has to.
You now have a throbbing appendage.	You now have a throbbing appendage.
"Hold it right there, pal! This is a stick-up! I'll just relieve you of your cash, thank you very much."	"Hold it right there, pal! This is a stick-up! I'll just relieve you of your cash, thank you very much."
"%v124 buckazoids? I guess it's better than nothing. Here, keep five for yourself. I gotta admit you look like you need it."	"%v124 buckazoids? I guess it's better than nothing. Here, keep five for yourself. I gotta admit you look like you need it."
"Well, you've got to be leaving now. Go straight back the way you came in. Deviate from that path and you're Grell kibble!"	"Well, you've got to be leaving now. Go straight back the way you came in. Deviate from that path and you're Grell kibble!"
"I warned you, but, did you listen?"	"I warned you, but, did you listen?"
The mugger impresses upon you that he was quite serious.	The mugger impresses upon you that he was quite serious.
The droid is beyond repair. Now you know why it was on sale.	The droid is beyond repair. Now you know why it was on sale.
"Well, there's a man with a good eye. This here is the keenest little scrambler in the hemisphere. Top of the line. Handles like a charm. Perfect for cruising the asteroid fields."	"Well, there's a man with a good eye. This here is the keenest little scrambler in the hemisphere. Top of the line. Handles like a charm. Perfect for cruising the asteroid fields."
"And she's got all the thrust a guy could need. I tell ya, she's an outright steal at 214 buckazoids."	"And she's got all the thrust a guy could need. I tell ya, she's an outright steal at 214 buckazoids."
"With your 70 buckazoid credit that would come to. . .let's see. . .uhm. . 144 buckazoids."	"With your 70 buckazoid credit that would come to. . .let's see. . .uhm. . 144 buckazoids."
You need to be closer to the middle of the ladder to be able to climb it.	You need to be closer to the middle of the ladder to be able to climb it.
You can't do that now.	You can't do that now.
"So what are ya trying to pull? If you don't have the cash, you can hit the road. Go on, get out of here. You're wasting my time!"	"So what are ya trying to pull? If you don't have the cash, you can hit the road. Go on, get out of here. You're wasting my time!"
"I tell ya, I think you've made a wise decision. She's a beauty. The keys are in her. If you have any problems, don't hesitate to come back and tell us about 'em."	"I tell ya, I think you've made a wise decision. She's a beauty. The keys are in her. If you have any problems, don't hesitate to come back and tell us about 'em."
"We have a motto. You don't own it - You don't mess with it - You don't die!"	"We have a motto. You don't own it - You don't mess with it - You don't die!"
It won't do you any good to be in the ship without a droid to operate it.	It won't do you any good to be in the ship without a droid to operate it.
You don't own the ship.	You don't own the ship.
The droid is already loaded.	The droid is already loaded.
You don't have a droid to load.	You don't have a droid to load.
   "Hey! Wait a minute!    	   "Hey! Wait a minute!    
 Where do you think you're 	 Where do you think you're 
  goin' with my ship?!!"   	  goin' with my ship?!!"   
                           	                           
"What sector shall I head for, Sir?" asks the droid.	"What sector shall I head for, Sir?" asks the droid.
"Sector HH it is. I will proceed with course entry."	"Sector HH it is. I will proceed with course entry."
"Say what?"	"Say what?"
It's just an average, everyday ladder.	It's just an average, everyday ladder.
Seated in the cruiser you notice there are no controls here, just a button marked "LOAD". Tiny must have been serious when he said you would need a droid to fly it.	Seated in the cruiser you notice there are no controls here, just a button marked "LOAD". Tiny must have been serious when he said you would need a droid to fly it.
This is actually not a bad looking ship. It appears to be a Drallion model cruiser. They have a reputation for quickness and reliability. You are surprised that someone (or something) of Tiny's caliber would be carrying it.	This is actually not a bad looking ship. It appears to be a Drallion model cruiser. They have a reputation for quickness and reliability. You are surprised that someone (or something) of Tiny's caliber would be carrying it.
"Sorry, you can only fly it when you buy it. And, oh by the way, there are no refunds either. Company Policy."	"Sorry, you can only fly it when you buy it. And, oh by the way, there are no refunds either. Company Policy."
That act can not be performed currently.	That act can not be performed currently.
That won't do any good until you're in the ship.	That won't do any good until you're in the ship.
Please supply coordinates.	Please supply coordinates.
Looking at the inside of the ship you notice there are no controls here, just a button marked "LOAD". Tiny must have been serious when he said you would need a droid to fly it.	Looking at the inside of the ship you notice there are no controls here, just a button marked "LOAD". Tiny must have been serious when he said you would need a droid to fly it.
There is no salesman here.	There is no salesman here.
You can't board it because you don't own it.	You can't board it because you don't own it.
This is actually not a bad looking ship. It appears to be a Drallion model cruiser. They have a reputation for quickness and reliability.	This is actually not a bad looking ship. It appears to be a Drallion model cruiser. They have a reputation for quickness and reliability.
There is no droid in position to load.	There is no droid in position to load.
You are at the north end of Ulence Flats. There is a building to the east.	You are at the north end of Ulence Flats. There is a building to the east.
There are five buckazoids stuck in the sand behind the building.	There are five buckazoids stuck in the sand behind the building.
There is nothing here for you to get.	There is nothing here for you to get.
It looks like your typical desert dwelling.	It looks like your typical desert dwelling.
You leave a moist arch on the building's side.	You leave a moist arch on the building's side.
You beam with pride having just written your name in the sand.	You beam with pride having just written your name in the sand.
Drat! You could have done without that sudden gust of wind.	Drat! You could have done without that sudden gust of wind.
This is the exterior of Droids-B-Us. There is a door here.	This is the exterior of Droids-B-Us. There is a door here.
The sign says "Droids-B-Us". That's it.	The sign says "Droids-B-Us". That's it.
The droid waits outside for you.	The droid waits outside for you.
"We have established visual contact with a ship of Sarien origin," says the droid. "The name Deltaur is confirmed. You might consider the fact that we are in danger by being anywhere near this ship. I hope you didn't waste money on the extended warranty when you purchased me."	"We have established visual contact with a ship of Sarien origin," says the droid. "The name Deltaur is confirmed. You might consider the fact that we are in danger by being anywhere near this ship. I hope you didn't waste money on the extended warranty when you purchased me."
"I will slow our approach and stand off at a safe distance."	"I will slow our approach and stand off at a safe distance."
"Hang on, Sir! We are headed into an asteriod field."	"Hang on, Sir! We are headed into an asteriod field."
That was mighty close!	That was mighty close!
Please remain seated and keep your hands inside while the vehicle is moving.	Please remain seated and keep your hands inside while the vehicle is moving.
Darn, %s1. Upon exiting the ship, you find that you have no means of maneuvering and are subject to the whims of inertia and gravity. You quickly learn the true meaning of helplessness as death has its way with you.	Darn, %s1. Upon exiting the ship, you find that you have no means of maneuvering and are subject to the whims of inertia and gravity. You quickly learn the true meaning of helplessness as death has its way with you.
Before you lies the Sarien battle cruiser, Deltaur. An imposingly massive ship. Now you understand why the Arcada was so easily overtaken. Your first instinct is to turn the ship around and head for home. But, then you realize that unless you do something to try to stop the Sariens, there will be no home.	Before you lies the Sarien battle cruiser, Deltaur. An imposingly massive ship. Now you understand why the Arcada was so easily overtaken. Your first instinct is to turn the ship around and head for home. But, then you realize that unless you do something to try to stop the Sariens, there will be no home.
Before leaving the safety of your ship, you instruct the little droid to set a course for Xenon, where you will rendezvous later. Providing, of course, that you are successful in carrying out your mission. Once again, you are on your own.	Before leaving the safety of your ship, you instruct the little droid to set a course for Xenon, where you will rendezvous later. Providing, of course, that you are successful in carrying out your mission. Once again, you are on your own.
You are not close enough to perform that act.	You are not close enough to perform that act.
You grasp the large handle and twist, noting the rather significant amount of pain being registered. You are extremely grateful to hear a click.	You grasp the large handle and twist, noting the rather significant amount of pain being registered. You are extremely grateful to hear a click.
It is already turned.	It is already turned.
You are floating in space just outside the biggest darn spaceship you've ever seen. You see a door. Perhaps it is a way in?	You are floating in space just outside the biggest darn spaceship you've ever seen. You see a door. Perhaps it is a way in?
It appears to be a standard airlock.  There is a handle in the center.	It appears to be a standard airlock.  There is a handle in the center.
You can't see it from here!	You can't see it from here!
That's up to you!	That's up to you!
Are you crazy? You'd make a funny looking asteroid. Keep the jetpack on!	Are you crazy? You'd make a funny looking asteroid. Keep the jetpack on!
You see a room inside the spaceship which appears to be empty.	You see a room inside the spaceship which appears to be empty.
You can't see into the window from where you are.	You can't see into the window from where you are.
The inhabitants of this vessel don't appear to appreciate your desire to sight-see. You have been transformed into space dust.	The inhabitants of this vessel don't appear to appreciate your desire to sight-see. You have been transformed into space dust.
My, aren't you the clumsy one. Because of your inability to walk without falling on your face, your helmet is now riding the elevator without you. You've blown your cover. The Sariens are sure to shoot first and ask questions later.	My, aren't you the clumsy one. Because of your inability to walk without falling on your face, your helmet is now riding the elevator without you. You've blown your cover. The Sariens are sure to shoot first and ask questions later.
Your are in one of the Deltaur's many corridors.  There is an elevator here.	Your are in one of the Deltaur's many corridors.  There is an elevator here.
You look at the wall and admire the Sarien architecture.  They may be scum, but they build a good spaceship.	You look at the wall and admire the Sarien architecture.  They may be scum, but they build a good spaceship.
You see nothing special about the elevator.	You see nothing special about the elevator.
It isn't here. If you wanted it, you should have held onto it!	It isn't here. If you wanted it, you should have held onto it!
You are in a corridor aboard the Sarien ship.	You are in a corridor aboard the Sarien ship.
It's already in there.	It's already in there.
That has no effect.	That has no effect.
You already have one.	You already have one.
The guard has nothing else of any interest.	The guard has nothing else of any interest.
You seem to have found a remote control device of some sort. It has only one button, labeled "ON/OFF"	You seem to have found a remote control device of some sort. It has only one button, labeled "ON/OFF"
Not now.	Not now.
By pressing the button, you have deactivated the force field which surroundsthe generator.	By pressing the button, you have deactivated the force field which surroundsthe generator.
The force field which surrounds the Star Generator prevents you from getting any closer.	The force field which surrounds the Star Generator prevents you from getting any closer.
That can't be done while standing here.	That can't be done while standing here.
The gas grenade has done its job. The guard is now unconscious. Well done, %s1.	The gas grenade has done its job. The guard is now unconscious. Well done, %s1.
The force field has been shut down.	The force field has been shut down.
It is already on.	It is already on.
You are on an elevated walkway inside an enormous chamber.  Peering over the railing, you see the stolen Star Generator.	You are on an elevated walkway inside an enormous chamber.  Peering over the railing, you see the stolen Star Generator.
You are inside an enormous chamber. Before you stands the stolen Star Generator.	You are inside an enormous chamber. Before you stands the stolen Star Generator.
The walkway spans across the massive chamber to another entryway.	The walkway spans across the massive chamber to another entryway.
The entryway leads into another room.	The entryway leads into another room.
There is no door here.  Are you blind?	There is no door here.  Are you blind?
You can't see it very well from up here.	You can't see it very well from up here.
Before you stands the Star Generator. You find it hard to believe that this contraption could save or destroy an entire galaxy.	Before you stands the Star Generator. You find it hard to believe that this contraption could save or destroy an entire galaxy.
Don't you have anything better to do than to stand around and look at walls?	Don't you have anything better to do than to stand around and look at walls?
He's a gonner!  You never realized how ugly these Sariens were until now.	He's a gonner!  You never realized how ugly these Sariens were until now.
He appears to be dead.	He appears to be dead.
At the base of the Star Generator is a control panel of some sort.	At the base of the Star Generator is a control panel of some sort.
The force field around the generator stops you from reaching the control panel.	The force field around the generator stops you from reaching the control panel.
If you started the force field from this close, you would be immediately vaporized. The universe would lose its most valuable janitor! Perhaps you should reconsider.	If you started the force field from this close, you would be immediately vaporized. The universe would lose its most valuable janitor! Perhaps you should reconsider.
It is permanently attached to the floor.	It is permanently attached to the floor.
Just the thought makes your toes hurt!	Just the thought makes your toes hurt!
You are too far away to see it from here.	You are too far away to see it from here.
The Star Generator's force field is off.	The Star Generator's force field is off.
There is nothing special about it, except for the Star Generator it holds.	There is nothing special about it, except for the Star Generator it holds.
Suddenly, the force field protecting the Star Generator disappears.	Suddenly, the force field protecting the Star Generator disappears.
You have reactivated the force field.	You have reactivated the force field.
Too late! The guard has already noticed you.	Too late! The guard has already noticed you.
The guard is already dead. You have only yourself to harm.	The guard is already dead. You have only yourself to harm.
You gather up a nice mouth full and let it fly. Unfortunately, you forgot you were wearing a helmet. The warm saliva oozes down the side of your face. You feel rather stupid.	You gather up a nice mouth full and let it fly. Unfortunately, you forgot you were wearing a helmet. The warm saliva oozes down the side of your face. You feel rather stupid.
You gather up a nice mouthful and let it fly. Fortunately, you missed the guard. Can't you find something more constructive to do, %s1?	You gather up a nice mouthful and let it fly. Fortunately, you missed the guard. Can't you find something more constructive to do, %s1?
The Star Generator has come alive. The heat that this thing is starting to generate tells you that it's time to blow this taco stand!	The Star Generator has come alive. The heat that this thing is starting to generate tells you that it's time to blow this taco stand!
"Welcome to the Weapons dispensary. I will assist you. Please supply me with your identification card."	"Welcome to the Weapons dispensary. I will assist you. Please supply me with your identification card."
"Your rank allows you to bear 1 Pulseray unit. Remember, no firing in the ship. Have a nice day."	"Your rank allows you to bear 1 Pulseray unit. Remember, no firing in the ship. Have a nice day."
There is no need for that at this time.	There is no need for that at this time.
"Excuse me. I shall retrieve your weapon."	"Excuse me. I shall retrieve your weapon."
You don't have that to %w1.	You don't have that to %w1.
There is nothing to get.	There is nothing to get.
I am sorry. You may not possess that device. That would be punishable by death.	I am sorry. You may not possess that device. That would be punishable by death.
I warned you.	I warned you.
Rows of weapons on the wall tell you that you are in the Deltaur's armory. There is a service droid behind the weapons issue counter.	Rows of weapons on the wall tell you that you are in the Deltaur's armory. There is a service droid behind the weapons issue counter.
There is now only one gas grenade on the counter.	There is now only one gas grenade on the counter.
It is just an ordinary counter.	It is just an ordinary counter.
There are two gas grenades sitting on the right side of the counter.	There are two gas grenades sitting on the right side of the counter.
He is watching you very closely.  You had better play it cool.	He is watching you very closely.  You had better play it cool.
The Service Droid sees you eyeing the laser weapons on the wall and informs you that they are not available to G.I. personnel such as yourself.	The Service Droid sees you eyeing the laser weapons on the wall and informs you that they are not available to G.I. personnel such as yourself.
The Service Droid sees you eyeing the gas grenades on the counter and informs you that they are not available to G.I. personnel such as yourself.	The Service Droid sees you eyeing the gas grenades on the counter and informs you that they are not available to G.I. personnel such as yourself.
Very funny!	Very funny!
Sorry. My records indicate that a weapon has already been signed out in your name.	Sorry. My records indicate that a weapon has already been signed out in your name.
The droid looks you over and responds, "Sorry, only one weapon per person."	The droid looks you over and responds, "Sorry, only one weapon per person."
Silly human, you know that droids are not programmed for chit-chat!	Silly human, you know that droids are not programmed for chit-chat!
The droid explains as he eliminates you that he is very sorry that you are incapable of remembering that you already own a gun, but that of course he has many customers to deal with and you really are a nuisance. Before you can reply to this, you realize that you no longer have the relevant body parts with which to reply. Your last seconds of agony are spent hearing the phrase, "Next please."	The droid explains as he eliminates you that he is very sorry that you are incapable of remembering that you already own a gun, but that of course he has many customers to deal with and you really are a nuisance. Before you can reply to this, you realize that you no longer have the relevant body parts with which to reply. Your last seconds of agony are spent hearing the phrase, "Next please."
The droid explains that although he is not programmed for death, he considers it extremely rude to fire your weapon indoors. He cautions you against doing so again.	The droid explains that although he is not programmed for death, he considers it extremely rude to fire your weapon indoors. He cautions you against doing so again.
He did warn you!	He did warn you!
There are no Sariens here! Perhaps you mean to speak with the Droid?	There are no Sariens here! Perhaps you mean to speak with the Droid?
"Stop, thief!" shouts the Droid as he notices you sneaking out suspiciously and observes that a gas grenade has been taken. Before you can explain that you were just taking it outside for a better look, the Droid evaporates you.	"Stop, thief!" shouts the Droid as he notices you sneaking out suspiciously and observes that a gas grenade has been taken. Before you can explain that you were just taking it outside for a better look, the Droid evaporates you.
You already have the pulseray.	You already have the pulseray.
Are you crazy!!! If the droid catches you with the stolen grenade, you're dead meat!	Are you crazy!!! If the droid catches you with the stolen grenade, you're dead meat!
You do not possess a valid Sarien I.D. card.	You do not possess a valid Sarien I.D. card.
Press F6 when you want to fire the Pulseray.	Press F6 when you want to fire the Pulseray.
Open the door first.	Open the door first.
Somehow, you manage to survive the rinse cycle. As you emerge from the cleaning unit you notice that you are dressed in a Sarien battle uniform. What a stroke of genius. Now you can wander throughout the ship without calling attention to yourself.	Somehow, you manage to survive the rinse cycle. As you emerge from the cleaning unit you notice that you are dressed in a Sarien battle uniform. What a stroke of genius. Now you can wander throughout the ship without calling attention to yourself.
You certainly don't want to do that again! You've got lives to save!	You certainly don't want to do that again! You've got lives to save!
You hear footsteps coming from outside the door!	You hear footsteps coming from outside the door!
Too late!	Too late!
It's not open.	It's not open.
It`s already open.	It`s already open.
It's already closed.	It's already closed.
That would not be beneficial.	That would not be beneficial.
It won't budge.	It won't budge.
You are in the ship's laundry facilities.	You are in the ship's laundry facilities.
The door is closed.	The door is closed.
On the north wall there appears to be a large laundry cleaning unit.	On the north wall there appears to be a large laundry cleaning unit.
The laundry cleaning unit is not being used at this time.	The laundry cleaning unit is not being used at this time.
The window on the door is too dirty to see inside.	The window on the door is too dirty to see inside.
You are not close enough to see inside.	You are not close enough to see inside.
Just as you open the door, you suddenly hear the sound of footsteps coming.	Just as you open the door, you suddenly hear the sound of footsteps coming.
Someone might be coming.  You don't have time to be standing around.	Someone might be coming.  You don't have time to be standing around.
It's a little big, but it will have to do.	It's a little big, but it will have to do.
It looks high.	It looks high.
It is completely dark on the other side of the vent.	It is completely dark on the other side of the vent.
Well %s1, it certainly appears as though you're about to become all washed up!	Well %s1, it certainly appears as though you're about to become all washed up!
You don't know how.	You don't know how.
It's too late to hide! You hear someone coming!	It's too late to hide! You hear someone coming!
It's awfully wet in here.	It's awfully wet in here.
The door is open.	The door is open.
It is too dark inside the trunk to see anything.	It is too dark inside the trunk to see anything.
It is too dark to make out any detail.	It is too dark to make out any detail.
It seems no different than all the other doors aboard this ship.	It seems no different than all the other doors aboard this ship.
It has a small sign on it.	It has a small sign on it.
Out of Order.	Out of Order.
How?	How?
Seen one door, seen them all.	Seen one door, seen them all.
Emergency Exit. Luckily for you, the elevator has been repaired.	Emergency Exit. Luckily for you, the elevator has been repaired.
You are aboard the Sarien spaceship. There are two elevators here.	You are aboard the Sarien spaceship. There are two elevators here.
There are two elevators along the back wall.	There are two elevators along the back wall.
You are wandering through the Sarien spaceship.	You are wandering through the Sarien spaceship.
It is just another elevator.	It is just another elevator.
These Sariens are scum, but they sure know how to build a spaceship.	These Sariens are scum, but they sure know how to build a spaceship.
Be careful! You hear footsteps and muffled voices from beyond the door.	Be careful! You hear footsteps and muffled voices from beyond the door.
The sounds have temporarily gone away.	The sounds have temporarily gone away.
You have no need to do that.	You have no need to do that.
You peer through the small window in the door. You think you see someone standing in the hallway. Perhaps this isn't a good time to leave this part of the ship.	You peer through the small window in the door. You think you see someone standing in the hallway. Perhaps this isn't a good time to leave this part of the ship.
You peer through the doorway and see a Sarien guard standing in the hallway. He does not look too friendly.	You peer through the doorway and see a Sarien guard standing in the hallway. He does not look too friendly.
You hear strange voices coming toward you!	You hear strange voices coming toward you!
You climb into the trunk. The lid pounds shut above you.	You climb into the trunk. The lid pounds shut above you.
You hear voices, muffled, then louder.	You hear voices, muffled, then louder.
You suddenly feel the trunk lift off	You suddenly feel the trunk lift off
the deck and the sensation of	the deck and the sensation of
movement.	movement.
After a few minutes, the trunk thuds to	After a few minutes, the trunk thuds to
the floor, causing you to see stars in	the floor, causing you to see stars in
the darkness. The voices sound farther	the darkness. The voices sound farther
away, then gone.	away, then gone.
You are standing in a large, empty room within the Sarien ship. On one wall is a vent.	You are standing in a large, empty room within the Sarien ship. On one wall is a vent.
You are standing in a large, empty room within the Sarien ship. On one wall is a vent. There is some sort of trunk on the floor.	You are standing in a large, empty room within the Sarien ship. On one wall is a vent. There is some sort of trunk on the floor.
Perhaps if you stood closer to the door.	Perhaps if you stood closer to the door.
Against the back wall are several large pipes. On the left wall is a vent.	Against the back wall are several large pipes. On the left wall is a vent.
You can't see into the vent from there.	You can't see into the vent from there.
There doesn't seem to be anything special about the container.	There doesn't seem to be anything special about the container.
The door is tightly sealed.	The door is tightly sealed.
The door is not impressed.	The door is not impressed.
You are in a hallway aboard the Deltaur.	You are in a hallway aboard the Deltaur.
The walls are no different here than in the rest of the ship.	The walls are no different here than in the rest of the ship.
It is just an average door.	It is just an average door.
"Bleep, Gurgle, Pop!" apologizes the strange robot as he pushes you aside.	"Bleep, Gurgle, Pop!" apologizes the strange robot as he pushes you aside.
You are in an airlock.	You are in an airlock.
"Snap, Crackle, Murphy," responds the little robot.	"Snap, Crackle, Murphy," responds the little robot.
You're in an airlock! Don't you think you ought to wait until you enter the ship?	You're in an airlock! Don't you think you ought to wait until you enter the ship?
The rude little robot just slammed the door in your face.	The rude little robot just slammed the door in your face.
You see no apparatus of any sort which would open the door.	You see no apparatus of any sort which would open the door.
The walls confirm your suspicion that Sariens have bad taste.	The walls confirm your suspicion that Sariens have bad taste.
The squat, little maintenance droid sure makes a disgusting array of noises, doesn't he?	The squat, little maintenance droid sure makes a disgusting array of noises, doesn't he?
As you enter the Sarien ship, the airlock door seals itself behind you. You try to open it again, without any success. It appears that you are stuck here.	As you enter the Sarien ship, the airlock door seals itself behind you. You try to open it again, without any success. It appears that you are stuck here.
That cannot be done from where you are.	That cannot be done from where you are.
You swiftly slip into the sleek ship. (Try to say that three times fast.)	You swiftly slip into the sleek ship. (Try to say that three times fast.)
That act cannot be performed now.	That act cannot be performed now.
You are in the shuttle launch bay aboard the Sarien ship.	You are in the shuttle launch bay aboard the Sarien ship.
The ship is a one-man transport vessel.	The ship is a one-man transport vessel.
You frantically search the control console for the "Launch" button. Aha! There it is.	You frantically search the control console for the "Launch" button. Aha! There it is.
You see nothing out of the ordinary about it.	You see nothing out of the ordinary about it.
Down below you see the spaceship's launch track.	Down below you see the spaceship's launch track.
You don't have much time before this ship blows.	You don't have much time before this ship blows.
The Deltaur has been blown to tiny fragments by the force of the Star Generator's blast. You have saved the lives of millions of your people, not to mention the lives of those in other systems. Don't get a big head.	The Deltaur has been blown to tiny fragments by the force of the Star Generator's blast. You have saved the lives of millions of your people, not to mention the lives of those in other systems. Don't get a big head.
Congratulations %s1, you've rid the universe of the evil Sariens and saved your people from certain doom. You're an all-around hero! You've made it home safely aboard the stolen Sarien craft, where you've encountered a cheering Xenon crowd. They have gathered together for a ceremony in your honor. The ceremony is already in progress.	Congratulations %s1, you've rid the universe of the evil Sariens and saved your people from certain doom. You're an all-around hero! You've made it home safely aboard the stolen Sarien craft, where you've encountered a cheering Xenon crowd. They have gathered together for a ceremony in your honor. The ceremony is already in progress.
As a token of appreciation, you are presented with a golden mop. "Thank you, %s1 for cleaning up our galaxy", says the Xenon leader.	As a token of appreciation, you are presented with a golden mop. "Thank you, %s1 for cleaning up our galaxy", says the Xenon leader.
Once a janitor always a janitor.	Once a janitor always a janitor.
Thank you for playing Space Quest	Thank you for playing Space Quest
    Watch for Space Quest II	    Watch for Space Quest II
         Thank You	         Thank You
         Scott Murphy	         Scott Murphy
         Mark Crowe	         Mark Crowe
         Sol Ackerman	         Sol Ackerman
         Ken Williams	         Ken Williams
         Jeff Stephenson	         Jeff Stephenson
         Chris Iden	         Chris Iden
         Sierra On-Line Inc.	         Sierra On-Line Inc.
         The Sarien Fleet	         The Sarien Fleet
         The Entire Human Race	         The Entire Human Race
 %s1, Galactic Warrior	 %s1, Galactic Warrior
Congratulations %s1, you've rid the universe of the evil Sariens and saved your people from certain doom. The Star Generator technology is safe inside the Data Cartridge. Now, a new Star Generator can be built and can carry out its original task - You're an all-around hero! You've made it home safely aboard the stolen Sarien craft, where you've encountered a cheering Xenon crowd. They have gathered together for a ceremony in your honor. The ceremony is already in progress.	Congratulations %s1, you've rid the universe of the evil Sariens and saved your people from certain doom. The Star Generator technology is safe inside the Data Cartridge. Now, a new Star Generator can be built and can carry out its original task - You're an all-around hero! You've made it home safely aboard the stolen Sarien craft, where you've encountered a cheering Xenon crowd. They have gathered together for a ceremony in your honor. The ceremony is already in progress.
........	........
  	  
F6 to Select Key	F6 to Select Key
Invalid Code	Invalid Code
        	        
By Two Guys From Andromeda	By Two Guys From Andromeda
(C) 1987  Sierra On-Line, Inc.	(C) 1987  Sierra On-Line, Inc.
Version 2.2	Version 2.2
    Light-years from Earth's solar	    Light-years from Earth's solar
    system the people of the galaxy	    system the people of the galaxy
    Earnon have been struggling to	    Earnon have been struggling to
     maintain the precious balance	     maintain the precious balance
               of life.	               of life.
   The Sun of Earnon is slowly dying.	   The Sun of Earnon is slowly dying.
    The planets grow cold.  Food is	    The planets grow cold.  Food is
    no longer plentiful.  Life will	    no longer plentiful.  Life will
   soon become impossible to sustain.	   soon become impossible to sustain.
      The scientific community of	      The scientific community of
    Xenon devised a plan to convert	    Xenon devised a plan to convert
       one of Earnon's lifeless	       one of Earnon's lifeless
       planets into a new Sun.	       planets into a new Sun.
    The effort was centered around	    The effort was centered around
     the development of a device	     the development of a device
   called the Star Generator.  The	   called the Star Generator.  The
 Star Generator would be capable of	 Star Generator would be capable of
   igniting an otherwise useless	   igniting an otherwise useless
 planet into a raging ball of flame.	 planet into a raging ball of flame.
   An expedition set out aboard the	   An expedition set out aboard the
   starship Arcada to successfully	   starship Arcada to successfully
      complete development and	      complete development and
    testing of the Star Generator.	    testing of the Star Generator.
      The Arcada is now returning	      The Arcada is now returning
    triumphantly to Xenon with the	    triumphantly to Xenon with the
   fully operational Star Generator.	   fully operational Star Generator.
You serve as a member of the crew of	You serve as a member of the crew of
     the Arcada as a janitor.	     the Arcada as a janitor.
     That's right, a janitor.	     That's right, a janitor.
     And not a very good one.  You	     And not a very good one.  You
    would probably have been sacked	    would probably have been sacked
     and replaced were the Arcada	     and replaced were the Arcada
     not millions of kilometers	     not millions of kilometers
             from Xenon.	             from Xenon.
    As we join our story, you have	    As we join our story, you have
   just completed one of your famous	   just completed one of your famous
      on-shift naps in one of the	      on-shift naps in one of the
      janitorial storage closets.	      janitorial storage closets.
Welcome Aboard Arcada	Welcome Aboard Arcada
To log on as a crew member	To log on as a crew member
please enter your name below	please enter your name below
(up to 18 characters):	(up to 18 characters):
First Name: 	First Name: 
Roger Wilco	Roger Wilco
"What'll it be? I got beer and it's 2 buckazoids."	"What'll it be? I got beer and it's 2 buckazoids."
Your words find no audience.	Your words find no audience.
"That'll be $2.00. Thank you very much. Come again."	"That'll be $2.00. Thank you very much. Come again."
The bartender is busy and cannot hear you.	The bartender is busy and cannot hear you.
"Hey! What are you trying to pull? What do you mean you can't pay? Take off before I have you fed to Grell."	"Hey! What are you trying to pull? What do you mean you can't pay? Take off before I have you fed to Grell."
The beer tastes like carbonated Zipple sweat. However, considering recent events, you could learn to love it.	The beer tastes like carbonated Zipple sweat. However, considering recent events, you could learn to love it.
You can't drink something you don't have.	You can't drink something you don't have.
"One at a time, Mac!"	"One at a time, Mac!"
You're not close enough to play.	You're not close enough to play.
Sorry, someone is currently playing. Wait your turn.	Sorry, someone is currently playing. Wait your turn.
"Listen, Mac, I can't serve you any more. You're sledged! You better go sleep it off or something before you start making a public display of yourself."	"Listen, Mac, I can't serve you any more. You're sledged! You better go sleep it off or something before you start making a public display of yourself."
This is a seedy little place. Galactic riff-raff are seated at the bar. The bartender drops by occasionally to serve them. A band is cranking out some of the more popular tunes in the quadrant. There is a slot machine standing near the bar. You notice a sweeper in the lower corner of the room. It must get messy here. No one seems to notice or care that you have entered the bar.	This is a seedy little place. Galactic riff-raff are seated at the bar. The bartender drops by occasionally to serve them. A band is cranking out some of the more popular tunes in the quadrant. There is a slot machine standing near the bar. You notice a sweeper in the lower corner of the room. It must get messy here. No one seems to notice or care that you have entered the bar.
The walls are sporting a wonderful smoke finish such that the original color is a puzzle. There are cracks here and there which attest to the state of disrepair.	The walls are sporting a wonderful smoke finish such that the original color is a puzzle. There are cracks here and there which attest to the state of disrepair.
Some of the stranger galactic riff-raff are seated at the bar. The bartender drops by occasionally to serve them. There seems to be a vacant spot at the right end of the bar.	Some of the stranger galactic riff-raff are seated at the bar. The bartender drops by occasionally to serve them. There seems to be a vacant spot at the right end of the bar.
It appears to be an electronic slot machine.	It appears to be an electronic slot machine.
There is a hip combo of green beings jamming. They only seem to be interested in playing music.	There is a hip combo of green beings jamming. They only seem to be interested in playing music.
There are a couple of non-galactic looking humanoids cranking out some unfamiliar sounding tunes. They seem interested solely in the music they are performing.	There are a couple of non-galactic looking humanoids cranking out some unfamiliar sounding tunes. They seem interested solely in the music they are performing.
They are not interested in you.	They are not interested in you.
There is nothing special about the stairs. They look like a standard gravity rebellion device.	There is nothing special about the stairs. They look like a standard gravity rebellion device.
As you sip another of the odd brews, you overhear someone at the bar speaking: "There I was cruising through sector HH when I spot this blip on the scanner."	As you sip another of the odd brews, you overhear someone at the bar speaking: "There I was cruising through sector HH when I spot this blip on the scanner."
"So, I head toward it, ya see, and right there in front of me sits the Deltaur. It's just sittin' there. My hearts start hyperwarping on me."	"So, I head toward it, ya see, and right there in front of me sits the Deltaur. It's just sittin' there. My hearts start hyperwarping on me."
"I figure my milliseconds are numbered. All I can think of doin' is getting my craft outta there. So, I'm reachin' for the throttle."	"I figure my milliseconds are numbered. All I can think of doin' is getting my craft outta there. So, I'm reachin' for the throttle."
"All of a sudden there's this incredible flash of light, ya see. And just like that this little planetoid explodes into a ball of fire! I tell ya, I've never seen anything like it. I mauled the throttle and got outta there quick you bet."	"All of a sudden there's this incredible flash of light, ya see. And just like that this little planetoid explodes into a ball of fire! I tell ya, I've never seen anything like it. I mauled the throttle and got outta there quick you bet."
The bartender is only interested in selling his wares. He is of no help otherwise.	The bartender is only interested in selling his wares. He is of no help otherwise.
You feel a strange tingling sensation. The taste of the beer doesn't seem to be bothering you so much now, hee, hee.	You feel a strange tingling sensation. The taste of the beer doesn't seem to be bothering you so much now, hee, hee.
Oh my, you are starting to feel unstable.	Oh my, you are starting to feel unstable.
  I'mm nott ffeeling soo wunderfful.	  I'mm nott ffeeling soo wunderfful.
I knnoww therz a doorr hhere summware.	I knnoww therz a doorr hhere summware.
      Pleeze stop movin th barr!	      Pleeze stop movin th barr!
The bartender is a compact looking gent. He seems to be about as friendly as the patrons.	The bartender is a compact looking gent. He seems to be about as friendly as the patrons.
You don't have a good view from here.	You don't have a good view from here.
You've never seen the likes of the patrons seated at the bar. They look fairly absorbed in their drinks.	You've never seen the likes of the patrons seated at the bar. They look fairly absorbed in their drinks.
The sweeper is a small motorized device which scans the floor for debris and removes it within moments of detection. There is nothing special about it, otherwise.	The sweeper is a small motorized device which scans the floor for debris and removes it within moments of detection. There is nothing special about it, otherwise.
No one here seems willing to acknowledge your presence. Maybe they're not too fond of humanoids.	No one here seems willing to acknowledge your presence. Maybe they're not too fond of humanoids.
The only thing you hear when attempting to eavesdrop is "Eat felch, humanoid!"	The only thing you hear when attempting to eavesdrop is "Eat felch, humanoid!"
That act, while providing a means of venting frustration, serves only to cause you considerable pain when your toes scatter in directions they weren't designed to travel. Wise up, Space Cadet!	That act, while providing a means of venting frustration, serves only to cause you considerable pain when your toes scatter in directions they weren't designed to travel. Wise up, Space Cadet!
It's not advisable to be trying anything aggressive here since you are out-numbered.	It's not advisable to be trying anything aggressive here since you are out-numbered.
There are no surfaces on which to place your posterior other than the floor and you don`t want to do that.	There are no surfaces on which to place your posterior other than the floor and you don`t want to do that.
"Wine? Did I say we have wine? Hey did you hear this humanoid? He wants wine! Get serious!"	"Wine? Did I say we have wine? Hey did you hear this humanoid? He wants wine! Get serious!"
"Whatever you say."	"Whatever you say."
On the stage is one of the hottest bands in the quadrant.	On the stage is one of the hottest bands in the quadrant.
Sorry, the machine is currently out of order. Please come again.	Sorry, the machine is currently out of order. Please come again.
On stage are two heavily-bearded gents and a relatively clean-shaven drummer. They're one of the hottest bands in the quadrant.	On stage are two heavily-bearded gents and a relatively clean-shaven drummer. They're one of the hottest bands in the quadrant.
Gulp! Gulp!	Gulp! Gulp!
"You have one of those coupons, huh? Here's your 5 buckazoids and your free beer. Enjoy."	"You have one of those coupons, huh? Here's your 5 buckazoids and your free beer. Enjoy."
Just walk up close to the machine to play.	Just walk up close to the machine to play.
You don't have enough buckazoids.	You don't have enough buckazoids.
You have made a relatively decent purchase of a pre-owned sale item.	You have made a relatively decent purchase of a pre-owned sale item.
"That model is ideal for flight systems operations. It will pilot any modern fighter or cruiser. And, it is one of the most experienced droids we carry. I ask only 45 buckazoids for it (36 with coupon)."	"That model is ideal for flight systems operations. It will pilot any modern fighter or cruiser. And, it is one of the most experienced droids we carry. I ask only 45 buckazoids for it (36 with coupon)."
"I got it from some gambling type who was required to pay-up or perish."	"I got it from some gambling type who was required to pay-up or perish."
"That unit is a good, all-around droid. Sure, it may seem a little dinged-up but it's not as bad as it looks. There is still quite a bit of life left in it. It is a great little companion. And for you, only 40 buckazoids (32 with coupon)."	"That unit is a good, all-around droid. Sure, it may seem a little dinged-up but it's not as bad as it looks. There is still quite a bit of life left in it. It is a great little companion. And for you, only 40 buckazoids (32 with coupon)."
"We call that one The Peacemaker. It's used primarily in security. In a crime situation it is capable of apprehending, trying, sentencing, and punishing the offender on the spot. Swift and effective. And only 368 buckazoids (294 with coupon)."	"We call that one The Peacemaker. It's used primarily in security. In a crime situation it is capable of apprehending, trying, sentencing, and punishing the offender on the spot. Swift and effective. And only 368 buckazoids (294 with coupon)."
"That compact unit is often used for mining. It is short and stocky, and quite strong for its size. It is designed to work in areas which may be hazardous to non-mechanized beings. 325 buckazoids for years of service (294 with coupon)."	"That compact unit is often used for mining. It is short and stocky, and quite strong for its size. It is designed to work in areas which may be hazardous to non-mechanized beings. 325 buckazoids for years of service (294 with coupon)."
"That one is a collector's item. One of the very first droids ever built. Someday that rare piece is going to bring me a small fortune at auction. It's not for sale."	"That one is a collector's item. One of the very first droids ever built. Someday that rare piece is going to bring me a small fortune at auction. It's not for sale."
"Welcome to Droids-B-Us, the finest emporium for mechanized beings in the quadrant. We have a complete line of droids for any purpose imaginable. Well, almost any."	"Welcome to Droids-B-Us, the finest emporium for mechanized beings in the quadrant. We have a complete line of droids for any purpose imaginable. Well, almost any."
All top-of-the-line, but, I suppose YOU would probably be interested in our SALE items. Please walk this way."	All top-of-the-line, but, I suppose YOU would probably be interested in our SALE items. Please walk this way."
"Only one droid per person in this town. It's an ordinance, you know."	"Only one droid per person in this town. It's an ordinance, you know."
"Nice to see you again. Where is your little friend?"	"Nice to see you again. Where is your little friend?"
"Oh, I do hope nothing has happened to it. Especially with it being a sale item. You did understand that sale items aren't covered under the terms of our warranty policy, I'm sure."	"Oh, I do hope nothing has happened to it. Especially with it being a sale item. You did understand that sale items aren't covered under the terms of our warranty policy, I'm sure."
"I'll be upstairs if you need anything."	"I'll be upstairs if you need anything."
This is the inside of Droids-B-Us. The room has a pedestal in the middle and a stairway and balcony toward the back. A variety of droids adorn the floor space.	This is the inside of Droids-B-Us. The room has a pedestal in the middle and a stairway and balcony toward the back. A variety of droids adorn the floor space.
There is nothing I can tell you that the salesman hasn't already.	There is nothing I can tell you that the salesman hasn't already.
The salesman is a strangely built being. He looks like he might tip forward any minute.	The salesman is a strangely built being. He looks like he might tip forward any minute.
Silly human!	Silly human!
You cannot see anything out the tiny and unimportant window.	You cannot see anything out the tiny and unimportant window.
Why?	Why?
There is nothing special about the rail and, no, you can't slide down it.	There is nothing special about the rail and, no, you can't slide down it.
The banner indicates that there is a sale occurring.	The banner indicates that there is a sale occurring.
There is no need to do that.	There is no need to do that.
Not for sale.	Not for sale.
Using your discount coupon you have made a relatively decent purchase of a pre-owned sale item.	Using your discount coupon you have made a relatively decent purchase of a pre-owned sale item.
I see you bear one of those coupons. Oh, well. You shall receive 20\\% off any of my quoted prices.	I see you bear one of those coupons. Oh, well. You shall receive 20\\% off any of my quoted prices.
That item is not in your possession.	That item is not in your possession.
"Are you here to talk or are you here to buy," the salesman asks.	"Are you here to talk or are you here to buy," the salesman asks.
You have this strange sinking feeling.	You have this strange sinking feeling.
"Ken? Did you hear something?"	"Ken? Did you hear something?"
Through a strange quirk of fate (or was it?) you have stumbled into a place beyond time, space and dimension. You have entered...The Daventry Zone!! That's right, the land of King's Quest. This will not help you now since you are playing Space Quest.	Through a strange quirk of fate (or was it?) you have stumbled into a place beyond time, space and dimension. You have entered...The Daventry Zone!! That's right, the land of King's Quest. This will not help you now since you are playing Space Quest.
"It was probably just the gators entertaining another Space Quest player. Go back to sleep, 'berta."	"It was probably just the gators entertaining another Space Quest player. Go back to sleep, 'berta."
YOU LOSE, HOMEBOY!!!	YOU LOSE, HOMEBOY!!!
Enter Number > 	Enter Number > 
1 = Skulls    2 = Cherries	1 = Skulls    2 = Cherries
3 = Diamonds  4 = Eyes	3 = Diamonds  4 = Eyes
 Wins 1   	 Wins 1   
 Wins 3   	 Wins 3   
 Wins 5   	 Wins 5   
 Wins 20  	 Wins 20  
 Wins 10  	 Wins 10  
 = DEATH! 	 = DEATH! 
  To Cash In   	  To Cash In   
  Press "F10"  	  Press "F10"  
You are presently standing in front of a slot machine.	You are presently standing in front of a slot machine.
You're broke!  Hit the road, freeloader!	You're broke!  Hit the road, freeloader!
Sorry, you don't have enough to bet that much.	Sorry, you don't have enough to bet that much.
               	               
F10 To Quit	F10 To Quit
 F4 Bets $1    F6 Bets $2    F8 Bets $3	 F4 Bets $1    F6 Bets $2    F8 Bets $3
Bet           	Bet           
 1 = 1x Payoff	 1 = 1x Payoff
 2 = 2x   "   	 2 = 2x   "   
 3 = 3x   "   	 3 = 3x   "   
Gosh, %s1.  It would appear you have met an untimely demise.  With the explosive destruction of the Arcada you become part of a fresh collection of space debris.	Gosh, %s1.  It would appear you have met an untimely demise.  With the explosive destruction of the Arcada you become part of a fresh collection of space debris.
Despite your surprisingly valiant effort, you have been blown to eternity by the Star Generator itself.	Despite your surprisingly valiant effort, you have been blown to eternity by the Star Generator itself.
As you nervously hang on, the skimmer rises slowly to the surface of the planet via a secret passage.	As you nervously hang on, the skimmer rises slowly to the surface of the planet via a secret passage.
Upon reaching the surface, you throttle up and zoom off into the sunset.	Upon reaching the surface, you throttle up and zoom off into the sunset.
There seems to be sand as far as the eye can see.	There seems to be sand as far as the eye can see.
There is not much to see. Just a lot of sand.	There is not much to see. Just a lot of sand.
You are in the desert. There is a mesa to the north.	You are in the desert. There is a mesa to the north.
              SPACE QUEST	              SPACE QUEST
                 Help	                 Help
    F1 displays this message.	    F1 displays this message.
    F2 turns the sound off and on.	    F2 turns the sound off and on.
    F3 retypes the last line typed.	    F3 retypes the last line typed.
    F5 saves your current game.	    F5 saves your current game.
    F7 restores a saved game.	    F7 restores a saved game.
    F9 restarts the game.	    F9 restarts the game.
   TAB shows the status screen.	   TAB shows the status screen.
   ESC pops up menus.	   ESC pops up menus.
Ctrl-J sets up your joystick.	Ctrl-J sets up your joystick.
Ctrl-R toggles RGB monitor modes.	Ctrl-R toggles RGB monitor modes.
    F1 or HELP displays this message.	    F1 or HELP displays this message.
   TAB shows status screen. (see below)	   TAB shows status screen. (see below)
Double clicking joystick button or\n right mouse button also shows status\n screen. Single click pops up menus	Double clicking joystick button or\n right mouse button also shows status\n screen. Single click pops up menus
    +  Increases volume.	    +  Increases volume.
    -  Decreases volume.	    -  Decreases volume.
    F6 to fire Pulseray.	    F6 to fire Pulseray.
Ctrl-J sets up your controller.	Ctrl-J sets up your controller.
You have just become a vertical meal for the local welcoming committee.	You have just become a vertical meal for the local welcoming committee.
You have been driven into the ground like a flesh piton, %s1.	You have been driven into the ground like a flesh piton, %s1.
You hear a strange roar, like something traveling through the atmosphere at a very high rate of speed.	You hear a strange roar, like something traveling through the atmosphere at a very high rate of speed.
You are startled by the sound of an alarm. It is followed by an urgent voice which warns that the Arcada has been boarded by unknown intruders. It ends abruptly.	You are startled by the sound of an alarm. It is followed by an urgent voice which warns that the Arcada has been boarded by unknown intruders. It ends abruptly.
Everything down here is composed of very hard rock. Everything has a slimey look and feel due to the humidity.	Everything down here is composed of very hard rock. Everything has a slimey look and feel due to the humidity.
Nothing can be climbed here. Things are either too slimey or too steep.	Nothing can be climbed here. Things are either too slimey or too steep.
discard.view(%v18):%m30	discard.view(%v18):%m30
set.view(%v18,_):%m26	set.view(%v18,_):%m26
set.view(_,%v18):%m30	set.view(_,%v18):%m30
set.loop(%v18,_):%m26	set.loop(%v18,_):%m26
set.loop(%v18,_):\nBad loop #.%m25	set.loop(%v18,_):\nBad loop #.%m25
set.loop(%v18,_):%m31	set.loop(%v18,_):%m31
set.cel(%v18,_):%m26	set.cel(%v18,_):%m26
set.cel(%v18,_):\nBad cel #.%m25	set.cel(%v18,_):\nBad cel #.%m25
sound(%v18):\nSound not loaded.%m25	sound(%v18):\nSound not loaded.%m25
set.cel(%v18,_):%m31	set.cel(%v18,_):%m31
Script buffer overflow.\nMaximum size = %v18%m25	Script buffer overflow.\nMaximum size = %v18%m25
erase(%v18):%m26	erase(%v18):%m26
animate.obj(%v18):%m26	animate.obj(%v18):%m26
stop.update(%v18):%m28	stop.update(%v18):%m28
Bad test: %v18%m25	Bad test: %v18%m25
Bad action: %v18%m25	Bad action: %v18%m25
start.update(%v18):%m28	start.update(%v18):%m28
draw.pic(%v18):%m32	draw.pic(%v18):%m32
draw(%v18):%m26	draw(%v18):%m26
draw(%v18):%m31	draw(%v18):%m31
discard.pic(%v18):%m32	discard.pic(%v18):%m32
get(%v18) or put(%v18):%m26	get(%v18) or put(%v18):%m26
\nPress ESC to quit.	\nPress ESC to quit.
%m27.%m25	%m27.%m25
\nBad object number	\nBad object number
%m27 or object not drawn.%m25	%m27 or object not drawn.%m25
\nView not 	\nView not 
%m29loaded.%m25	%m29loaded.%m25
%m29set.%m25	%m29set.%m25
Picture not loaded.%m25	Picture not loaded.%m25
new room: 	new room: 
x: 	x: 
y: 	y: 
object number: 	object number: 
var number: 	var number: 
var value: 	var value: 
object #: 	object #: 
var %v161: %v162	var %v161: %v162
flag number: 	flag number: 
flag %v161 is set	flag %v161 is set
flag %v161 is not set	flag %v161 is not set
%m12%w1	%m12%w1
%m12%w2	%m12%w2
%m12%w3	%m12%w3
No response to input.	No response to input.
You Have $%v124. Enter New Total-> 	You Have $%v124. Enter New Total-> 
Cheater!	Cheater!
already in jetpack	already in jetpack
trace on	trace on
You are dead! You can only restore, restart, or quit the game.	You are dead! You can only restore, restart, or quit the game.
Well, %s1, that was a smooth half-gainer into the elevator shaft.  Did you decide that you would think more clearly with your brains re-organized?	Well, %s1, that was a smooth half-gainer into the elevator shaft.  Did you decide that you would think more clearly with your brains re-organized?
That concludes your experiment involving the effects of total vacuum on the human body, %s1.	That concludes your experiment involving the effects of total vacuum on the human body, %s1.
As you lie on the floor in a smoldering, carbogelatinous heap you can't help but wonder why you bothered getting up this morning.	As you lie on the floor in a smoldering, carbogelatinous heap you can't help but wonder why you bothered getting up this morning.
You are now lying on the floor in many pieces.  Guess those beams meant business, %s1.	You are now lying on the floor in many pieces.  Guess those beams meant business, %s1.
How about that darn artificial gravity, %s1.  Just like the real thing, huh?	How about that darn artificial gravity, %s1.  Just like the real thing, huh?
You've been snatched from existence by a tentacled beast lurking beneath the grate.  You feel the painful sting of digestive fluids.	You've been snatched from existence by a tentacled beast lurking beneath the grate.  You feel the painful sting of digestive fluids.
Due to a lack of navigation, you have exhausted the meager amount of emergency fuel without finding a safe place to land.  You are lost in space.	Due to a lack of navigation, you have exhausted the meager amount of emergency fuel without finding a safe place to land.  You are lost in space.
Luck's turn has cost you dearly. As life seeps away, you long for the simpler days aboard the Arcada.	Luck's turn has cost you dearly. As life seeps away, you long for the simpler days aboard the Arcada.
You've been mowed down by a Deltaur crewthing.	You've been mowed down by a Deltaur crewthing.
Not being a very smooth thief you have been caught and dealt with appropriately.	Not being a very smooth thief you have been caught and dealt with appropriately.
Gee whiz, %s1! You could actually be a hero if you weren't so clumsy. Wise up.	Gee whiz, %s1! You could actually be a hero if you weren't so clumsy. Wise up.
Thank you for playing Space Quest.  Too bad you've failed miserably and doomed all your people to a horrible death at the hands of the Sariens. If you continue playing as skillfully as this, we'll never have a chance for a sequel.  Better luck next time.	Thank you for playing Space Quest.  Too bad you've failed miserably and doomed all your people to a horrible death at the hands of the Sariens. If you continue playing as skillfully as this, we'll never have a chance for a sequel.  Better luck next time.
Alas, %s1, you have failed in your attempt to save the universe from the clutches of the Sariens.	Alas, %s1, you have failed in your attempt to save the universe from the clutches of the Sariens.
Once again, you've demonstrated your inability to carry out a simple task like saving all of humanity. You quickly glance around the room to see if anyone saw your silly mistake. Thank you for playing Space Quest, %s1. You've been most entertaining.	Once again, you've demonstrated your inability to carry out a simple task like saving all of humanity. You quickly glance around the room to see if anyone saw your silly mistake. Thank you for playing Space Quest, %s1. You've been most entertaining.
You hear footsteps. . .	You hear footsteps. . .
Unable to see anyone here, the alien leaves to search elsewhere.	Unable to see anyone here, the alien leaves to search elsewhere.
As you slip away the alien decides that one of his comrades will take care of you.	As you slip away the alien decides that one of his comrades will take care of you.
You think you hear footsteps!	You think you hear footsteps!
Welcome	Welcome
SQ	SQ
0	0
1	1
2	2
3	3
4	4
5	5
6	6
7	7
8	8
9	9
:	:
Time Till Detonation	Time Till Detonation
>>	>>
<<	<<
Hope your life insurance is paid up	Hope your life insurance is paid up
You have traveled a long way only to die by carelessly stepping to your death. What a clod!	You have traveled a long way only to die by carelessly stepping to your death. What a clod!
Lucky for you it was a short drop and you landed on an area of your body not sensitive to shock. You`d better be more careful in the future, %s1.	Lucky for you it was a short drop and you landed on an area of your body not sensitive to shock. You`d better be more careful in the future, %s1.
Suddenly you see a large, black metal sphere falling out of the sky - a Sarien Spider Droid. Upon touching down on the planet's surface, it sprouts legs and begins its search for you. You recall from an article in Space Piston Magazine that this droid is designed to seek out organic life forms and self destruct when contact is made.	Suddenly you see a large, black metal sphere falling out of the sky - a Sarien Spider Droid. Upon touching down on the planet's surface, it sprouts legs and begins its search for you. You recall from an article in Space Piston Magazine that this droid is designed to seek out organic life forms and self destruct when contact is made.
Not many tales are told of the spider droids due to a lack of live witnesses.	Not many tales are told of the spider droids due to a lack of live witnesses.
You have just been blown into bite-size chunks by a Sarien spider droid.	You have just been blown into bite-size chunks by a Sarien spider droid.
SUITABLE PLANET SELECTED	SUITABLE PLANET SELECTED
Planet:	Planet:
Dimensions:	Dimensions:
Atmosphere:	Atmosphere:
Life/Civilization:	Life/Civilization:
Temperature:	Temperature:
  Kerona	  Kerona
  3,744.3 Km Diameter	  3,744.3 Km Diameter
  Breathable	  Breathable
  Unknown	  Unknown
  40C	  40C
Navigation System Locked-In	Navigation System Locked-In
Planet Profile	Planet Profile
It is a loose granular material resulting from the disintegration of  the area's rocks.	It is a loose granular material resulting from the disintegration of  the area's rocks.
It is quite a unique work of nature. It might hold you.	It is quite a unique work of nature. It might hold you.
It is a quite unique, natural formation carved out through eons by the elements. It does not appear to be accessible from here.	It is a quite unique, natural formation carved out through eons by the elements. It does not appear to be accessible from here.
The sky is a clear and cosmic purple.	The sky is a clear and cosmic purple.
You can see the opening into a cave but cannot make out any detail inside.	You can see the opening into a cave but cannot make out any detail inside.
In the distance you see very large piles of sand.	In the distance you see very large piles of sand.
You shiver at the sight of the spider droid with its spindly legs and cold metallic body. Its red scanner probes the terrain for anything that moves. Truly an icon of terror.	You shiver at the sight of the spider droid with its spindly legs and cold metallic body. Its red scanner probes the terrain for anything that moves. Truly an icon of terror.
You, a mere human, are no match for this mechanical menace.	You, a mere human, are no match for this mechanical menace.
The cliffs are sheer and dangerous.	The cliffs are sheer and dangerous.
Seen one rock, seen them all.	Seen one rock, seen them all.
You cannot climb the cliffs or rocks.	You cannot climb the cliffs or rocks.
Leave the rocks alone.	Leave the rocks alone.
That won't help you..	That won't help you..
You have some truly twisted ideas.	You have some truly twisted ideas.
Why would you want to do that? You got a bone to bury?	Why would you want to do that? You got a bone to bury?
You don't need to be burying anything.	You don't need to be burying anything.
Don't be ridiculous.	Don't be ridiculous.
It's a long way down.	It's a long way down.
It's quite sandy down there.	It's quite sandy down there.
Not far below you is a large horizontal plane which proves beneficial in maximizing the exploitation of gravity.	Not far below you is a large horizontal plane which proves beneficial in maximizing the exploitation of gravity.
This is one of the electronic barrier stations encircling Ulence Flats. Its force field keeps out anything or anyone traveling on or under ground.	This is one of the electronic barrier stations encircling Ulence Flats. Its force field keeps out anything or anyone traveling on or under ground.
Kerona is a desolate place. The surface seems to be strewn exclusively with sand as far as the eye can see and the heat is unrelenting.	Kerona is a desolate place. The surface seems to be strewn exclusively with sand as far as the eye can see and the heat is unrelenting.
This vast silicon sea seems to stretch to infinity.	This vast silicon sea seems to stretch to infinity.
 You Bet  $%v123	 You Bet  $%v123
 You Have $%v124	 You Have $%v124
Sorry, there seems to be a circuit failure.  To be reimbursed send claim to Gippazoid Novelties, 2001 Odessa Blastway  Gurnville, Faydor    Exl Galaxy.\n (Please allow two decades for delivery)	Sorry, there seems to be a circuit failure.  To be reimbursed send claim to Gippazoid Novelties, 2001 Odessa Blastway  Gurnville, Faydor    Exl Galaxy.\n (Please allow two decades for delivery)
 You Win  $%v64 	 You Win  $%v64 
   You Lose    	   You Lose    
  Tough Luck   	  Tough Luck   
 It's Hopeless 	 It's Hopeless 
   Eat Sand    	   Eat Sand    
 Suck Methane  	 Suck Methane  
   So Sorry    	   So Sorry    
 Not A Chance  	 Not A Chance  
You hear some zapping and popping.	You hear some zapping and popping.
The green droid is quite small and nondescript. It is a prime example of the technological state of early robotics. Fairly primitive at best. It's amazing that it still functions.	The green droid is quite small and nondescript. It is a prime example of the technological state of early robotics. Fairly primitive at best. It's amazing that it still functions.
The white droid is just a little shorter than you are. Its body appears to be built of some type of light composite substance. These droids were the first truly reliable flight-control systems produced, designed to pilot many different types of craft.	The white droid is just a little shorter than you are. Its body appears to be built of some type of light composite substance. These droids were the first truly reliable flight-control systems produced, designed to pilot many different types of craft.
The droid you spent your hard-earned buckazoids on is lying in the sand in many pieces. You begin to suspect that the little fellow may have been defective. It is damaged beyond repair.	The droid you spent your hard-earned buckazoids on is lying in the sand in many pieces. You begin to suspect that the little fellow may have been defective. It is damaged beyond repair.
The little droid doesn't seem to have anything to say.	The little droid doesn't seem to have anything to say.
"Hello...(ping) I am a model QR 7 Pilot Droid. I have navigated many different kinds of ships to many different worlds (buzz, click) and have acquired much flight knowledge from my travels."	"Hello...(ping) I am a model QR 7 Pilot Droid. I have navigated many different kinds of ships to many different worlds (buzz, click) and have acquired much flight knowledge from my travels."
"I am most anxious to serve you, Sir (click). I hope you find my services satisfactory. My, but that's a smart-looking flight suit you have on."	"I am most anxious to serve you, Sir (click). I hope you find my services satisfactory. My, but that's a smart-looking flight suit you have on."
"It sure feels good to be out of that stuffy metal market (click). I thought I was doomed to sit there and rust away."	"It sure feels good to be out of that stuffy metal market (click). I thought I was doomed to sit there and rust away."
"People say I talk too much - do you think I talk too much? I don't think I talk too much (beep). I'm going to shut up now."	"People say I talk too much - do you think I talk too much? I don't think I talk too much (beep). I'm going to shut up now."
You can't do that now. Try later.	You can't do that now. Try later.
This is neither the time nor the place.	This is neither the time nor the place.
Are you crazy?	Are you crazy?
There is a guardian droid here roaming the corridor. 	There is a guardian droid here roaming the corridor. 
The robot droid isn't programmed for speech, only to kill.	The robot droid isn't programmed for speech, only to kill.
If the robot droid could laugh, which it is not programmed to do, it would do so. Your pulseray is only effective against living opponents!	If the robot droid could laugh, which it is not programmed to do, it would do so. Your pulseray is only effective against living opponents!
You are welcome to try.	You are welcome to try.
The bomb has fallen to the floor where it has exploded harmlessly. The guard is so intent on guarding the Star Generator he doesn't even blink an eye.	The bomb has fallen to the floor where it has exploded harmlessly. The guard is so intent on guarding the Star Generator he doesn't even blink an eye.
You've just been disintegrated 	You've just been disintegrated 
%m12by contact with the robot droid.	%m12by contact with the robot droid.
%m6Fortunately, it recognizes you as a Sarien.	%m6Fortunately, it recognizes you as a Sarien.
The grenade drops to the floor releasing its poisonous gas on the unsuspecting alien. Good shot %s1!	The grenade drops to the floor releasing its poisonous gas on the unsuspecting alien. Good shot %s1!
Obviously, this was not the smartest thing you've done today. You have once again demonstrated that a janitor's place is not in space.	Obviously, this was not the smartest thing you've done today. You have once again demonstrated that a janitor's place is not in space.
You're toast!	You're toast!
%m12by the Sarien's pulseray. Perhaps this will teach you not to loiter about on the Deltaur.	%m12by the Sarien's pulseray. Perhaps this will teach you not to loiter about on the Deltaur.
Geez %s1! Go take some marksmanship courses and come back and give it another try in a couple of months. OK?	Geez %s1! Go take some marksmanship courses and come back and give it another try in a couple of months. OK?
You've just been reduced to micro-particles by the alien's pulseray. You'll have to be quicker on the draw than that %s1.	You've just been reduced to micro-particles by the alien's pulseray. You'll have to be quicker on the draw than that %s1.
You are in one of the Deltaur's ventilation shafts.	You are in one of the Deltaur's ventilation shafts.
You've seen one ladder, you've seen them all.	You've seen one ladder, you've seen them all.
You see nothing special.	You see nothing special.
It looks as though you've been shafted, %s1.	It looks as though you've been shafted, %s1.
It is already closed.	It is already closed.
You try to use the knife to pry open the vent, but are unsuccessful.	You try to use the knife to pry open the vent, but are unsuccessful.
It is already open.	It is already open.
You cannot pry open the grate which seems to be stuck.	You cannot pry open the grate which seems to be stuck.
Your nose has just been redesigned by your ill-advised attempt to insert it into a closed vent.	Your nose has just been redesigned by your ill-advised attempt to insert it into a closed vent.
You cannot reach the grate from here.	You cannot reach the grate from here.
O.K.	O.K.
Through the grate you can see into what appears to be the ship's laundry facilities.	Through the grate you can see into what appears to be the ship's laundry facilities.
Through the grate you can see into an empty room.	Through the grate you can see into an empty room.
Wouldn't it be a little silly to fire a gun in here?	Wouldn't it be a little silly to fire a gun in here?
That's up to you.	That's up to you.
It looks like you jarred it loose!	It looks like you jarred it loose!
It is closed.	It is closed.
It is open.	It is open.
You slide the trunk just beneath a wall vent.	You slide the trunk just beneath a wall vent.
Using your Xenon Army Knife you pry the vent open.	Using your Xenon Army Knife you pry the vent open.
It won't do any good unless you PUSH TRUNK to the wall, so that you can CLIMB TRUNK, OPEN VENT, ENTER VENT.	It won't do any good unless you PUSH TRUNK to the wall, so that you can CLIMB TRUNK, OPEN VENT, ENTER VENT.
The voices, muffled now, grow louder.	The voices, muffled now, grow louder.
After a few minutes the trunk thuds to	After a few minutes the trunk thuds to
You can not enter the narrow vent wearing that jetpack.	You can not enter the narrow vent wearing that jetpack.
With the chest open that act would be highly ineffective.	With the chest open that act would be highly ineffective.
It's just a dirty old trunk.	It's just a dirty old trunk.
There is no trunk here.	There is no trunk here.
Wouldn't you look silly standing on an open trunk?	Wouldn't you look silly standing on an open trunk?
Where would you like to put it?	Where would you like to put it?
There is a jetpack in it.	There is a jetpack in it.
It is empty.	It is empty.
Just because you can fly doesn't make you Superman.	Just because you can fly doesn't make you Superman.
Don't worry about it. You won't be needing it anymore. Trust me.	Don't worry about it. You won't be needing it anymore. Trust me.
You put the jetpack into the trunk!	You put the jetpack into the trunk!
The vent is closed.	The vent is closed.
The vent is stuck shut.	The vent is stuck shut.
It is too dark to do anything in here.	It is too dark to do anything in here.
As you exit the trunk, you notice that you have lost your jetpack.	As you exit the trunk, you notice that you have lost your jetpack.
Your alien outfit is too bulky to allow you into the vent.	Your alien outfit is too bulky to allow you into the vent.
The trunk is too heavy to carry around.	The trunk is too heavy to carry around.
You can't, its attached to the wall.	You can't, its attached to the wall.
You should get off the trunk first.	You should get off the trunk first.
Leaving your jetpack lying around wouldn't be very bright. Someone might find it, and then how would you get home?	Leaving your jetpack lying around wouldn't be very bright. Someone might find it, and then how would you get home?
The purpose of such an endeavor seems frivolous at best!	The purpose of such an endeavor seems frivolous at best!
"Hey bud, what's with the helmet indoors?" asks the curious guard.	"Hey bud, what's with the helmet indoors?" asks the curious guard.
Just as you begin to speak, the Sarien guard says, "How many Analexians does it take to seduce a three-eared female sillovite."	Just as you begin to speak, the Sarien guard says, "How many Analexians does it take to seduce a three-eared female sillovite."
"Which way to the little boys room?" you ask, hoping Sariens even do that sort of thing.	"Which way to the little boys room?" you ask, hoping Sariens even do that sort of thing.
"Is this the way to the Star Generator?" you ask.	"Is this the way to the Star Generator?" you ask.
"Have you played King's Quest III?" you ask the Guard.	"Have you played King's Quest III?" you ask the Guard.
"Are we having fun yet?" you ask the guard.	"Are we having fun yet?" you ask the guard.
"Gotta light?" you query the guard.	"Gotta light?" you query the guard.
"Ssshh!" you exclaim, "I'm hiding from the boss." figuring you might confuse the guard.	"Ssshh!" you exclaim, "I'm hiding from the boss." figuring you might confuse the guard.
After a reasonable period of silence at your end, the Guard answers his own joke, "Two!!!". He does not seem unduly impressed by your lack of laughter.	After a reasonable period of silence at your end, the Guard answers his own joke, "Two!!!". He does not seem unduly impressed by your lack of laughter.
The puzzled expression on the face of your new found friend confirms your worst fears.	The puzzled expression on the face of your new found friend confirms your worst fears.
"Don't ask me, I just work here," responds the unhelpful guard.	"Don't ask me, I just work here," responds the unhelpful guard.
"Yes" responds the surprised Guard, "I just bought it last week. It was on sale for 128,000 buckazoids at Tiny's Holodisk Shop. What a bargain!!!"	"Yes" responds the surprised Guard, "I just bought it last week. It was on sale for 128,000 buckazoids at Tiny's Holodisk Shop. What a bargain!!!"
"This is the most fun I've had since the Hipoglopus ate my brother," responds the bored looking Sarien.	"This is the most fun I've had since the Hipoglopus ate my brother," responds the bored looking Sarien.
"Sorry, don't drink."	"Sorry, don't drink."
The guard pretends not to notice you.	The guard pretends not to notice you.
Quiet! You don't want to accidentally blow your cover, do you?	Quiet! You don't want to accidentally blow your cover, do you?
Shouldn't you be trying to save your planet?	Shouldn't you be trying to save your planet?
Talk, talk, talk, can't you find anything better to do?	Talk, talk, talk, can't you find anything better to do?
The guard wrinkles his nose in disgust. "Leave me alone!" he exclaims. "You smell like the ventricular portion of a Hypoglopus!" Obviously, this guard has no taste at all.	The guard wrinkles his nose in disgust. "Leave me alone!" he exclaims. "You smell like the ventricular portion of a Hypoglopus!" Obviously, this guard has no taste at all.
The guard looks at you as though you just questioned his mothers heritage. Perhaps you should not waste time conversing with the guards.	The guard looks at you as though you just questioned his mothers heritage. Perhaps you should not waste time conversing with the guards.
The guard talks back.	The guard talks back.
The guard describes to you in graphic detail his previous evening's exploits.	The guard describes to you in graphic detail his previous evening's exploits.
The guard outlines his favorite massacre, "The Great Daventry Rout" as he called it. You ponder the meaning of this for a while.	The guard outlines his favorite massacre, "The Great Daventry Rout" as he called it. You ponder the meaning of this for a while.
The guard looks at you as though you look different somehow.	The guard looks at you as though you look different somehow.
Leave me alone. I am guarding the Star Generator.	Leave me alone. I am guarding the Star Generator.
Kill him yourself.	Kill him yourself.
As you pucker up your lips and lean close, you suddenly remember what your mother taught you about Sariens. In a rare moment of wisdom, you decide not to get anything started you're  unwilling to finish.	As you pucker up your lips and lean close, you suddenly remember what your mother taught you about Sariens. In a rare moment of wisdom, you decide not to get anything started you're  unwilling to finish.
He looks to be armed and dangerous. I wouldn't mess around with him.	He looks to be armed and dangerous. I wouldn't mess around with him.
"Do you own King's Quest II?" asks the nosy guard.	"Do you own King's Quest II?" asks the nosy guard.
"Too Bad."	"Too Bad."
"Great!!!" responds the guard. Pondering his interest you ask yourself whether or not this guy is getting a kickback from Sierra On-Line. Later you realize this is silly, what would a Sarien do with money from Coarsegold?	"Great!!!" responds the guard. Pondering his interest you ask yourself whether or not this guy is getting a kickback from Sierra On-Line. Later you realize this is silly, what would a Sarien do with money from Coarsegold?
Everyone gets their kicks in different ways. Yours is the strangest of which I am aware.	Everyone gets their kicks in different ways. Yours is the strangest of which I am aware.
You aren't near enough.	You aren't near enough.
There is no need for that here.	There is no need for that here.
dummy	dummy
Cartridge	Cartridge
Rock	Rock
Gadget	Gadget
Orat Part	Orat Part
Keycard	Keycard
Glass	Glass
Skimmer key	Skimmer key
Beer	Beer
Jetpack	Jetpack
Buckazoid(s)	Buckazoid(s)
Survival Kit	Survival Kit
Dehydrated Water	Dehydrated Water
Sarien ID card	Sarien ID card
Pulseray	Pulseray
Gas Grenade	Gas Grenade
Remote Control	Remote Control
?	?
Plant	Plant
Xenon Army Knife	Xenon Army Knife
Own 1 Used Ship	Own 1 Used Ship
Control	Control
Pocket Lint	Pocket Lint
nothing	nothing
