You talk to yourself and, as usual, learn nothing that you didn't already know.	You talk to yourself and, as usual, learn nothing that you didn't already know.
Hey! One shouldn't attempt to manipulate one's self in a family game.	Hey! One shouldn't attempt to manipulate one's self in a family game.
Better not. You're likely to get a fur ball.	Better not. You're likely to get a fur ball.
The odor you're producing causes you to regret skipping last month's shower.	The odor you're producing causes you to regret skipping last month's shower.
You're too busy right now.	You're too busy right now.
Better save it for when you're thirsty.	Better save it for when you're thirsty.
You don't want to do that here.	You don't want to do that here.
You wisely strap on the jetpack to allow your self motion control.	You wisely strap on the jetpack to allow your self motion control.
The jetpack is useful only in Zero-G situations.	The jetpack is useful only in Zero-G situations.
Don't bother. This knife wouldn't cut hot lard.	Don't bother. This knife wouldn't cut hot lard.
Isn't this just the most amazing waste of time?	Isn't this just the most amazing waste of time?
You have to wonder why you're performing such a useless action.	You have to wonder why you're performing such a useless action.
You wisely decide this is a serious waste of time and energy.	You wisely decide this is a serious waste of time and energy.
You ask yourself why you're doing this and are forced to reply that you just don't know.	You ask yourself why you're doing this and are forced to reply that you just don't know.
Even for you, this isn't bright.	Even for you, this isn't bright.
Thank you for playing Space Quest I. You've been most entertaining.	Thank you for playing Space Quest I. You've been most entertaining.
"Are you sure you want to restart?"	"Are you sure you want to restart?"
Memory fragmented.	Memory fragmented.
What did you expect them to do, reproduce?	What did you expect them to do, reproduce?
You're far too busy for that now.	You're far too busy for that now.
You switch the gadget off to conserve its energy.	You switch the gadget off to conserve its energy.
You switch the gadget on.	You switch the gadget on.
You're far to busy for that now.	You're far to busy for that now.
You scrape that sticky goo from the bottom of the rock.	You scrape that sticky goo from the bottom of the rock.
There is nothing you can do to the rock.	There is nothing you can do to the rock.
You've already opened the survival kit and removed its contents.	You've already opened the survival kit and removed its contents.
Upon opening the survival kit you discover a Xenon army knife and a canister of dehydrated water.	Upon opening the survival kit you discover a Xenon army knife and a canister of dehydrated water.
You have %d Buckazoid%s	You have %d Buckazoid%s
Thank you for playing Space Quest I. Too bad you've failed miserably and doomed all of your people to a horrible death at the hands of the Sariens. You quickly glance about the room to see if anyone saw your silly mistake. Better luck next time.	Thank you for playing Space Quest I. Too bad you've failed miserably and doomed all of your people to a horrible death at the hands of the Sariens. You quickly glance about the room to see if anyone saw your silly mistake. Better luck next time.
New response: rm%03d %s %s	New response: rm%03d %s %s
Score: %d of %d	Score: %d of %d
As we join our story, the crew of the Arcada is returning home to Xenon after a successful mission developing the Star Generator. Exhilarated by their accomplishments, they are oblivious to the fact that a sinister craft approaches rapidly from behind.	As we join our story, the crew of the Arcada is returning home to Xenon after a successful mission developing the Star Generator. Exhilarated by their accomplishments, they are oblivious to the fact that a sinister craft approaches rapidly from behind.
***Thank you for playing Space Quest I. You've been most entertaining.	***Thank you for playing Space Quest I. You've been most entertaining.
This is the Data Archive of the Arcada. An interesting array of devices (none of of which you know how to operate) are provided for data study by those with proper clearance.	This is the Data Archive of the Arcada. An interesting array of devices (none of of which you know how to operate) are provided for data study by those with proper clearance.
This is an area of non-descript hallway beneath the Data Archive Storage Cabin.	This is an area of non-descript hallway beneath the Data Archive Storage Cabin.
The door opens. A man you recognize as one of the head lab scientists stumbles into the room. He appears to be in serious need of some Abdo-Seal abdomen filler!	The door opens. A man you recognize as one of the head lab scientists stumbles into the room. He appears to be in serious need of some Abdo-Seal abdomen filler!
After only a few steps, he hits the floor with a disconcerting thud.	After only a few steps, he hits the floor with a disconcerting thud.
His lips move.	His lips move.
Just before his systems cease all functions short of decay, he looks over toward the shelves full of cartridges and utters "%s". With one last gasp, his lifeless form slumps to the floor.	Just before his systems cease all functions short of decay, he looks over toward the shelves full of cartridges and utters "%s". With one last gasp, his lifeless form slumps to the floor.
No amount of money will put this man's lungs back in his chest.	No amount of money will put this man's lungs back in his chest.
It's a grisly sight. You can't tell where the toasted synthetic fabrics end and the fused organic material begins. There is nothing you can do for him now.	It's a grisly sight. You can't tell where the toasted synthetic fabrics end and the fused organic material begins. There is nothing you can do for him now.
You see a man dressed in a lab coat. He appears to be ailing in a major way.	You see a man dressed in a lab coat. He appears to be ailing in a major way.
A large laser hole has been burned in his uniform, giving you a nice view of previously unexposed tissue. Struggling painfully, he props himself up on one elbow.	A large laser hole has been burned in his uniform, giving you a nice view of previously unexposed tissue. Struggling painfully, he props himself up on one elbow.
You can do nothing more for the fused flesh-heap of a man.	You can do nothing more for the fused flesh-heap of a man.
In his present condition (dead) he can't make any use of the data cartridge.	In his present condition (dead) he can't make any use of the data cartridge.
If you give the keycard to the dead scientist, you won't be able to use the special elevators.	If you give the keycard to the dead scientist, you won't be able to use the special elevators.
The widget apparently has no power to raise the dead.	The widget apparently has no power to raise the dead.
The handy dandy translation gadget will not enable you to communicate with the dead.	The handy dandy translation gadget will not enable you to communicate with the dead.
His audible forms of communication will be limited to what he can convey through the venting of bodily gases.	His audible forms of communication will be limited to what he can convey through the venting of bodily gases.
He didn't smell all that great when he was alive.	He didn't smell all that great when he was alive.
The smell of freshly sheared copper fills the air around the damaged scientist.	The smell of freshly sheared copper fills the air around the damaged scientist.
You wouldn't want to do that. Trust me.	You wouldn't want to do that. Trust me.
This is a Model DX Cartridge Retrieval Unit. Its function is to retrieve and return cartridges from and to the storage unit. It is currently %s.	This is a Model DX Cartridge Retrieval Unit. Its function is to retrieve and return cartridges from and to the storage unit. It is currently %s.
You can't reach it. Even if you did, the pinchers look quite nasty.	You can't reach it. Even if you did, the pinchers look quite nasty.
It doesn't respond to human voice commands. It only works through the data archive console.	It doesn't respond to human voice commands. It only works through the data archive console.
I wouldn't be violating his airspace if I were you.	I wouldn't be violating his airspace if I were you.
You figure the robot probably works for batteries.	You figure the robot probably works for batteries.
You decide that the cartridge is too important to give back to the robot.	You decide that the cartridge is too important to give back to the robot.
You see no slot on the robot that would fit the keycard.	You see no slot on the robot that would fit the keycard.
The widget, being magnetic, sticks to the robot's outer casing. You remove it again with some difficulty.	The widget, being magnetic, sticks to the robot's outer casing. You remove it again with some difficulty.
Since the robot does not speak, the translator has nothing to translate.	Since the robot does not speak, the translator has nothing to translate.
You can see a well-lit room above.	You can see a well-lit room above.
You seem to be on the wrong level to do that.	You seem to be on the wrong level to do that.
You need to go to the top level.	You need to go to the top level.
You're currently loitering on one of the upper deck hallways aboard the Starship Arcada.	You're currently loitering on one of the upper deck hallways aboard the Starship Arcada.
You frisk the scorched body. Other than carbonized materials, your search reveals nothing. Boy, I hope this isn't becoming a new hobby.	You frisk the scorched body. Other than carbonized materials, your search reveals nothing. Boy, I hope this isn't becoming a new hobby.
You have just stumbled into a small, dark, and very cluttered utility closet. Many things fall and most of them land on you. It doesn't say much for your cleaning prowess.	You have just stumbled into a small, dark, and very cluttered utility closet. Many things fall and most of them land on you. It doesn't say much for your cleaning prowess.
You're startled by the sound of an alarm. Breaking through it, the intercom crackles with the frightened voice of a technician shouting that the Arcada has been boarded by unknown intruders. The transmission ends abruptly in a soundstorm of white noise, soon overtaken by the cold din of silence.	You're startled by the sound of an alarm. Breaking through it, the intercom crackles with the frightened voice of a technician shouting that the Arcada has been boarded by unknown intruders. The transmission ends abruptly in a soundstorm of white noise, soon overtaken by the cold din of silence.
You hear the overly cheerful voice of the ship's computer say: "Destruct sequence is engaged! %d minutes till detonation."	You hear the overly cheerful voice of the ship's computer say: "Destruct sequence is engaged! %d minutes till detonation."
The light is off. Were it on, you'd notice something called illumination.	The light is off. Were it on, you'd notice something called illumination.
The sign would yield no smell even if you did have the energy to find a step ladder (which you don't).	The sign would yield no smell even if you did have the energy to find a step ladder (which you don't).
This is Stuart, one of your crewmates. He appears to be non-functional. You used to kid him about it when he was alive but now it's true.	This is Stuart, one of your crewmates. He appears to be non-functional. You used to kid him about it when he was alive but now it's true.
You have to come out of the closet first.	You have to come out of the closet first.
Though you look like a cartoon character, you're not Stretchman.	Though you look like a cartoon character, you're not Stretchman.
Funny, no response.	Funny, no response.
On second thought, maybe you shouldn't wipe your nose on Stuart's clothes.	On second thought, maybe you shouldn't wipe your nose on Stuart's clothes.
Oh, that's really sick. You really should seek professional help.	Oh, that's really sick. You really should seek professional help.
It's unlikely Stuart will be spending any money in the forseeable future.	It's unlikely Stuart will be spending any money in the forseeable future.
Stuart was never much help to you, but now he's ignoring you entirely.	Stuart was never much help to you, but now he's ignoring you entirely.
Stuart doesn't plan to use one of the special elevators anytime soon.	Stuart doesn't plan to use one of the special elevators anytime soon.
You wave the widget over Stuart's body. He's still dead.	You wave the widget over Stuart's body. He's still dead.
Even using the translator gadget, you can't communicate with Stuart. He's still dead.	Even using the translator gadget, you can't communicate with Stuart. He's still dead.
This is an elevator to one of the lower levels.	This is an elevator to one of the lower levels.
Pressing your nose to the elevator door merely serves to cool off your nostril hairs. The door has no fragrance.	Pressing your nose to the elevator door merely serves to cool off your nostril hairs. The door has no fragrance.
People are going to start wondering about you if you keep applying your tongue to unusual places.	People are going to start wondering about you if you keep applying your tongue to unusual places.
Nothing is visible because of the darkness in here. It's one of the reasons that this is your favorite room aboard the Arcada.	Nothing is visible because of the darkness in here. It's one of the reasons that this is your favorite room aboard the Arcada.
This is the access device to your favorite area of the ship - the closet.	This is the access device to your favorite area of the ship - the closet.
The light's flashing. Hmm, let's see...That seems to ring a distant bell. Oh yeah, now you remember! It means that all living things now aboard the ship could die due to some disastrous situation that currently exists. Whatever the case, some personal hide preservation is in order.	The light's flashing. Hmm, let's see...That seems to ring a distant bell. Oh yeah, now you remember! It means that all living things now aboard the ship could die due to some disastrous situation that currently exists. Whatever the case, some personal hide preservation is in order.
Since the sign is recessed into the wall you can do nothing with it. A nice, distinct hand print now remains on the alert sign.	Since the sign is recessed into the wall you can do nothing with it. A nice, distinct hand print now remains on the alert sign.
You take a whiff and notice a smell common to electronics which haven't had power applied to them in a quite a while.	You take a whiff and notice a smell common to electronics which haven't had power applied to them in a quite a while.
Boy, was that a bad idea. Your tongue now bears the residue left behind by adventurers who, like yourself, have shown a need to press various and sundry organs against the sign.	Boy, was that a bad idea. Your tongue now bears the residue left behind by adventurers who, like yourself, have shown a need to press various and sundry organs against the sign.
You search Jerry's body and find %s	You search Jerry's body and find %s
He smells like Jerry.	He smells like Jerry.
I don't think you really want to taste Jerry. But then, who knows?	I don't think you really want to taste Jerry. But then, who knows?
Jerry won't be needing any cash soon	Jerry won't be needing any cash soon
If Jerry ever knew how to read this cartridge, he's not telling now.	If Jerry ever knew how to read this cartridge, he's not telling now.
You really shouldn't put the keycard back -- you're going to need it later.	You really shouldn't put the keycard back -- you're going to need it later.
Jerry is beyond the need for a widget.	Jerry is beyond the need for a widget.
Jerry doesn't appear to be saying anything for the translator gadget to translate.	Jerry doesn't appear to be saying anything for the translator gadget to translate.
You can't do that from your current position.	You can't do that from your current position.
You can't do that from this level.	You can't do that from this level.
This is an elevator to one of the upper levels.	This is an elevator to one of the upper levels.
Your search of %s reveals nothing even you'd carry.	Your search of %s reveals nothing even you'd carry.
You can't mess with anything that's not on your floor.	You can't mess with anything that's not on your floor.
Dead people sure are boring!	Dead people sure are boring!
Gee, He doesn't smell bitter, taste him.	Gee, He doesn't smell bitter, taste him.
Hmmmm, still not bitter, just like you thought.	Hmmmm, still not bitter, just like you thought.
You owed Dave a couple of Buckazoids, but there's not much point in repaying them now.	You owed Dave a couple of Buckazoids, but there's not much point in repaying them now.
Dave seems somehow disinterested in the cartridge.	Dave seems somehow disinterested in the cartridge.
Dave never had a keycard, and he sure doesn't need one now.	Dave never had a keycard, and he sure doesn't need one now.
Dave is remarkably unresponsive to your offer of a widget.	Dave is remarkably unresponsive to your offer of a widget.
Dave has given up speaking for the rest of his life. Even the translator gadget won't help here.	Dave has given up speaking for the rest of his life. Even the translator gadget won't help here.
You can't manipulate anything not on your level.	You can't manipulate anything not on your level.
Hey keep your tongue to yourself, slimeball.	Hey keep your tongue to yourself, slimeball.
Hey, she's wearing that really great perfume again, Eau DePain.	Hey, she's wearing that really great perfume again, Eau DePain.
It's unlikely Blanche would appreciate the gesture.	It's unlikely Blanche would appreciate the gesture.
Blanche pays as much attention to you as she ever has.	Blanche pays as much attention to you as she ever has.
Blanche shows as much interet in the keycard as you might expect her to, being dead and all.	Blanche shows as much interet in the keycard as you might expect her to, being dead and all.
Your shiny new widget is not making much of an impression of Blanche, that's for sure.	Your shiny new widget is not making much of an impression of Blanche, that's for sure.
The translation gadget does not appear to work if there's no speech to translate, and Blanche is remarkably quite lately.	The translation gadget does not appear to work if there's no speech to translate, and Blanche is remarkably quite lately.
This elevator goes down.	This elevator goes down.
This elevator goes up.	This elevator goes up.
Your search of the body reveals nothing.	Your search of the body reveals nothing.
Gosh, Randy's even quieter in this state.	Gosh, Randy's even quieter in this state.
Randy's recently re-exposed and re-heated lunch smells pretty good. You start to regret having slept through lunch.	Randy's recently re-exposed and re-heated lunch smells pretty good. You start to regret having slept through lunch.
Although it's darn tempting, all this tension has your stomach churning. The last thing it needs is more stomach acid, especially from someone else's stomach.	Although it's darn tempting, all this tension has your stomach churning. The last thing it needs is more stomach acid, especially from someone else's stomach.
Randy, usually a sucker for a Buckazoid, is showing a remarkable lack of interest.	Randy, usually a sucker for a Buckazoid, is showing a remarkable lack of interest.
Randy ignores your efforts to ask him about the cartridge, maybe because he's dead.	Randy ignores your efforts to ask him about the cartridge, maybe because he's dead.
Randy doesn't seem to want the keycard. His present condition may have something to do with this.	Randy doesn't seem to want the keycard. His present condition may have something to do with this.
Whatever this thing does, reanimating the dead does not appear to be one of them.	Whatever this thing does, reanimating the dead does not appear to be one of them.
Even you don't need a translator to get the message that Randy is D-E-A-D.	Even you don't need a translator to get the message that Randy is D-E-A-D.
Normally a pleasant guy to talk with, Hugh is pretty darn boring now.	Normally a pleasant guy to talk with, Hugh is pretty darn boring now.
Either you have a taste for sweat or you didn't smell him before you tried to taste him.	Either you have a taste for sweat or you didn't smell him before you tried to taste him.
Hmmm. I think Hugh might have missed a shower or two. Or perhaps his body got sweaty from the heat of that laser blast.	Hmmm. I think Hugh might have missed a shower or two. Or perhaps his body got sweaty from the heat of that laser blast.
Your money doesn't hold much interest for Hugh at this point	Your money doesn't hold much interest for Hugh at this point
Hugh offers you no help with the cartridge.	Hugh offers you no help with the cartridge.
If Hugh could speak, he'd tell you he doesn't want the keycard. He might also have something to say about your intelligence.	If Hugh could speak, he'd tell you he doesn't want the keycard. He might also have something to say about your intelligence.
It's possible Hugh's only pretending disinterest in the widget. It's also possible he's still dead.	It's possible Hugh's only pretending disinterest in the widget. It's also possible he's still dead.
Blatant, messy death requires no translation.	Blatant, messy death requires no translation.
Widgets don't talk.	Widgets don't talk.
It smells magnetic.	It smells magnetic.
It tastes quite metallic.	It tastes quite metallic.
Hey, flow through ventilation! You'd best avoid those guys in the future.	Hey, flow through ventilation! You'd best avoid those guys in the future.
It's a star. You don't do anything with it. If you get close enough though, it will do anything it wants to you.	It's a star. You don't do anything with it. If you get close enough though, it will do anything it wants to you.
If you want to talk to a star, call the Elvis hotline.	If you want to talk to a star, call the Elvis hotline.
It's a TV picture, remember?	It's a TV picture, remember?
It's tuned as well as it will come in. Let's face it, that guy's gonna be ugly no matter how you adjust it.	It's tuned as well as it will come in. Let's face it, that guy's gonna be ugly no matter how you adjust it.
Alas, it is speechless.	Alas, it is speechless.
Sure. Just go up and do any old thing you want. They look friendly.	Sure. Just go up and do any old thing you want. They look friendly.
These guys carry weapons. How wise do you think that is?	These guys carry weapons. How wise do you think that is?
You'd need to be closer for that.	You'd need to be closer for that.
Sorry. It's just an incredible facsimile and not capable of functioning!	Sorry. It's just an incredible facsimile and not capable of functioning!
Boy, you're lonely!	Boy, you're lonely!
I don't think it's a good idea to be doing that kind of thing to someone else's joystick.	I don't think it's a good idea to be doing that kind of thing to someone else's joystick.
Hey, you don't know were this thing has been!	Hey, you don't know were this thing has been!
Though you've been known to have a fondness for manipulating small rodents, this one is obviously decorative (at least in someone's mind).	Though you've been known to have a fondness for manipulating small rodents, this one is obviously decorative (at least in someone's mind).
I'm glad, for your sake, that no can see what you're trying to do.	I'm glad, for your sake, that no can see what you're trying to do.
Funny, it doesn't smell like a rodent.	Funny, it doesn't smell like a rodent.
Good thing that isn't a real mouse or you'd be hacking up furballs.	Good thing that isn't a real mouse or you'd be hacking up furballs.
Do you know how many hours you've spent cleaning view screens because of acts like that!	Do you know how many hours you've spent cleaning view screens because of acts like that!
BOING! Right back in your face those words did come.	BOING! Right back in your face those words did come.
Smells like viewdex with pneumonia-f.	Smells like viewdex with pneumonia-f.
Unfortunately, it tastes like viewdex with pneumonia-f!	Unfortunately, it tastes like viewdex with pneumonia-f!
These wires are way out of reach. Besides, you don't need them.	These wires are way out of reach. Besides, you don't need them.
Still looking for someone to understand you and see you for what you really are?	Still looking for someone to understand you and see you for what you really are?
You can't smell them way up there.	You can't smell them way up there.
They're too far away to taste.	They're too far away to taste.
As much as you feel like pounding out a colonically stimulating version of 'chopsticks', you realize that it's time to get serious about surviving. (At least, we think you do.)	As much as you feel like pounding out a colonically stimulating version of 'chopsticks', you realize that it's time to get serious about surviving. (At least, we think you do.)
The keyboard has no sampler. That is what you meant to try, wasn't it?	The keyboard has no sampler. That is what you meant to try, wasn't it?
It smells like lots of fingers pressed around this thing.	It smells like lots of fingers pressed around this thing.
It tastes like lots of unclean fingers pressed around this thing.	It tastes like lots of unclean fingers pressed around this thing.
The incredibly huge cords are affixed to the deck and can't be moved.	The incredibly huge cords are affixed to the deck and can't be moved.
Come to your senses.	Come to your senses.
It smells like vinyl-encased wiring.	It smells like vinyl-encased wiring.
You must have something more important to do than going around sucking on vinyl insulation.	You must have something more important to do than going around sucking on vinyl insulation.
You slide the keycard into the slot. The lock releases with a satisfying click, and the elevator doors slide open.	You slide the keycard into the slot. The lock releases with a satisfying click, and the elevator doors slide open.
The bay doors are currently open.	The bay doors are currently open.
The bay doors are currently closed.	The bay doors are currently closed.
You overhear a couple of strange guys conversing nearby.	You overhear a couple of strange guys conversing nearby.
Through this window you can see down into the pod bay. A pod sits waiting on the launch track. The large bay doors are currently %s.	Through this window you can see down into the pod bay. A pod sits waiting on the launch track. The large bay doors are currently %s.
There are only a couple of buttons that look like they do anything.	There are only a couple of buttons that look like they do anything.
You already have two other buttons to choose from.	You already have two other buttons to choose from.
These are locked down. They won't help you anyway.	These are locked down. They won't help you anyway.
None of these buttons are operational at this time.	None of these buttons are operational at this time.
A spacesuit hangs in the closet. A helmet sits on the top shelf.	A spacesuit hangs in the closet. A helmet sits on the top shelf.
You notice some sort of gadget in the drawer.	You notice some sort of gadget in the drawer.
There is nothing inside the drawer. You push the button and the drawer slides neatly back into place.	There is nothing inside the drawer. You push the button and the drawer slides neatly back into place.
There are no controls on this panel. It is populated only by gauges and read-outs.	There are no controls on this panel. It is populated only by gauges and read-outs.
Does that artificial gravity do the job, or what.	Does that artificial gravity do the job, or what.
That concludes your experiment on the effects of vacuum on the unprotected human body. Wasn't that fun!	That concludes your experiment on the effects of vacuum on the unprotected human body. Wasn't that fun!
The massive bay doors are %s.	The massive bay doors are %s.
You can't open the Bay doors from this room.	You can't open the Bay doors from this room.
Some alien anchorbeing is broadcasting a message about the stolen Star Generator.	Some alien anchorbeing is broadcasting a message about the stolen Star Generator.
A blank monitor hangs from the ceiling.	A blank monitor hangs from the ceiling.
You exit the escape pod.	You exit the escape pod.
Remove your seatbelt first. It works better.	Remove your seatbelt first. It works better.
Please press the desired button on the inset.	Please press the desired button on the inset.
This option works better with the power on.	This option works better with the power on.
You will need to leave the Launch Bay first.	You will need to leave the Launch Bay first.
This option works only when clear of the Arcada.	This option works only when clear of the Arcada.
Nothing much will happen without power.	Nothing much will happen without power.
Buckle up for safety, buckle up.	Buckle up for safety, buckle up.
As you slide the throttle forward, you can feel the Arcada start to shake.	As you slide the throttle forward, you can feel the Arcada start to shake.
Guess those doors are as strong as they look.	Guess those doors are as strong as they look.
Through the open bay doors you can see a plethora of stars.	Through the open bay doors you can see a plethora of stars.
Your view is limited by the closed bay doors.	Your view is limited by the closed bay doors.
You don't need that right now.	You don't need that right now.
THIS BUTTON IS NOT TO BE PUSHED AT ANYTIME.	THIS BUTTON IS NOT TO BE PUSHED AT ANYTIME.
This is the power button for the escape pod.	This is the power button for the escape pod.
Gee, all of a sudden the engines have grown quiet. Boy, you sure were zooming along for quite some time.	Gee, all of a sudden the engines have grown quiet. Boy, you sure were zooming along for quite some time.
Of course, the zooming part is over now since you've run out of fuel. You'll just float along on inertia with no control of your attitude or destination.	Of course, the zooming part is over now since you've run out of fuel. You'll just float along on inertia with no control of your attitude or destination.
Yep, you're still drifting hopelessly through space. Bummer, eh?	Yep, you're still drifting hopelessly through space. Bummer, eh?
Hunger grows to a level where your body decides to start feasting on itself. In your last conscious thoughts it dawns on you that navigation of some sort might have been a big helper here.	Hunger grows to a level where your body decides to start feasting on itself. In your last conscious thoughts it dawns on you that navigation of some sort might have been a big helper here.
Please stay seated until the space pod has come to a complete stop. Thank you for your cooperation.	Please stay seated until the space pod has come to a complete stop. Thank you for your cooperation.
The pod has gone through some changes. All systems seem to have died and the windshield is now embossed with a lovely mosaic pattern.	The pod has gone through some changes. All systems seem to have died and the windshield is now embossed with a lovely mosaic pattern.
The inside of the Arcada's escape pods is not exactly packed with luxurious appointments. However, when it comes to saving one's posterior, it's as good as a Rolls.	The inside of the Arcada's escape pods is not exactly packed with luxurious appointments. However, when it comes to saving one's posterior, it's as good as a Rolls.
The pain fades away along with any sense of belonging to the community of the living. Your powerless pod drifts through space for eons, eventually being plowed by some primitive deep space probe. Knowing that your insurance deductible was much too high anyway, you gain a new appreciation for death.	The pain fades away along with any sense of belonging to the community of the living. Your powerless pod drifts through space for eons, eventually being plowed by some primitive deep space probe. Knowing that your insurance deductible was much too high anyway, you gain a new appreciation for death.
Please press the desired button.	Please press the desired button.
Thank you for flying Arcada Getaway Podlines! It's nearly been a pleasure serving you. Tell a friend (if you've got one).	Thank you for flying Arcada Getaway Podlines! It's nearly been a pleasure serving you. Tell a friend (if you've got one).
This has been rendered inoperable due to the shock of that less-than-graceful landing.	This has been rendered inoperable due to the shock of that less-than-graceful landing.
The fuel supply has expired.	The fuel supply has expired.
This button just doesn't work the same since the accident.	This button just doesn't work the same since the accident.
You have a feeling you shouldn't have pressed that button.	You have a feeling you shouldn't have pressed that button.
Ouch! I think we've got some serious organ damage here! All of them, of course, could be easily replaced in the time period from which you've just arrived. However, a quick scenery check reveals that you are now in the Dark Ages. The only transplant you'll get here is from carcass to spit over flame.	Ouch! I think we've got some serious organ damage here! All of them, of course, could be easily replaced in the time period from which you've just arrived. However, a quick scenery check reveals that you are now in the Dark Ages. The only transplant you'll get here is from carcass to spit over flame.
As you draw a few final lungfuls of oxygen through your newly-acquired sucking chest wound, you gleefully notice your final resting place is near beautiful Nottingham Castle - universally renowned for its inclusion in Sierra's 'Conquests of the Longbow'.	As you draw a few final lungfuls of oxygen through your newly-acquired sucking chest wound, you gleefully notice your final resting place is near beautiful Nottingham Castle - universally renowned for its inclusion in Sierra's 'Conquests of the Longbow'.
Oh, my goodness! You're shocked to hear some highly inflammatory language making its way into your auditory canals. Must be some uncivilized ruffians in the nearby pub.	Oh, my goodness! You're shocked to hear some highly inflammatory language making its way into your auditory canals. Must be some uncivilized ruffians in the nearby pub.
Well, you're dead again. We even warned you not to push that button. You have no one to blame but yourself for having to sit through a plug for another fine Sierra product. Maybe you'll follow directions next time. Thanks for playing (and all that stuff).	Well, you're dead again. We even warned you not to push that button. You have no one to blame but yourself for having to sit through a plug for another fine Sierra product. Maybe you'll follow directions next time. Thanks for playing (and all that stuff).
The lack of fuel allows you to float aimlessly through space.	The lack of fuel allows you to float aimlessly through space.
You are already thrusting through space.	You are already thrusting through space.
You have no need to remove your seatbelt.	You have no need to remove your seatbelt.
Hey, this baby saved your life. The view out the window, however, might make you regret it.	Hey, this baby saved your life. The view out the window, however, might make you regret it.
Dials galore populate the instrument console of the pod cabin.%s	Dials galore populate the instrument console of the pod cabin.%s
This is the pod's instrument console. Dials, gauges, and a couple of controls fill out the board.%s	This is the pod's instrument console. Dials, gauges, and a couple of controls fill out the board.%s
This is the lucky escapee's seat.%s	This is the lucky escapee's seat.%s
Through the fractured pod window, you see utter desolation spread out before you. You suddenly feel very lonely.	Through the fractured pod window, you see utter desolation spread out before you. You suddenly feel very lonely.
The window allows you an unrestricted view of the vast nothingness of space.	The window allows you an unrestricted view of the vast nothingness of space.
The rugged landing liberated the survival kit from its mounting fixture.	The rugged landing liberated the survival kit from its mounting fixture.
Within the survival kit are the necessities for surviving a brief stay in a less-than-hospitable environment.	Within the survival kit are the necessities for surviving a brief stay in a less-than-hospitable environment.
You can't get that now.	You can't get that now.
Nice lights, huh?	Nice lights, huh?
This is a radar used by the Autonav system.	This is a radar used by the Autonav system.
This button WASN'T to be pushed at anytime. Now that it's dead go crazy and push away.	This button WASN'T to be pushed at anytime. Now that it's dead go crazy and push away.
This is the power button for the escape pod.%s	This is the power button for the escape pod.%s
Erosion has drilled a small hole into the side of this section of vertebrae. What could be in there?	Erosion has drilled a small hole into the side of this section of vertebrae. What could be in there?
You don't have time for that. You're much too busy running for your life currently.	You don't have time for that. You're much too busy running for your life currently.
This hole isn't of the edible variety.	This hole isn't of the edible variety.
The dark hole merely echoes your wondrous words.	The dark hole merely echoes your wondrous words.
You pick up a faint scent of something organic. Maybe there's someone else on this Ken-forsaken planet.	You pick up a faint scent of something organic. Maybe there's someone else on this Ken-forsaken planet.
Being in closer proximity would be helpful.	Being in closer proximity would be helpful.
Cautiously, you decide to investigate further.	Cautiously, you decide to investigate further.
That should teach you not to be messing around in strange holes.	That should teach you not to be messing around in strange holes.
It's the hole you were jettisoned from when you were expelled from the cavern area.	It's the hole you were jettisoned from when you were expelled from the cavern area.
The cave is very small and empty, not unlike your grey matter.	The cave is very small and empty, not unlike your grey matter.
There's nothing you can do as there is no visible means of entry.	There's nothing you can do as there is no visible means of entry.
Your shout produces no response.	Your shout produces no response.
It smells empty.	It smells empty.
It tastes calcium-rich.	It tastes calcium-rich.
I'd say that the widening of those cracks is an excellent indication that this thing is not a truly stable unit. And don't you hate the way it makes your brain bounce around like a handball in all that spare cranial space?	I'd say that the widening of those cracks is an excellent indication that this thing is not a truly stable unit. And don't you hate the way it makes your brain bounce around like a handball in all that spare cranial space?
No doubt about it! There's going to be an accident (of one kind or another) on this shaky piece of calcium-rich matter.	No doubt about it! There's going to be an accident (of one kind or another) on this shaky piece of calcium-rich matter.
You've always got to push things to the limit, don't you? We warned you, but NO! YOU had to do it just one more time. Well, just wait 'til your father gets home!	You've always got to push things to the limit, don't you? We warned you, but NO! YOU had to do it just one more time. Well, just wait 'til your father gets home!
If nothing else, it makes a pleasant thud.	If nothing else, it makes a pleasant thud.
It was not known that you are a master of the protrusion toss! That was a fine effort.	It was not known that you are a master of the protrusion toss! That was a fine effort.
It's the snapped spinal protrusion you dislodged - resulting in its present position on the sand.	It's the snapped spinal protrusion you dislodged - resulting in its present position on the sand.
It must be a snapped spinal protrusion just sitting here, without, as yet, having succumbed to the nearly unresistable attraction of gravity.	It must be a snapped spinal protrusion just sitting here, without, as yet, having succumbed to the nearly unresistable attraction of gravity.
You've done all the relocation of this thing that your limited physique is capable of.	You've done all the relocation of this thing that your limited physique is capable of.
I'll bet that if you COULD reach it from here, you WOULD pull that sucker down on your very own head.	I'll bet that if you COULD reach it from here, you WOULD pull that sucker down on your very own head.
Hmm. It smells like a smashed vertebral protrusion. Of course, you're not a leading expert on the subject, so you might want a second opinion.	Hmm. It smells like a smashed vertebral protrusion. Of course, you're not a leading expert on the subject, so you might want a second opinion.
Hmm. It smells like a vertebral protrusion you once knew.	Hmm. It smells like a vertebral protrusion you once knew.
Not much to report aurally.	Not much to report aurally.
Gee! I thought everybody knew what sun-dried gigundasaurus bone smelled like.	Gee! I thought everybody knew what sun-dried gigundasaurus bone smelled like.
It would be like licking a dehydrated peach pit.	It would be like licking a dehydrated peach pit.
The only talking ribs you'll ever see are in fast-food commercials.	The only talking ribs you'll ever see are in fast-food commercials.
These teeth are in to stay.	These teeth are in to stay.
Many years of sandblasting by the Keronian elements have given the skull a smooth finish.	Many years of sandblasting by the Keronian elements have given the skull a smooth finish.
Check out the claws on this sucker. We're talking major manicure action. Can't you imagine what it must have been like to serve as one of many hundreds of live meals the gigundasaurus must have shredded and refined internally in it's lifetime.	Check out the claws on this sucker. We're talking major manicure action. Can't you imagine what it must have been like to serve as one of many hundreds of live meals the gigundasaurus must have shredded and refined internally in it's lifetime.
Can't you just feel the points of those talon-like claws slowly pressing through the thin outer-armour we call skin, popping through and separating ribs, and pushing aside anything it didn't pierce on the way, only to meet mid-torso.	Can't you just feel the points of those talon-like claws slowly pressing through the thin outer-armour we call skin, popping through and separating ribs, and pushing aside anything it didn't pierce on the way, only to meet mid-torso.
The claws are much too large - not to mention much too deep in the sand - for you to do anything with.	The claws are much too large - not to mention much too deep in the sand - for you to do anything with.
Even without the fleshy matter which once enveloped parts of this claw, it won't be moving as a result of anything you could do.	Even without the fleshy matter which once enveloped parts of this claw, it won't be moving as a result of anything you could do.
You notice a fine spray of glistening, metallic jelly decorating the walls. Otherwise, it's still the same old homey cave-in-a-skull.	You notice a fine spray of glistening, metallic jelly decorating the walls. Otherwise, it's still the same old homey cave-in-a-skull.
This skull makes a darn comfortable little cave if you ignore the disturbing human-size remains in the back.	This skull makes a darn comfortable little cave if you ignore the disturbing human-size remains in the back.
You shiver at the sight of the spider droid entering the cave on its spindly legs. The cold metallic body searches for something to get up close and personal with. This could be interesting.	You shiver at the sight of the spider droid entering the cave on its spindly legs. The cold metallic body searches for something to get up close and personal with. This could be interesting.
Now THAT was cool! That killed two problems with no stones.	Now THAT was cool! That killed two problems with no stones.
Orat, always in the mood for a snack, snatches the can out of the air with his spacious oral cavity, chews and swallows it. He notices a rumbling deep within his abdomen.	Orat, always in the mood for a snack, snatches the can out of the air with his spacious oral cavity, chews and swallows it. He notices a rumbling deep within his abdomen.
It's too late for that! You'd best jam!!	It's too late for that! You'd best jam!!
OH, NOOOOO!!!	OH, NOOOOO!!!
Orat has transformed you into a new piece of recreational equipment. Along with finding this treatment extremely rude, you don't survive it.	Orat has transformed you into a new piece of recreational equipment. Along with finding this treatment extremely rude, you don't survive it.
It's tough to make friends around here. Relax, stretch out, restore, and let's get back to it. There's adventuring to be done!	It's tough to make friends around here. Relax, stretch out, restore, and let's get back to it. There's adventuring to be done!
It's too late for that now. Orat has already tuned his taste buds to your flavor frequency!	It's too late for that now. Orat has already tuned his taste buds to your flavor frequency!
That thing? The knife can barely cut through rancid grell lard, much less the thick hide of Orat.	That thing? The knife can barely cut through rancid grell lard, much less the thick hide of Orat.
You think you can buy this guy off? HA!	You think you can buy this guy off? HA!
The data cartridge seems to strike the orat as a big so what.	The data cartridge seems to strike the orat as a big so what.
The widget does not appear edible to the big smelly monster. On the other hand, you do.	The widget does not appear edible to the big smelly monster. On the other hand, you do.
Growwwwrrrr! Hmmm. Sounds the same in any language, doesn't it.	Growwwwrrrr! Hmmm. Sounds the same in any language, doesn't it.
Throwing him your survival kit does not seem the best strategy for your survival.	Throwing him your survival kit does not seem the best strategy for your survival.
Does he look like a vegatarian to you?	Does he look like a vegatarian to you?
Though normally known for his intellectually stimulating conversation in the monster and beast community, Orat seems limited to grunts in the way of response to your probing questions.	Though normally known for his intellectually stimulating conversation in the monster and beast community, Orat seems limited to grunts in the way of response to your probing questions.
The stench? Phew! Not even a text adventure would attempt that description.	The stench? Phew! Not even a text adventure would attempt that description.
You wouldn't want to do that. From the stench, you can make an educated guess, and it isn't a pleasant one.	You wouldn't want to do that. From the stench, you can make an educated guess, and it isn't a pleasant one.
You reach down and take the Orat part in your hand. Some of it oozes to fill the space between your fingers.	You reach down and take the Orat part in your hand. Some of it oozes to fill the space between your fingers.
You notice a fine spray of glistening, metallic jelly decorating the walls.	You notice a fine spray of glistening, metallic jelly decorating the walls.
The walls are blank. This place could use some sprucing-up. Perhaps a nice little wall hanging or a velvet Elvis painting could warm the look of the place a bit.	The walls are blank. This place could use some sprucing-up. Perhaps a nice little wall hanging or a velvet Elvis painting could warm the look of the place a bit.
There's nothing on the walls that you want or need.	There's nothing on the walls that you want or need.
Just leave those depressing remnants of unfortunate explorers alone, will you?	Just leave those depressing remnants of unfortunate explorers alone, will you?
They have surprisingly little to say. And if they did, would you really want to stay around to listen.	They have surprisingly little to say. And if they did, would you really want to stay around to listen.
While you might be in the mood for a little skull, you've got more important business to tend to.	While you might be in the mood for a little skull, you've got more important business to tend to.
Any scent these skulls may once have had is long gone, compliments of the the incredibly hot, dry climate.	Any scent these skulls may once have had is long gone, compliments of the the incredibly hot, dry climate.
You have trouble moving your own carcass around. You sure can't move something that weighs several times more than you. Besides, you left your truss back on the Arcada.	You have trouble moving your own carcass around. You sure can't move something that weighs several times more than you. Besides, you left your truss back on the Arcada.
No odor is detectable.	No odor is detectable.
You've tasted better.	You've tasted better.
While potentially an even conversational match for you, the rock has no speech mechanism.	While potentially an even conversational match for you, the rock has no speech mechanism.
Other than the cave's special aroma, you smell nothing.	Other than the cave's special aroma, you smell nothing.
Give it a rest. It's going to be raw soon.	Give it a rest. It's going to be raw soon.
Nothing to do there.	Nothing to do there.
Your words echo about the cavern, apparently not destined to fall on the ears of others.	Your words echo about the cavern, apparently not destined to fall on the ears of others.
It smells like a musty old cave. They need Cave-B-Nu(tm).	It smells like a musty old cave. They need Cave-B-Nu(tm).
Nothing worth tasting there.	Nothing worth tasting there.
Having an adequate personal collection of natural Keronian adhesive, you choose to leave this sticky gunk where it is.	Having an adequate personal collection of natural Keronian adhesive, you choose to leave this sticky gunk where it is.
This stalagmite has obviously been broken loose previously and set back in place.	This stalagmite has obviously been broken loose previously and set back in place.
The being responsible - most likely your Keronian counterpart - tried to fool everyone else by using some sticky gunk to hold it together. (Like that would actually fool anyone!.)	The being responsible - most likely your Keronian counterpart - tried to fool everyone else by using some sticky gunk to hold it together. (Like that would actually fool anyone!.)
You've already taken the stalagmite.	You've already taken the stalagmite.
You almost wish you had a table or breadboard to sand.	You almost wish you had a table or breadboard to sand.
You flex those incredible muscles you wish you had, but you're barely able to snap loose the previously fractured stalagmite tip.	You flex those incredible muscles you wish you had, but you're barely able to snap loose the previously fractured stalagmite tip.
I'll bet you're getting to truly hate this elevator.	I'll bet you're getting to truly hate this elevator.
Hey! What's the deal here?! That elevator doesn't lower - it sucks!	Hey! What's the deal here?! That elevator doesn't lower - it sucks!
Although you imagine yourself a buff individual, you could effect no change in the tube door.	Although you imagine yourself a buff individual, you could effect no change in the tube door.
With professional pride, you observe that the door polish these guys use tastes different than your favorite brand.	With professional pride, you observe that the door polish these guys use tastes different than your favorite brand.
The scent of Berzzleweeze Berry rises to be sampled olifactorally. Must be their polish.	The scent of Berzzleweeze Berry rises to be sampled olifactorally. Must be their polish.
These are stalagmites. They stand silently, just as they have done for so many centuries.	These are stalagmites. They stand silently, just as they have done for so many centuries.
They are as solid as rocks and resistant to any manipulation.	They are as solid as rocks and resistant to any manipulation.
It said to tell you that it's in a meeting and won't be out all day. Please check again in another version or two.	It said to tell you that it's in a meeting and won't be out all day. Please check again in another version or two.
The stalagmite has no smell.	The stalagmite has no smell.
It didn't have a taste but its texture gave your tongue that nice rough-out leather look.	It didn't have a taste but its texture gave your tongue that nice rough-out leather look.
These are stalactites. They just hang there politely minding their own business.	These are stalactites. They just hang there politely minding their own business.
You can't. Not without the ladder. (See nose message.)	You can't. Not without the ladder. (See nose message.)
You can't. Not without the ladder. (See tongue message.)	You can't. Not without the ladder. (See tongue message.)
You can't reach any of them without the ladder.	You can't reach any of them without the ladder.
What do you mean, you don't have the ladder?	What do you mean, you don't have the ladder?
Oh, sorry! We don't let you have one of those until Space Quest III.	Oh, sorry! We don't let you have one of those until Space Quest III.
Did I mention that Space Quest III was the Software Publisher's Association Award-winning Best Adventure Game for 1989?	Did I mention that Space Quest III was the Software Publisher's Association Award-winning Best Adventure Game for 1989?
You don't care? Sorry. Never mind.	You don't care? Sorry. Never mind.
It's an unconsolidated mixture of rock fragments and pebbles.	It's an unconsolidated mixture of rock fragments and pebbles.
Unless you get into the masonry field or concrete business they will be of no use.	Unless you get into the masonry field or concrete business they will be of no use.
YAaachooo!!! Quit sniffing gravel! It makes me sneeze.	YAaachooo!!! Quit sniffing gravel! It makes me sneeze.
Oh, that's disgusting. Keep running your tongue along the floor like that and you're bound to catch something you don't want.	Oh, that's disgusting. Keep running your tongue along the floor like that and you're bound to catch something you don't want.
No one here cares what you have to say.	No one here cares what you have to say.
You get a hint of sulfur in the musty air.	You get a hint of sulfur in the musty air.
It's a grate monster. At the moment ,he's stuck on something - fortunately not you.	It's a grate monster. At the moment ,he's stuck on something - fortunately not you.
It's a grate monster. I'll bet he's lonely and just wants to be your friend.	It's a grate monster. I'll bet he's lonely and just wants to be your friend.
It smells grate.	It smells grate.
I don't think you want to get that close. Then again, maybe you do.	I don't think you want to get that close. Then again, maybe you do.
You now have a chance get your buns out of here. You'd better take advantage of the opportunity.	You now have a chance get your buns out of here. You'd better take advantage of the opportunity.
Get closer.	Get closer.
This is the upper pathway.	This is the upper pathway.
A path is visible there, but you can't seem to access it from here.	A path is visible there, but you can't seem to access it from here.
This is the lower pathway.	This is the lower pathway.
There is a path there which you don't seem to have access to from here.	There is a path there which you don't seem to have access to from here.
It's more cave floor.	It's more cave floor.
The grate is made of metal and seems to be fastened securely to the floor. A strange tentacled beast lurks at the bottom of the pit.	The grate is made of metal and seems to be fastened securely to the floor. A strange tentacled beast lurks at the bottom of the pit.
The grate is made of metal and seems to be fastened securely to the floor. It is too dark to see down through the grate. However, an odd smell emanates from the depths of the pit.	The grate is made of metal and seems to be fastened securely to the floor. It is too dark to see down through the grate. However, an odd smell emanates from the depths of the pit.
This critter isn't interested in your money - he perfers raw, bleeding flesh.	This critter isn't interested in your money - he perfers raw, bleeding flesh.
You doubt this hideous creature could help you read the cartridge.	You doubt this hideous creature could help you read the cartridge.
The monster is much less interested in the widget than in stripping the flesh from your bones.	The monster is much less interested in the widget than in stripping the flesh from your bones.
The disgusting slimy, slimy, slurping, slithering sounds from the grate would not be improved by running them through the translator gadget.	The disgusting slimy, slimy, slurping, slithering sounds from the grate would not be improved by running them through the translator gadget.
You might be able to cut off one head, but, meanwhile, the others would be turning you into fresh-ground turkey.	You might be able to cut off one head, but, meanwhile, the others would be turning you into fresh-ground turkey.
You really don't feel like sharing your precious dehydrated water with snake-face here.	You really don't feel like sharing your precious dehydrated water with snake-face here.
He's hungry, but not THAT hungry.	He's hungry, but not THAT hungry.
Don't waste your time. It's already stuck and you've got better things to do.	Don't waste your time. It's already stuck and you've got better things to do.
You don't need to do that again.	You don't need to do that again.
Don't waste your time. You've got better things to do than throw your items in an empty pit.	Don't waste your time. You've got better things to do than throw your items in an empty pit.
CRUNCH! CRUNCH! CRUNCH!	CRUNCH! CRUNCH! CRUNCH!
You've been snatched out of existence by the tentacled beast lurking beneath the grate. You feel the painful sting of digestive fluids.	You've been snatched out of existence by the tentacled beast lurking beneath the grate. You feel the painful sting of digestive fluids.
Don't stop now. We're having so much fun watching you.	Don't stop now. We're having so much fun watching you.
Maybe you should've kept that after all.	Maybe you should've kept that after all.
It's already stuck and you have better things to do.	It's already stuck and you have better things to do.
Don't waste your time. You've got better things to do.	Don't waste your time. You've got better things to do.
You can't hear anything over the steam and that includes your own voice.	You can't hear anything over the steam and that includes your own voice.
The sulfur in the air is much stronger in here. Each inhalation packs a bit of afterburn as well.	The sulfur in the air is much stronger in here. Each inhalation packs a bit of afterburn as well.
Not from here.	Not from here.
Well, Scott, it looks like Roger has done it again.	Well, Scott, it looks like Roger has done it again.
It sure does, Mark. Let's run that one again with the aid of our new How-He-Blew-It Cam(tm) and Chalkboard(tm).	It sure does, Mark. Let's run that one again with the aid of our new How-He-Blew-It Cam(tm) and Chalkboard(tm).
I have to say that carefully, Mark. Every time we mention something with a trademark or copyright, the lawyers come out to feed.	I have to say that carefully, Mark. Every time we mention something with a trademark or copyright, the lawyers come out to feed.
Instant Replay!!!	Instant Replay!!!
Now, this is where Roger makes the fatal move.	Now, this is where Roger makes the fatal move.
And we can all see the result of that mistake.	And we can all see the result of that mistake.
I don't know about you, Scott. Personally, I like to know exactly what I'm messing with before I actually mess with it. I guess he'll know better next time. Ouch.	I don't know about you, Scott. Personally, I like to know exactly what I'm messing with before I actually mess with it. I guess he'll know better next time. Ouch.
Sure, you've died a few deaths before, but this one really burns you. Planets are depending on you. Seeing you do stuff like this is definitely making them nervous.	Sure, you've died a few deaths before, but this one really burns you. Planets are depending on you. Seeing you do stuff like this is definitely making them nervous.
This is the steam geyser that you plugged.	This is the steam geyser that you plugged.
This is a pulsating steam geyser.	This is a pulsating steam geyser.
I wouldn't be touching that directly. It's hot!	I wouldn't be touching that directly. It's hot!
Yes, a good steam-cleaning might seem in order right now, considering all the the things you've dragged it over lately. It's the facial peel that is of concern.	Yes, a good steam-cleaning might seem in order right now, considering all the the things you've dragged it over lately. It's the facial peel that is of concern.
You get a whiff of sulfur in the steam-heated air.	You get a whiff of sulfur in the steam-heated air.
"SSSSSS SSSSSSSSSSSS SSS SSSSSS SSSSS SSSSS SSSS" is its response.	"SSSSSS SSSSSSSSSSSS SSS SSSSSS SSSSS SSSSS SSSS" is its response.
Why? Do you plan to practice some auto-surgery techiques? May we suggest a lobotomy?	Why? Do you plan to practice some auto-surgery techiques? May we suggest a lobotomy?
It just steams up.	It just steams up.
Bad idea.	Bad idea.
That piece of stalagmite sure makes a good plug!	That piece of stalagmite sure makes a good plug!
Ooo. Bad idea. It's a bit hot.	Ooo. Bad idea. It's a bit hot.
You poor, deprived being!	You poor, deprived being!
The smell of sulfur seems to be dissipating.	The smell of sulfur seems to be dissipating.
This is an upper pathway in a slightly smaller chamber of the underground complex. Near the middle section of the path, the acid drops have formed a pattern of little holes. No, it's not a dot-to-dot puzzle.	This is an upper pathway in a slightly smaller chamber of the underground complex. Near the middle section of the path, the acid drops have formed a pattern of little holes. No, it's not a dot-to-dot puzzle.
This is an upper pathway which is inacessible from here.	This is an upper pathway which is inacessible from here.
Your view is restricted by the closed door.	Your view is restricted by the closed door.
You'll need to move further into the room to receive a better view.	You'll need to move further into the room to receive a better view.
This is a slightly smaller chamber in the underground complex. There is a path above which is not accessible from here. There is a pool on the right side.	This is a slightly smaller chamber in the underground complex. There is a path above which is not accessible from here. There is a pool on the right side.
This is the lower ledge for this room. You can't reach it from here -- try going back down.	This is the lower ledge for this room. You can't reach it from here -- try going back down.
It's an odd, closed door with no apparent mechanism for opening it.	It's an odd, closed door with no apparent mechanism for opening it.
You are unable to open the door by hand.	You are unable to open the door by hand.
No amount of screaming will open this door.	No amount of screaming will open this door.
Smells pretty much like a strange door which has stood next to a sulfur-spewing geyser for a long period of time.	Smells pretty much like a strange door which has stood next to a sulfur-spewing geyser for a long period of time.
It tastes like rotten Krebble eggs!.	It tastes like rotten Krebble eggs!.
That doesn't seem to have any effect on the door.	That doesn't seem to have any effect on the door.
You gaze intently at the greenish pool of liquid, the first real sign of moisture on the planet. The pool seems to have no bottom. The gentle dripping has a soothing effect on your frazzled nerves. A small plume of mist rises as each drop hits the pool's surface.	You gaze intently at the greenish pool of liquid, the first real sign of moisture on the planet. The pool seems to have no bottom. The gentle dripping has a soothing effect on your frazzled nerves. A small plume of mist rises as each drop hits the pool's surface.
You can't see anything from up here.	You can't see anything from up here.
Drip, drip, drip. It must be talking to you.	Drip, drip, drip. It must be talking to you.
Nah, not here. Try using it somewhere else.	Nah, not here. Try using it somewhere else.
From tiny cracks in the ceiling several small drops of liquid succumb to the influence of gravity.	From tiny cracks in the ceiling several small drops of liquid succumb to the influence of gravity.
A light-green mist floats gently upward after each drop of liquid hits the surface of the pool.	A light-green mist floats gently upward after each drop of liquid hits the surface of the pool.
From tiny cracks in the ceiling several small green drops fall in a gently rhythmic pattern that stimulates your alpha levels. They make a heckuva great rust remover, too.	From tiny cracks in the ceiling several small green drops fall in a gently rhythmic pattern that stimulates your alpha levels. They make a heckuva great rust remover, too.
There's nothing you can do to these from here.	There's nothing you can do to these from here.
They're hard to catch, but you do get a slight burning sensation.	They're hard to catch, but you do get a slight burning sensation.
They're hard to catch. You might need to get right under them.	They're hard to catch. You might need to get right under them.
They're too busy falling right now.	They're too busy falling right now.
You are unpleasantly surprised by a drop of searing acid which bores its way to your feet.	You are unpleasantly surprised by a drop of searing acid which bores its way to your feet.
Now, that's some seriously deep pain.	Now, that's some seriously deep pain.
You lean over to drink from the tempting pool of liquid. As your lips touch the fluid, you feel a pain which could be likened to kissing a lit rocket nozzle. Now you know what they mean when they say 'Don't drink the water.'	You lean over to drink from the tempting pool of liquid. As your lips touch the fluid, you feel a pain which could be likened to kissing a lit rocket nozzle. Now you know what they mean when they say 'Don't drink the water.'
You lean over the pool to get a good solid whiff, and WHOOA! Talk about clean sinuses!	You lean over the pool to get a good solid whiff, and WHOOA! Talk about clean sinuses!
That's right. You have no head. That darn pool must be filled with acid. You obviously can't go on living that way.	That's right. You have no head. That darn pool must be filled with acid. You obviously can't go on living that way.
Having seen no other intelligent(?) being for so long, you decide to save your voice.	Having seen no other intelligent(?) being for so long, you decide to save your voice.
You detect a bit of sulfur in the air from the adjoining chamber. Each inhalation packs a bit of an afterburn as an extra, added bonus.	You detect a bit of sulfur in the air from the adjoining chamber. Each inhalation packs a bit of an afterburn as an extra, added bonus.
You have quite cleverly turned the beam upon itself, frying and fusing it into a state of inoperability.	You have quite cleverly turned the beam upon itself, frying and fusing it into a state of inoperability.
You've found quite a number of forms to transform yourself into. This is the first time you've been wafer-style.	You've found quite a number of forms to transform yourself into. This is the first time you've been wafer-style.
Well, Scott, it looks like Roger has done it yet another time.	Well, Scott, it looks like Roger has done it yet another time.
It sure seems that way. For those who might have missed that last move by Roger, or if, like me, you just want another look at it, let's roll it again.	It sure seems that way. For those who might have missed that last move by Roger, or if, like me, you just want another look at it, let's roll it again.
You've got to give some high marks for truly fine execution. We'll have to give it a strong 9.8.	You've got to give some high marks for truly fine execution. We'll have to give it a strong 9.8.
The beams seem to form some sort of electronic barrier across the path.	The beams seem to form some sort of electronic barrier across the path.
Somehow you get the impression that you shouldn't do that. If you really insist, however, try getting closer.	Somehow you get the impression that you shouldn't do that. If you really insist, however, try getting closer.
It's a good way to get that nose job you've often considered.	It's a good way to get that nose job you've often considered.
You're quite attached to your tongue and would like to keep it that way.	You're quite attached to your tongue and would like to keep it that way.
That doesn't seem like the thing to do here, try something else.	That doesn't seem like the thing to do here, try something else.
No result.	No result.
It's pretty darn dark in here.	It's pretty darn dark in here.
There's not much you can do to it .	There's not much you can do to it .
Your words go unnoticed.	Your words go unnoticed.
The place smells electric.	The place smells electric.
Go around licking rooms of others and you won't be getting invited back anywhere.	Go around licking rooms of others and you won't be getting invited back anywhere.
It's a hologram, pinhead - it doesn't need water.	It's a hologram, pinhead - it doesn't need water.
This isn't the object he wants to receive from you.	This isn't the object he wants to receive from you.
As soon as you enter the room, you find yourself surrounded by darkness. Suddenly, you become aware of the fact that you cannot move or speak. A strange, unknown force has taken over.	As soon as you enter the room, you find yourself surrounded by darkness. Suddenly, you become aware of the fact that you cannot move or speak. A strange, unknown force has taken over.
A massive holographic image appears before you.	A massive holographic image appears before you.
It begins to speak ....	It begins to speak ....
"So, you have found your way to my hallowed chamber. Fortunately there is much more to you than meets the eye."	"So, you have found your way to my hallowed chamber. Fortunately there is much more to you than meets the eye."
"I have been monitoring your travels on our planet. It appears that you are up the proverbial estuary without a means of locomotion."	"I have been monitoring your travels on our planet. It appears that you are up the proverbial estuary without a means of locomotion."
In other words, you're on the leather express, slapping the dogs, pounding the sand, you'd kill for a fine ride.	In other words, you're on the leather express, slapping the dogs, pounding the sand, you'd kill for a fine ride.
"You are obviously in need of transportation."	"You are obviously in need of transportation."
"Let us see if you are worthy of our assistance."	"Let us see if you are worthy of our assistance."
"On the surface lives a beast called Orat. He proves to be a bit of an annoyance on occasion. Dispose of him and bring back evidence of your conquest. Only then will I deal with your plight. Good luck, strange one."	"On the surface lives a beast called Orat. He proves to be a bit of an annoyance on occasion. Dispose of him and bring back evidence of your conquest. Only then will I deal with your plight. Good luck, strange one."
"Bring to me evidence of the beast Orat's demise and we'll talk."	"Bring to me evidence of the beast Orat's demise and we'll talk."
With that, you find yourself transported back to the surface.	With that, you find yourself transported back to the surface.
With that you find yourself being transported back to the surface.	With that you find yourself being transported back to the surface.
"Z jo jb! lvoo sd fj?"	"Z jo jb! lvoo sd fj?"
"Jow wfiemss ekk wkkedkl ll ewlwl lqqfr fo slljnccv kwetsdlk?"	"Jow wfiemss ekk wkkedkl ll ewlwl lqqfr fo slljnccv kwetsdlk?"
"Owr rjn maj jwwj? Pprdf rph pttqpt?"	"Owr rjn maj jwwj? Pprdf rph pttqpt?"
"wpfi, iw? Der op oio fr tnm dcv ermiyn lk mnb weevxmqyhj em tae."	"wpfi, iw? Der op oio fr tnm dcv ermiyn lk mnb weevxmqyhj em tae."
As an apparent result of your inability to understand the alien tongue, the being has sent you back to the surface. You need some kind of help with that.	As an apparent result of your inability to understand the alien tongue, the being has sent you back to the surface. You need some kind of help with that.
Again, the massive holographic image appears before you.	Again, the massive holographic image appears before you.
"So, you have returned. Do you have proof of the destruction of Orat? If so drop it before me."	"So, you have returned. Do you have proof of the destruction of Orat? If so drop it before me."
Due to your apparent failure to respond properly, you find yourself transported back to the surface.	Due to your apparent failure to respond properly, you find yourself transported back to the surface.
You find yourself transported back to the surface.	You find yourself transported back to the surface.
"Dr, hgi hnhht hjutn. Kdfdrnlo ghfhr bb rhytt thrt ii mys aawr vcvvf xxc cdd."	"Dr, hgi hnhht hjutn. Kdfdrnlo ghfhr bb rhytt thrt ii mys aawr vcvvf xxc cdd."
As an apparent result of your inability to understand the alien tongue, the being has sent you back to the surface. You need some kind of help with that. Something's not right.	As an apparent result of your inability to understand the alien tongue, the being has sent you back to the surface. You need some kind of help with that. Something's not right.
You drop the Orat part to the ground. The vision is silent as the dainty morsel SPLATs to the dry soil. You are startled by a rumbling. Suddenly, an oddly-shaped door comes into view and slowly opens.	You drop the Orat part to the ground. The vision is silent as the dainty morsel SPLATs to the dry soil. You are startled by a rumbling. Suddenly, an oddly-shaped door comes into view and slowly opens.
You hear a voice, different this time, beckoning you to step forward.	You hear a voice, different this time, beckoning you to step forward.
Before you floats a huge head. It appears to be a holographic projection of some sort, its source unknown.	Before you floats a huge head. It appears to be a holographic projection of some sort, its source unknown.
You can have no effect on the hologram.	You can have no effect on the hologram.
It has no smell.	It has no smell.
It has no taste.	It has no taste.
It responds to actions, not words.	It responds to actions, not words.
The big alien head is a hologram, pinhead. What does it need with money?	The big alien head is a hologram, pinhead. What does it need with money?
The big alien head only wants one object, and this ain't it.	The big alien head only wants one object, and this ain't it.
This isn't the object he want to receive from you.	This isn't the object he want to receive from you.
Appealing to its vanity will get you nowhere.	Appealing to its vanity will get you nowhere.
Don't threaten this guy, okay?	Don't threaten this guy, okay?
When you step through, the door slides closed with a faint hissing sound. You are alone in a large room full of strange equipment.	When you step through, the door slides closed with a faint hissing sound. You are alone in a large room full of strange equipment.
Ooops! Had the darn thing in reverse. I hope nobody saw that.	Ooops! Had the darn thing in reverse. I hope nobody saw that.
Who do you think you are - Michael Jordan?	Who do you think you are - Michael Jordan?
No particular odor comes from that direction.	No particular odor comes from that direction.
Quit messing around and do what you came here to do. Whatever THAT might've been!	Quit messing around and do what you came here to do. Whatever THAT might've been!
You call up to the upper level, but no-one answers.	You call up to the upper level, but no-one answers.
You need to insert a cartridge for this to work correctly.	You need to insert a cartridge for this to work correctly.
The computer doesn't smell very interesting.	The computer doesn't smell very interesting.
This tastes really dull. You decide you'd rather have a cheeseburger, and you wonder: do they have a Monolith Burger somewhere in this neighborhood?	This tastes really dull. You decide you'd rather have a cheeseburger, and you wonder: do they have a Monolith Burger somewhere in this neighborhood?
This computer is so ancient, it probably doesn't even respond to voice input.	This computer is so ancient, it probably doesn't even respond to voice input.
From the smell of it, you'd guess that at least one Keronian uses it quite regularly to play one of your favorite computer games: "Name that Body Odor!"	From the smell of it, you'd guess that at least one Keronian uses it quite regularly to play one of your favorite computer games: "Name that Body Odor!"
Licking the chair suddenly seems like a big waste of energy.	Licking the chair suddenly seems like a big waste of energy.
The chair does not respond. What did you expect?	The chair does not respond. What did you expect?
There's no way to force the portal open.	There's no way to force the portal open.
You don't want to touch the pipes - they're probably hot.	You don't want to touch the pipes - they're probably hot.
Talking to pipes is considered a sign of insanity on the planet Kerona.	Talking to pipes is considered a sign of insanity on the planet Kerona.
Smells like some kind of duct tape.	Smells like some kind of duct tape.
You'll get a nasty burn on your tongue if you try that.	You'll get a nasty burn on your tongue if you try that.
You can't reach them. The skylights are much to high.	You can't reach them. The skylights are much to high.
You're truly starved for conversation on your intellectual.	You're truly starved for conversation on your intellectual.
Try as you might, you can't smell the skylights from down there. Just as you are about to pass out from hyper- ventilation, you sensably decide to abandon this particular project.	Try as you might, you can't smell the skylights from down there. Just as you are about to pass out from hyper- ventilation, you sensably decide to abandon this particular project.
Although the skylights look like gigantic oysters, I doubt very much if they would taste anything like them.	Although the skylights look like gigantic oysters, I doubt very much if they would taste anything like them.
It doesn't look as though it will budge.	It doesn't look as though it will budge.
The skimmer platform has nothing to say to you.	The skimmer platform has nothing to say to you.
It smells a lot like everything else around here. Except more so.	It smells a lot like everything else around here. Except more so.
That doesn't seem at all appetizing.	That doesn't seem at all appetizing.
It doesn't seem intelligent to mess with it.	It doesn't seem intelligent to mess with it.
The generator doesn't respond. Perhaps it's based on some form of A.S. (Artificial Stupidity).	The generator doesn't respond. Perhaps it's based on some form of A.S. (Artificial Stupidity).
You catch scents of iron oxide, burning rubber and fusel oil. It makes you momentarily homesick for Mom's cooking.	You catch scents of iron oxide, burning rubber and fusel oil. It makes you momentarily homesick for Mom's cooking.
This thing looks hot enough to fry your tongue like an egg.	This thing looks hot enough to fry your tongue like an egg.
Even if you could reach it, there's no way you'd stick your hands near those things.	Even if you could reach it, there's no way you'd stick your hands near those things.
The Keronians have a place they put people who are in the habit of talking to steam vents.	The Keronians have a place they put people who are in the habit of talking to steam vents.
You detect no particular odor coming from the steam.	You detect no particular odor coming from the steam.
You were never fond of broiled tongue.	You were never fond of broiled tongue.
You decide not to. They're so rusty, they might crumble and bring the whole place down.	You decide not to. They're so rusty, they might crumble and bring the whole place down.
The cylinders don't answer, of course.	The cylinders don't answer, of course.
You suspect that they smell like rusty metal, since that's what they are made of.	You suspect that they smell like rusty metal, since that's what they are made of.
Licking the cylinder seems like a waste of time and tongue- power.	Licking the cylinder seems like a waste of time and tongue- power.
You get the feeling they might be hot.	You get the feeling they might be hot.
The Keronians are going to think you're loony if you keep talking to inanimate objects.	The Keronians are going to think you're loony if you keep talking to inanimate objects.
All pipes wrapped in duct tape smell alike to you.	All pipes wrapped in duct tape smell alike to you.
The thought of your tongue stuck, sizzling, to the hot steam pipe is not a pleasant one.	The thought of your tongue stuck, sizzling, to the hot steam pipe is not a pleasant one.
You tap on a gauge. The needle quivers, then returns to its original position.	You tap on a gauge. The needle quivers, then returns to its original position.
Talking to pipes (or dials) is considered a sign of insanity on the planet Kerona.	Talking to pipes (or dials) is considered a sign of insanity on the planet Kerona.
The gauge doesn't smell like anything in particular.	The gauge doesn't smell like anything in particular.
Don't put your mouth on that - you don't know where it's been!	Don't put your mouth on that - you don't know where it's been!
The floor is made of polished slate. It is very smooth to the touch, slightly damp, and quite warm.	The floor is made of polished slate. It is very smooth to the touch, slightly damp, and quite warm.
The floor doesn't respond to your witty reparte'.	The floor doesn't respond to your witty reparte'.
A smell of damp, hot stone rises from the floor.	A smell of damp, hot stone rises from the floor.
Although the floor seems pretty clean, you'd rather not put it to the taste... er... test.	Although the floor seems pretty clean, you'd rather not put it to the taste... er... test.
A data cartridge.	A data cartridge.
It smells like it's loaded with data.	It smells like it's loaded with data.
YUCKK! It tastes like... well, not data. That's for sure.	YUCKK! It tastes like... well, not data. That's for sure.
The cartridge snaps neatly into the slot and the screen comes alive.	The cartridge snaps neatly into the slot and the screen comes alive.
LOADING	LOADING
Whoever shall read this: My name is Dr. Slash Vohaul, I am a scientist with The Star Generator Project aboard the Starlab Arcada.	Whoever shall read this: My name is Dr. Slash Vohaul, I am a scientist with The Star Generator Project aboard the Starlab Arcada.
We have just successfully completed development and testing of The Star Generator. During this time I have come to believe that our progress has been monitored by others. I fear that the Sariens may have learned of our mission.	We have just successfully completed development and testing of The Star Generator. During this time I have come to believe that our progress has been monitored by others. I fear that the Sariens may have learned of our mission.
If my fears prove true, The Star Generator and the people of our universe are in serious jeopardy.	If my fears prove true, The Star Generator and the people of our universe are in serious jeopardy.
The Star Generator is a miraculous device. Used as intended, it will help preserve life for eons to come.	The Star Generator is a miraculous device. Used as intended, it will help preserve life for eons to come.
Used as a device for evil, it would cause the destruction of millions of lives and enslave all who oppose the Sariens.	Used as a device for evil, it would cause the destruction of millions of lives and enslave all who oppose the Sariens.
Encoded within this cartridge are all the plans and specifications for the construction of the Star Generator.	Encoded within this cartridge are all the plans and specifications for the construction of the Star Generator.
Should any disaster befall the Star Generator project, scientists would be able to create a duplicate of the Star Generator with this information.	Should any disaster befall the Star Generator project, scientists would be able to create a duplicate of the Star Generator with this information.
Please guard it with your life and return it to the Xenon ruling body as quickly as possible.	Please guard it with your life and return it to the Xenon ruling body as quickly as possible.
Important note: The Star Generator is capable of self-destruction. This was introduced to the system as a precaution. To activate it one must enter the code: %4d	Important note: The Star Generator is capable of self-destruction. This was introduced to the system as a precaution. To activate it one must enter the code: %4d
A five minute time will begin to count down. Beware - anyone within five kilometers of the Star Generator will be in danger once the timer has been initiated. Please be careful and GOOD LUCK !	A five minute time will begin to count down. Beware - anyone within five kilometers of the Star Generator will be in danger once the timer has been initiated. Please be careful and GOOD LUCK !
You note with satisfaction that the skimmer smells exactly like you expected it to.	You note with satisfaction that the skimmer smells exactly like you expected it to.
Raw skimmer is not one of your favorite dishes.	Raw skimmer is not one of your favorite dishes.
The skimmer doesn't appear to activate by voice. See if there's a key.	The skimmer doesn't appear to activate by voice. See if there's a key.
Smells like fresh spray paint.	Smells like fresh spray paint.
You're not that hungry.	You're not that hungry.
The ladder has nothing to say to you.	The ladder has nothing to say to you.
You can't reach them.	You can't reach them.
The faint scent of burning dust surrounds the tubes.	The faint scent of burning dust surrounds the tubes.
Your tongue would probably stick to those like chops on a griddle.	Your tongue would probably stick to those like chops on a griddle.
Although bright, the glass tubes have little light to shed upon your current situation. In short, they are not sparkling conversationalists.	Although bright, the glass tubes have little light to shed upon your current situation. In short, they are not sparkling conversationalists.
Don't bother the guy - he's busy.	Don't bother the guy - he's busy.
The underarm odor potential of this Keronian is truly staggering. Too bad this place has never heard of deodorant.	The underarm odor potential of this Keronian is truly staggering. Too bad this place has never heard of deodorant.
He's got a wrench, and he knows how to use it.	He's got a wrench, and he knows how to use it.
He doesn't seem interested in your money. This company must pay pretty well.	He doesn't seem interested in your money. This company must pay pretty well.
He's seen a million of these. So what?	He's seen a million of these. So what?
He's really too absorbed in his work to pay any attention to the widget.	He's really too absorbed in his work to pay any attention to the widget.
Since this guy has nothing to say to you anyway, translating it will probably amount to about the same thing.	Since this guy has nothing to say to you anyway, translating it will probably amount to about the same thing.
He's just too busy to care that you're making such a generous gesture.	He's just too busy to care that you're making such a generous gesture.
The young Keronian is not interested in seeing your toys.	The young Keronian is not interested in seeing your toys.
He probably doesn't want you to fool with it.	He probably doesn't want you to fool with it.
When ARE you going to learn not to put strange things in your mouth?	When ARE you going to learn not to put strange things in your mouth?
There's no fuel odor - this puppy runs on fourteen D cells and a nine volt.	There's no fuel odor - this puppy runs on fourteen D cells and a nine volt.
What's the point of talking to this thing?	What's the point of talking to this thing?
It's too far away, but don't worry; in this game you will undoubtedly get the shaft at least once.	It's too far away, but don't worry; in this game you will undoubtedly get the shaft at least once.
Oh, let's not and just say we did, OK?	Oh, let's not and just say we did, OK?
The smell of grease in this place seems to come from the shaft's general vicinity.	The smell of grease in this place seems to come from the shaft's general vicinity.
There's nothing visible on the computer screen.	There's nothing visible on the computer screen.
The data is being replayed, but you never have much cared for re-runs, have you?	The data is being replayed, but you never have much cared for re-runs, have you?
You might need to insert a data cartridge for this thing to work.	You might need to insert a data cartridge for this thing to work.
He doesn't seem interested in shaking hands, though he certainly has enough of them.	He doesn't seem interested in shaking hands, though he certainly has enough of them.
He seems to have said everything he wants to say to you.	He seems to have said everything he wants to say to you.
That wouldn't be at all polite.	That wouldn't be at all polite.
You're not really that rude.	You're not really that rude.
All my needs are provided by the Company. I have no need of money.	All my needs are provided by the Company. I have no need of money.
Your data cartridge resembles the ones we use to store information.	Your data cartridge resembles the ones we use to store information.
Be careful not to get that magnetic device too close to my hover platform. It could have a negative effect on the circuitry.	Be careful not to get that magnetic device too close to my hover platform. It could have a negative effect on the circuitry.
Since you understand him fine, you figure either the gadget is already working or he's speaking perfect Xenonian.	Since you understand him fine, you figure either the gadget is already working or he's speaking perfect Xenonian.
Thank you, strange one, but we have all the water we need here underground. you should save what little you have for the desert.	Thank you, strange one, but we have all the water we need here underground. you should save what little you have for the desert.
Ah, a genuine Xenon Army Knife. My youngest son got one of those in his last package of Hackersnaxs.	Ah, a genuine Xenon Army Knife. My youngest son got one of those in his last package of Hackersnaxs.
If you could taste the steam, you might detect a bit of sulfur. But, since you can't, you don't.	If you could taste the steam, you might detect a bit of sulfur. But, since you can't, you don't.
The steam is too far away for you to smell directly. However, there is a trace of sulfur in the air.	The steam is too far away for you to smell directly. However, there is a trace of sulfur in the air.
This section is an Arcade sequence. Would you like to Play or Skip this sequence.	This section is an Arcade sequence. Would you like to Play or Skip this sequence.
Maybe you could try playing the arcade sequence next time.	Maybe you could try playing the arcade sequence next time.
Congratulations, you made it through without a scratch.	Congratulations, you made it through without a scratch.
That was pretty intense.	That was pretty intense.
Late Warning: The big rock cuts you no slack.	Late Warning: The big rock cuts you no slack.
Had you eaten a few less doughnuts during the mission, you might have cleared that rock.	Had you eaten a few less doughnuts during the mission, you might have cleared that rock.
That would be unwise. The pod is still hot from the high-speed entry of the Keronian atmosphere.	That would be unwise. The pod is still hot from the high-speed entry of the Keronian atmosphere.
The fractured windshield is of no value to you.	The fractured windshield is of no value to you.
The pod's windshield is cracked beyond repair. The built-in plasti-seal film between the glass layers managed to keep the shield in place with one minor exception, despite the shocks from the landing (if that's what you want to call it).	The pod's windshield is cracked beyond repair. The built-in plasti-seal film between the glass layers managed to keep the shield in place with one minor exception, despite the shocks from the landing (if that's what you want to call it).
That would be unwise. The pod drives are still hot and not suitable for handling by humans.	That would be unwise. The pod drives are still hot and not suitable for handling by humans.
The rocks are useless. At the slightest touch, they crumble to dust.	The rocks are useless. At the slightest touch, they crumble to dust.
Your sense of the ridiculous keeps you from walking off the edge and falling to a certain death on the treacherous rocks below.	Your sense of the ridiculous keeps you from walking off the edge and falling to a certain death on the treacherous rocks below.
Whew! That was close.	Whew! That was close.
Whoa! Those big guys pack a powerful appetite. Did you feel the way that thing just chomped right through your skeletal system? That had to hurt! The grell burps in solitary satisfaction. He doesn't often get nice, warm meals like you.	Whoa! Those big guys pack a powerful appetite. Did you feel the way that thing just chomped right through your skeletal system? That had to hurt! The grell burps in solitary satisfaction. He doesn't often get nice, warm meals like you.
That's funny. Tiny is nowhere to be seen.	That's funny. Tiny is nowhere to be seen.
No response from that.	No response from that.
You detect a bit of sulfur in the air here as well. You're getting quite tired of that smell, aren't you? I'm a friend. We can talk.	You detect a bit of sulfur in the air here as well. You're getting quite tired of that smell, aren't you? I'm a friend. We can talk.
Don't lick the air. You're libel to get more more than you bargained for.	Don't lick the air. You're libel to get more more than you bargained for.
You proudly climb into your new used spacecraft. There is definitely something unique about it.	You proudly climb into your new used spacecraft. There is definitely something unique about it.
You turn the key excitedly.	You turn the key excitedly.
Drat! Where did mom and dad go wrong? You be the judge.	Drat! Where did mom and dad go wrong? You be the judge.
You can't do anything to this stucco-style ship house.	You can't do anything to this stucco-style ship house.
It responds not.	It responds not.
It's just like all the other buildings in this place, rank!	It's just like all the other buildings in this place, rank!
You can't do anything to them. You're not in the proper union.	You can't do anything to them. You're not in the proper union.
In response, they hang limp.	In response, they hang limp.
Parts is parts and you don't have any need for them.	Parts is parts and you don't have any need for them.
It smells shippy.	It smells shippy.
No thanks, I have to drive.	No thanks, I have to drive.
You really don't want to get handprints all over a valuable antique like this one.	You really don't want to get handprints all over a valuable antique like this one.
Your shout produces no response. The ship is empty.	Your shout produces no response. The ship is empty.
You're a nosy little beggar, aren't you?	You're a nosy little beggar, aren't you?
Didn't your mother tell you not to go licking other people's spaceships?	Didn't your mother tell you not to go licking other people's spaceships?
They're way up there. You can't do anything from this distance.	They're way up there. You can't do anything from this distance.
I wouldn't mess with them if I were you.	I wouldn't mess with them if I were you.
No answer is forthcoming.	No answer is forthcoming.
I'll tell ya, ol' buddy, %u buckazoids is as low as I can go on this baby.	I'll tell ya, ol' buddy, %u buckazoids is as low as I can go on this baby.
Touching Tiny would be rude. However, you surmise from his scaly skin that he's probably about as slimy as his salespitches.	Touching Tiny would be rude. However, you surmise from his scaly skin that he's probably about as slimy as his salespitches.
Something smells fishy about this salesbeing.	Something smells fishy about this salesbeing.
Sushi, anyone? Na, Tiny looks like a tough cookie.	Sushi, anyone? Na, Tiny looks like a tough cookie.
There's nothing here to buy.	There's nothing here to buy.
Maybe you could get Tiny to sell you something if you talked to him.	Maybe you could get Tiny to sell you something if you talked to him.
It's a hole. In this game there's nothing you can do to one.	It's a hole. In this game there's nothing you can do to one.
The hole smells like freshly dug dirt.	The hole smells like freshly dug dirt.
It's dirt, man!	It's dirt, man!
The void does not answer.	The void does not answer.
After carefully considering the hole matter, you decide not to throw anything down it.	After carefully considering the hole matter, you decide not to throw anything down it.
There's an old saying in these parts: "You don't touch a ship that isn't yours, you don't die."	There's an old saying in these parts: "You don't touch a ship that isn't yours, you don't die."
For some reason, this ship smells like freshly-dug dirt.	For some reason, this ship smells like freshly-dug dirt.
No wonder it smells like dirt. It also tastes like it.	No wonder it smells like dirt. It also tastes like it.
The ship offers no response.	The ship offers no response.
There's no need for that.	There's no need for that.
It smells like boot bottoms.	It smells like boot bottoms.
UGGH! It tastes like boot bottoms!	UGGH! It tastes like boot bottoms!
It doesn't acknowledge your inquiry.	It doesn't acknowledge your inquiry.
My, my. It would appear that your skimmer has become the property of another. I wonder who forgot to remove the key?	My, my. It would appear that your skimmer has become the property of another. I wonder who forgot to remove the key?
Hi. My name's Roger. What's yours?	Hi. My name's Roger. What's yours?
The ground here smells exactly like the ground anywhere else on this planet.	The ground here smells exactly like the ground anywhere else on this planet.
Don't lick the ground. You're libel to get more than you bargained for.	Don't lick the ground. You're libel to get more than you bargained for.
Because it has treads, your robot cannot negotiate the steps leading down into the bar. It will wait here for you (provided nobody steals it).	Because it has treads, your robot cannot negotiate the steps leading down into the bar. It will wait here for you (provided nobody steals it).
You stagger out of the bar after ignoring the bartender's advice. You're so sledged that you don't even notice that you're about to become prime prey for the many parasitic life forms in the area. You quickly pass out due to your low Keronian Ale tolerance.	You stagger out of the bar after ignoring the bartender's advice. You're so sledged that you don't even notice that you're about to become prime prey for the many parasitic life forms in the area. You quickly pass out due to your low Keronian Ale tolerance.
While your body tries to sleep it off you lose every possession you own, including your skimmer. Soon, your body is stripped for parts. Obviously, you don't make it through the night.	While your body tries to sleep it off you lose every possession you own, including your skimmer. Soon, your body is stripped for parts. Obviously, you don't make it through the night.
While your body tries to sleep it off you lose every possession you own. Soon, your body is stripped for parts. Obviously, you don't make it through the night.	While your body tries to sleep it off you lose every possession you own. Soon, your body is stripped for parts. Obviously, you don't make it through the night.
After a truly stone-crushing journey, you have miraculously arrived safely in Ulence Flats. And just in time too, because the skimmer's power cell has been drained. It will take some time to recharge itself.	After a truly stone-crushing journey, you have miraculously arrived safely in Ulence Flats. And just in time too, because the skimmer's power cell has been drained. It will take some time to recharge itself.
This place isn't quite what you had expected. It is semi-bleak at best.	This place isn't quite what you had expected. It is semi-bleak at best.
An odd-looking fellow is lounging against the wall of a nearby building, watching you with a great deal of interest.	An odd-looking fellow is lounging against the wall of a nearby building, watching you with a great deal of interest.
"How'd ya like to unload it for the unheard-of price of 25 buckazoids?"	"How'd ya like to unload it for the unheard-of price of 25 buckazoids?"
"Do we have a deal, or don't we?"	"Do we have a deal, or don't we?"
It's no use. The sand skimmer's power cells still haven't charged themselves.	It's no use. The sand skimmer's power cells still haven't charged themselves.
You remove the skimmer's key from its dashboard.	You remove the skimmer's key from its dashboard.
You sure know how to push things.	You sure know how to push things.
He wants cash, not conversation.	He wants cash, not conversation.
He won't take kindly to that.	He won't take kindly to that.
You already have the keys.	You already have the keys.
The sand skimmer is a one-passenger mode of transportation and it looks like it has skimmed quite a bit of sand in its time. On its control panel is a small readout, currently dark, and a keyhole without a key in it.	The sand skimmer is a one-passenger mode of transportation and it looks like it has skimmed quite a bit of sand in its time. On its control panel is a small readout, currently dark, and a keyhole without a key in it.
The sand skimmer is a one-passenger mode of transportation and it looks like it has skimmed quite a bit of sand in its time. On its control panel is a small readout, currently dark, and a keyhole with a key in it.	The sand skimmer is a one-passenger mode of transportation and it looks like it has skimmed quite a bit of sand in its time. On its control panel is a small readout, currently dark, and a keyhole with a key in it.
Alas, it does not respond.	Alas, it does not respond.
It smells warm after the long ride.	It smells warm after the long ride.
You take a quick look, notice it hasn't been cleaned in awhile, and change your mind.	You take a quick look, notice it hasn't been cleaned in awhile, and change your mind.
You decide it would be better not to tamper with it.	You decide it would be better not to tamper with it.
Like most spaceships in your experience, this one won't talk to you.	Like most spaceships in your experience, this one won't talk to you.
Smelling this ship seems like a giant waste of time.	Smelling this ship seems like a giant waste of time.
There's not much point in licking the ship - it's already quite clean).	There's not much point in licking the ship - it's already quite clean).
Better not - it'd probably fall over.	Better not - it'd probably fall over.
You shout in the direction of the ship, but no one answers.	You shout in the direction of the ship, but no one answers.
It mainly smells like the dust that's been accumulating on it for the past fifty years.	It mainly smells like the dust that's been accumulating on it for the past fifty years.
What a revolting idea!	What a revolting idea!
The sign is very unusual. It looks as though the whole building has been constructed around the wreckage of a crashed spaceship.	The sign is very unusual. It looks as though the whole building has been constructed around the wreckage of a crashed spaceship.
Or maybe the traffic around here is just really awful.	Or maybe the traffic around here is just really awful.
The naked wiring you can see from here makes touching the sign seem unwise.	The naked wiring you can see from here makes touching the sign seem unwise.
The Rocket Bar sign has nothing to say to you.	The Rocket Bar sign has nothing to say to you.
You detect the scent of neon and zapped bugs.	You detect the scent of neon and zapped bugs.
That doesn't seem either intelligent or appetizing.	That doesn't seem either intelligent or appetizing.
Why bother?	Why bother?
You detect a bit of sulfur in the air here as well. Can't get away from it on this planet, it appears.	You detect a bit of sulfur in the air here as well. Can't get away from it on this planet, it appears.
Luck's turn has cost you dearly. As your dust particles gradually drift across Kerona's barren landscape, you reflect upon the irony of your fate. Many was the time you swept and dumped piles of dust very similar to your current state.	Luck's turn has cost you dearly. As your dust particles gradually drift across Kerona's barren landscape, you reflect upon the irony of your fate. Many was the time you swept and dumped piles of dust very similar to your current state.
Searching through the pile of dust, you find %u buckazoids!	Searching through the pile of dust, you find %u buckazoids!
You find nothing but ashes, which filter through your fingers and blow away.	You find nothing but ashes, which filter through your fingers and blow away.
The mugger impresses upon you that he was quite serious.	The mugger impresses upon you that he was quite serious.
"%d buckazoids? I guess it's better than nothing. Here, keep five for yourself. I gotta admit you look like you need it."	"%d buckazoids? I guess it's better than nothing. Here, keep five for yourself. I gotta admit you look like you need it."
Well, he looked harmless before he pulled that blaster.	Well, he looked harmless before he pulled that blaster.
This being is about the size of a humanoid but has some odd features. He seems to have a friendly-looking mug.	This being is about the size of a humanoid but has some odd features. He seems to have a friendly-looking mug.
He just wants your buckazoids but will take your life if he has to.	He just wants your buckazoids but will take your life if he has to.
Don't be so generous. You've already given him enough money.	Don't be so generous. You've already given him enough money.
He hasn't offered to sell you anything yet.	He hasn't offered to sell you anything yet.
He doesn't want that. He wants your buckazoids.	He doesn't want that. He wants your buckazoids.
And you had better hurry!	And you had better hurry!
It's controlled from the inside. You can't do anything to it.	It's controlled from the inside. You can't do anything to it.
It smells like the outside of a building exposed to a filthy atmosphere for a long time.	It smells like the outside of a building exposed to a filthy atmosphere for a long time.
Yuck! This place could use a good beam-cleaning.	Yuck! This place could use a good beam-cleaning.
You can't reach it.	You can't reach it.
It's just a mechanical arm, not a head.	It's just a mechanical arm, not a head.
I'm beginning to understand you a little better now. You snort some of the powder and feel a pain like that of a thousand krebble mites feasting on your nasal membranes. You won't want to be doing that again.	I'm beginning to understand you a little better now. You snort some of the powder and feel a pain like that of a thousand krebble mites feasting on your nasal membranes. You won't want to be doing that again.
No way!	No way!
You can't do anything to it.	You can't do anything to it.
If you're talking to that you must be frustrated.	If you're talking to that you must be frustrated.
This is a seedy little place. Galactic riff-raff are seated at the bar. %s. There is a slot machine standing near the bar. You notice a sweeper in the corner of the room. It must get messy here. No one seems to notice or care that you have entered the bar.	This is a seedy little place. Galactic riff-raff are seated at the bar. %s. There is a slot machine standing near the bar. You notice a sweeper in the corner of the room. It must get messy here. No one seems to notice or care that you have entered the bar.
Sour beer and stale sweat.	Sour beer and stale sweat.
Why don't you just buy two or three drinks instead.	Why don't you just buy two or three drinks instead.
You've had a couple of drinks now. What do you think.	You've had a couple of drinks now. What do you think.
Whoa!	Whoa!
You wisely (although somewhat belatedly) decide to heed the bartender's advice.	You wisely (although somewhat belatedly) decide to heed the bartender's advice.
"Do you want a beer? It costs 2 Buckazoids."	"Do you want a beer? It costs 2 Buckazoids."
"Want another drink?"	"Want another drink?"
"Listen, Mac, I shouldn't serve you any more. You're sledged! You'd better go sleep it off or something before you start making a public display of yourself."	"Listen, Mac, I shouldn't serve you any more. You're sledged! You'd better go sleep it off or something before you start making a public display of yourself."
The bartender doesn't exactly jump at your request.	The bartender doesn't exactly jump at your request.
I would like to redeem this coupon for 5 buckazoids and a free beer.	I would like to redeem this coupon for 5 buckazoids and a free beer.
Excuse me, my good man. I would like a drink.	Excuse me, my good man. I would like a drink.
Yo! How about a refill?	Yo! How about a refill?
Hmmm... It tastes better than it smells (thank goodness). Another one would be nice.	Hmmm... It tastes better than it smells (thank goodness). Another one would be nice.
Ah yes, that hits the spot. Just one more should do it.	Ah yes, that hits the spot. Just one more should do it.
As you sip another of the odd brews, you overhear someone at the bar speaking: "There I was cruising through sector %s when I spot this blip on the scanner."	As you sip another of the odd brews, you overhear someone at the bar speaking: "There I was cruising through sector %s when I spot this blip on the scanner."
"So, I head toward it, ya see, and right there in front of me sits the Deltaur. It's just sittin' there. My hearts start hyperwarping on me."	"So, I head toward it, ya see, and right there in front of me sits the Deltaur. It's just sittin' there. My hearts start hyperwarping on me."
"I figure my milliseconds are numbered. All I can think of doin' is getting my craft outta there. So, I'm reachin' for the throttle."	"I figure my milliseconds are numbered. All I can think of doin' is getting my craft outta there. So, I'm reachin' for the throttle."
"All of a sudden there's this incredible flash of light, ya see. And just like that this little planetoid explodes into a ball of fire! I tell ya, I've never seen anything like it. I mauled the throttle and got outta there quick you bet."	"All of a sudden there's this incredible flash of light, ya see. And just like that this little planetoid explodes into a ball of fire! I tell ya, I've never seen anything like it. I mauled the throttle and got outta there quick you bet."
You feel a strange tingling sensation. The taste of the beer doesn't seem to be bothering you so much now, hee, hee.	You feel a strange tingling sensation. The taste of the beer doesn't seem to be bothering you so much now, hee, hee.
Oh my, you're starting to feel a bit unstable.	Oh my, you're starting to feel a bit unstable.
You are supposed to walk out of the bar drunk, and pass out behind it. Waking up with an enormous headache and no earthly possessions. But for now you're normal.	You are supposed to walk out of the bar drunk, and pass out behind it. Waking up with an enormous headache and no earthly possessions. But for now you're normal.
Looks to be something playing it already.	Looks to be something playing it already.
Wow, I guess you over-heated the poor old thing.	Wow, I guess you over-heated the poor old thing.
You now have a tongue-load of iron shavings. Congratulations.	You now have a tongue-load of iron shavings. Congratulations.
You'll have to get closer.	You'll have to get closer.
"Hi. The name's Wilco. Roger Wilco. What's yours?"	"Hi. The name's Wilco. Roger Wilco. What's yours?"
"I am sometimes called Speaker to Cartoons, and sometimes Flayer of Soft Pink Mammals."	"I am sometimes called Speaker to Cartoons, and sometimes Flayer of Soft Pink Mammals."
"Mind if I sit down?"	"Mind if I sit down?"
"Buzz off, monkey-boy!"	"Buzz off, monkey-boy!"
The thought of your tongue laid out in four neat slices like luncheon meat puts this idea right out of your head.	The thought of your tongue laid out in four neat slices like luncheon meat puts this idea right out of your head.
Could be Rid-O-Fleaz Shampoo, or just a really manly after- shave.	Could be Rid-O-Fleaz Shampoo, or just a really manly after- shave.
He might be insulted by an offer of money. You won't like him when he's insulted.	He might be insulted by an offer of money. You won't like him when he's insulted.
Showing him the cartridge won't make him one bit friendlier.	Showing him the cartridge won't make him one bit friendlier.
You can't see any reason to offer the widget to him.	You can't see any reason to offer the widget to him.
This guy makes himself pretty clear without translation.	This guy makes himself pretty clear without translation.
Reality check! Does this seem like a good idea to you?	Reality check! Does this seem like a good idea to you?
Cats are notorious for not liking water.	Cats are notorious for not liking water.
If he decided to keep it, you wouldn't live to get it back.	If he decided to keep it, you wouldn't live to get it back.
He'll more than likely slice it up for practice, and then where'll you be, huh?	He'll more than likely slice it up for practice, and then where'll you be, huh?
That would be my first clue not to bother this guy again.	That would be my first clue not to bother this guy again.
He doesn't want to be bothered.	He doesn't want to be bothered.
Leave him alone.	Leave him alone.
You'd rather not, really	You'd rather not, really
You left your slug recipes in your other pair of pants.	You left your slug recipes in your other pair of pants.
Forget it. This guy's not exactly a sparkling conversationalist.	Forget it. This guy's not exactly a sparkling conversationalist.
Ahh, the heady fragrance of Eau de Banana Slug.	Ahh, the heady fragrance of Eau de Banana Slug.
What could you possibly be thinking of?	What could you possibly be thinking of?
You decide against getting slug secretions on the cartridge.	You decide against getting slug secretions on the cartridge.
He's not at all interested in your widget.	He's not at all interested in your widget.
Slugspeak is seldom improved by translation.	Slugspeak is seldom improved by translation.
Do you really want to get slime on your knife.	Do you really want to get slime on your knife.
He seems supremely disinterested in your water.	He seems supremely disinterested in your water.
You show him your jet pack. He shrugs. It's sort of a slug shrug. Spooky!	You show him your jet pack. He shrugs. It's sort of a slug shrug. Spooky!
Do you really want to get slug slime all over these? I thought not.	Do you really want to get slug slime all over these? I thought not.
She'll make you SO sorry if you touch one of those.	She'll make you SO sorry if you touch one of those.
Most extraterrestrials won't do that on the first date. Maybe you should just listen to them.	Most extraterrestrials won't do that on the first date. Maybe you should just listen to them.
"So - you come here often?"	"So - you come here often?"
"Get outta my face, Pinky."	"Get outta my face, Pinky."
You've decided she's not your type. Heck, she's not even your species!	You've decided she's not your type. Heck, she's not even your species!
She smells as great as she looks, but maybe a little less green.	She smells as great as she looks, but maybe a little less green.
You're certain she will misunderstand your generous gesture.	You're certain she will misunderstand your generous gesture.
She ignores the cartridge, much as she ignores you.	She ignores the cartridge, much as she ignores you.
The thought of showing her your widget fills you with deep feelings of inadequacey.	The thought of showing her your widget fills you with deep feelings of inadequacey.
She remains unimpressed.	She remains unimpressed.
You can't imagine she'd care about your genuine Xenon Army Knife.	You can't imagine she'd care about your genuine Xenon Army Knife.
Your dehydrated water couldn't possibly taste better than what she's drinking.	Your dehydrated water couldn't possibly taste better than what she's drinking.
She's pretty nearly as interested in your jet pack as she is in you, which is to say not much.	She's pretty nearly as interested in your jet pack as she is in you, which is to say not much.
She's seen lots of coupons bigger and better than yours.	She's seen lots of coupons bigger and better than yours.
His fur has the texture of a nylon bath rug that has been microwaved on HIGH.	His fur has the texture of a nylon bath rug that has been microwaved on HIGH.
"Can I offer you a Milk-Bone?" you inquire in an attempt to be friendly.	"Can I offer you a Milk-Bone?" you inquire in an attempt to be friendly.
"Grrrrrrr!"	"Grrrrrrr!"
You decide you just can't make friends with everybody.	You decide you just can't make friends with everybody.
Pretty much like wet dog.	Pretty much like wet dog.
This doesn't seem wise, even to you.	This doesn't seem wise, even to you.
He shows absolutely no interest in the cartridge.	He shows absolutely no interest in the cartridge.
He seems less interested in the widget than in that cute drink in his paw.	He seems less interested in the widget than in that cute drink in his paw.
Since he isn't inclinded to talk to you, there's not much point trying to translate.	Since he isn't inclinded to talk to you, there's not much point trying to translate.
On second thought, maybe you'd just better keep it in your pocket.	On second thought, maybe you'd just better keep it in your pocket.
He seems well taken care of in the drink department.	He seems well taken care of in the drink department.
You wonder why you're offering this giant hairball your new jet pack and are forced to admit you don't know.	You wonder why you're offering this giant hairball your new jet pack and are forced to admit you don't know.
You wisely decide that flashing your coupons at fur-face here would be a serious waste of your time.	You wisely decide that flashing your coupons at fur-face here would be a serious waste of your time.
You decide you'd rather live.	You decide you'd rather live.
He doesn't seem willing to accept this in trade for a beer.	He doesn't seem willing to accept this in trade for a beer.
The bartender only wants money.	The bartender only wants money.
He doesn't want this - he wants money.	He doesn't want this - he wants money.
Threatening the bartender will probably get you Laze-O-Toasted. Try buying a drink instead.	Threatening the bartender will probably get you Laze-O-Toasted. Try buying a drink instead.
No, dummy - he's supposed to gieve YOU drinks.	No, dummy - he's supposed to gieve YOU drinks.
The bartender does not recognize your jet pack as currency. He wants to see Buckazoids.	The bartender does not recognize your jet pack as currency. He wants to see Buckazoids.
Try it and this guy is likely to use his beer tap on your head.	Try it and this guy is likely to use his beer tap on your head.
His armpits could etch glass.	His armpits could etch glass.
Maybe you'd better buy your own beer	Maybe you'd better buy your own beer
What's the use? You can't understand a word they're saying.	What's the use? You can't understand a word they're saying.
Sniffing others is a ritual best left to dogs and other four-legged creatures.	Sniffing others is a ritual best left to dogs and other four-legged creatures.
The little purple guy doesn't seem to understand your offer of money.	The little purple guy doesn't seem to understand your offer of money.
The cartridge doesn't interest him in the least.	The cartridge doesn't interest him in the least.
He seems not to care about the widget.	He seems not to care about the widget.
Even translated, his speech is gibberish.	Even translated, his speech is gibberish.
He doesn't seem to be either interested or threatened by your knife.	He doesn't seem to be either interested or threatened by your knife.
He doesn't seem to be thristy.	He doesn't seem to be thristy.
Careful! You don't want to hurt the little guy.	Careful! You don't want to hurt the little guy.
The little guy shows no interest in your coupon. Did you think he would?	The little guy shows no interest in your coupon. Did you think he would?
The robot observes that your teeth haven't been cleaned in a long time.	The robot observes that your teeth haven't been cleaned in a long time.
The robot observes that your nostril hairs could use trimming.	The robot observes that your nostril hairs could use trimming.
You'll only hurt yourself	You'll only hurt yourself
A faint odor of ozone lingers in the air near the business end of the device.	A faint odor of ozone lingers in the air near the business end of the device.
It's not likely you could taste it from here, or would want to, for that matter.	It's not likely you could taste it from here, or would want to, for that matter.
The "Slots-O-Death" machine seems to have met its match. It will no longer be a deadly temptation for unsuspecting space-farers such as yourself.	The "Slots-O-Death" machine seems to have met its match. It will no longer be a deadly temptation for unsuspecting space-farers such as yourself.
Watch it or you'll get zapped.	Watch it or you'll get zapped.
Hmmm...It smells vaguely like burnt flesh.	Hmmm...It smells vaguely like burnt flesh.
You Bet $%u You Have $%u	You Bet $%u You Have $%u
You step back and place the widget on the slot machine. Let's see what this baby can do.	You step back and place the widget on the slot machine. Let's see what this baby can do.
Eat Sand	Eat Sand
No Way	No Way
Not A Chance	Not A Chance
It's Hopeless	It's Hopeless
Tough Luck	Tough Luck
Suck Methane	Suck Methane
So Sorry	So Sorry
You Win $%u You Have $%u	You Win $%u You Have $%u
You step back nervously as the over-heated slot machine begins to sputter and smoke.	You step back nervously as the over-heated slot machine begins to sputter and smoke.
YOU LOSE, HOMEBOY!	YOU LOSE, HOMEBOY!
The pictures are protected by unbreakable windows.	The pictures are protected by unbreakable windows.
Very good! You got all that gunk off the glass. Licking the glass windows makes the pictures easier to see.	Very good! You got all that gunk off the glass. Licking the glass windows makes the pictures easier to see.
A slight smell of ozone and charred meat permeates the machine.	A slight smell of ozone and charred meat permeates the machine.
You're supposed to put your money in the money slot.	You're supposed to put your money in the money slot.
Who are you trying to kid? You don't have any more buckazoids to gamble with. Hit the sand, pal.	Who are you trying to kid? You don't have any more buckazoids to gamble with. Hit the sand, pal.
With shaking hands, you insert your last buckazoid into the "Slots-O-Death" machine.	With shaking hands, you insert your last buckazoid into the "Slots-O-Death" machine.
The "Slots-O-Death" machine will let you insert only three buckazoids per spin.	The "Slots-O-Death" machine will let you insert only three buckazoids per spin.
Insert a buckazoid into the slot.	Insert a buckazoid into the slot.
Seated in the cruiser, you notice there are no controls within reach, just a button marked "LOAD". Tiny must have been serious when he said you would need a droid to fly this thing.	Seated in the cruiser, you notice there are no controls within reach, just a button marked "LOAD". Tiny must have been serious when he said you would need a droid to fly this thing.
And, since you are currently droidless, there seems to be nothing else to do but climb out.	And, since you are currently droidless, there seems to be nothing else to do but climb out.
Once you are seated snuggly in the ship's compact cockpit, the robot moves into position, and you push the "LOAD" button.	Once you are seated snuggly in the ship's compact cockpit, the robot moves into position, and you push the "LOAD" button.
"Hey! Wait a minute! Where do you think you're goin' with my ship?!!"	"Hey! Wait a minute! Where do you think you're goin' with my ship?!!"
Darn the luck. You've crashed in the dunes and ended your life. The various inhabitants of the Keronian desert are now feasting on your remains. Guess that wasn't such a hot purchase.	Darn the luck. You've crashed in the dunes and ended your life. The various inhabitants of the Keronian desert are now feasting on your remains. Guess that wasn't such a hot purchase.
Of course, with your 70 buckazoid rebate, that's just %u to you.	Of course, with your 70 buckazoid rebate, that's just %u to you.
I'll tell ya, ol' buddy, %u buckazoids is as low as I can go on that baby.	I'll tell ya, ol' buddy, %u buckazoids is as low as I can go on that baby.
Tiny isn't a great conversationalist. He just wants to sell, sell, sell.	Tiny isn't a great conversationalist. He just wants to sell, sell, sell.
Touching Tiny would be rude. However, you surmise from his scaly skin that he's probably about as slimy as his salespitch.	Touching Tiny would be rude. However, you surmise from his scaly skin that he's probably about as slimy as his salespitch.
Maybe you'd better take a closer look at Tiny's merchandise before making a purchase.	Maybe you'd better take a closer look at Tiny's merchandise before making a purchase.
Actually, this ship is not bad-looking. It appears to be a Drallion cruiser. They have a reputation for quickness and reliability. You are surprised that someone of Tiny's caliber would be carrying it.	Actually, this ship is not bad-looking. It appears to be a Drallion cruiser. They have a reputation for quickness and reliability. You are surprised that someone of Tiny's caliber would be carrying it.
Actually, this ship is not bad-looking. It appears to be a Drallion cruiser They have a reputation for quickness and reliability.	Actually, this ship is not bad-looking. It appears to be a Drallion cruiser They have a reputation for quickness and reliability.
There's a saying in these parts: "You don't touch a ship that isn't yours, you don't die."	There's a saying in these parts: "You don't touch a ship that isn't yours, you don't die."
Hmmm... needs salt.	Hmmm... needs salt.
This ship smells a bit like space. It must've been there recently.	This ship smells a bit like space. It must've been there recently.
An interesting idea, but applying the jetpack to a spacecraft makes about as much sense as attaching a C-64 to a Cray-64.	An interesting idea, but applying the jetpack to a spacecraft makes about as much sense as attaching a C-64 to a Cray-64.
Well, okay. If you really feel competent enough to assemble this thing, just do it. Start with the smallest box.	Well, okay. If you really feel competent enough to assemble this thing, just do it. Start with the smallest box.
Oops.	Oops.
It smells like a fine grade of light machine oil. You were expecting Hai Karate, perhaps?	It smells like a fine grade of light machine oil. You were expecting Hai Karate, perhaps?
Why on earth - or Kerona for that matter - would you want to do that?	Why on earth - or Kerona for that matter - would you want to do that?
Unfortunately, you AREN'T smarter than you look, so you'd best leave the incredibly complex robot parts alone before you hurt yourself. Too bad they don't give rebates to retrobates.	Unfortunately, you AREN'T smarter than you look, so you'd best leave the incredibly complex robot parts alone before you hurt yourself. Too bad they don't give rebates to retrobates.
You can tell this is definitely out of your league. You can't even open the boxes, much less assemble what's inside.	You can tell this is definitely out of your league. You can't even open the boxes, much less assemble what's inside.
Like many buildings on these backwater planets, this one is a quickie Construct-O-Foam job that won't last more than a couple of thousand years at the outside. They just don't make `em like they used to.	Like many buildings on these backwater planets, this one is a quickie Construct-O-Foam job that won't last more than a couple of thousand years at the outside. They just don't make `em like they used to.
Talking to buildings is likely to get you arrested on this planet.	Talking to buildings is likely to get you arrested on this planet.
Why would you possibly care what this building smells like?	Why would you possibly care what this building smells like?
Oh, blecchhh!	Oh, blecchhh!
No matter how you try to convince it otherwise, the sign will only say "Droids-B-Us Pickup."	No matter how you try to convince it otherwise, the sign will only say "Droids-B-Us Pickup."
From here, you can discern no particular smell on the sign.	From here, you can discern no particular smell on the sign.
If your neck was as long as a giraffazoid's, then maybe you could do that. But why would you want to?	If your neck was as long as a giraffazoid's, then maybe you could do that. But why would you want to?
This isn't the real Gerry Giraffazoid, Roger - it's just a picture.	This isn't the real Gerry Giraffazoid, Roger - it's just a picture.
Gerry Giraffazoid's picture doesn't smell like much of anything.	Gerry Giraffazoid's picture doesn't smell like much of anything.
Trust me - that logo lacks any taste.	Trust me - that logo lacks any taste.
Shaking hands could be a shocking experience.	Shaking hands could be a shocking experience.
The salesbug would appreciate it if you'd give him the money. It would make his job soooo much easier.	The salesbug would appreciate it if you'd give him the money. It would make his job soooo much easier.
A shodily manufactured jet pack is certainly not worth the price of one of these fine previously-owned droids. My advice, sir, is to come up with the cash or walk.	A shodily manufactured jet pack is certainly not worth the price of one of these fine previously-owned droids. My advice, sir, is to come up with the cash or walk.
The robot doesn't speak, but you think you can see a bloodthirsty gleam in his metallic eye.	The robot doesn't speak, but you think you can see a bloodthirsty gleam in his metallic eye.
Course is plotted. Stand by for warp speed.	Course is plotted. Stand by for warp speed.
In the face of danger you decide to turn and run, leaving Xenon and the rest of the universe to fend for themselves against those bad boys of the universe, the Sariens. When things get tough, the cream rises to the top. I guess you know which stratum you occupy.	In the face of danger you decide to turn and run, leaving Xenon and the rest of the universe to fend for themselves against those bad boys of the universe, the Sariens. When things get tough, the cream rises to the top. I guess you know which stratum you occupy.
We have achieved escape velocity.	We have achieved escape velocity.
It might help if you were to tell me where we are going. Please indicate our destination on the touch pad in front of you.	It might help if you were to tell me where we are going. Please indicate our destination on the touch pad in front of you.
If it doesn't matter to you, we can go to CES (Cosmic Electronics Show) on Rudicube 3. I just love seeing all of those new, big, shiny robots. You could buy me companion.	If it doesn't matter to you, we can go to CES (Cosmic Electronics Show) on Rudicube 3. I just love seeing all of those new, big, shiny robots. You could buy me companion.
OH, NO!!! We're headed straight for an asteroid belt!	OH, NO!!! We're headed straight for an asteroid belt!
Sensors indicate a large ship in this sector. I wonder who it could be? Will continue to scan for an I.D.	Sensors indicate a large ship in this sector. I wonder who it could be? Will continue to scan for an I.D.
Whoa! That's a Sarien battle cruiser! We'd better stand off. If we get any closer, they'll detect us for sure and we'll be space sputum!	Whoa! That's a Sarien battle cruiser! We'd better stand off. If we get any closer, they'll detect us for sure and we'll be space sputum!
Let's head on out of here, okay boss?	Let's head on out of here, okay boss?
You drift endlessly through space wishing you had worn a jetpack to maneuver with. A you drift away never to be seen again the only thing you can think of to say is "Mommy!"	You drift endlessly through space wishing you had worn a jetpack to maneuver with. A you drift away never to be seen again the only thing you can think of to say is "Mommy!"
As you exit the ship, you carefully slide the jetpack on your back.	As you exit the ship, you carefully slide the jetpack on your back.
As you undo your seatbelts and exit the escape pod. You can feel yourself just start to uncontrollably drifting away.	As you undo your seatbelts and exit the escape pod. You can feel yourself just start to uncontrollably drifting away.
The inhabitants of this vessel apparently do not appreciate your desire to sight-see. I guess it's a good idea not to be wandering around the outside this ship. You were a carbon-based being. Now your just carbon.	The inhabitants of this vessel apparently do not appreciate your desire to sight-see. I guess it's a good idea not to be wandering around the outside this ship. You were a carbon-based being. Now your just carbon.
You are floating in space just outside the biggest darn spaceship you've ever seen. You see a door. Perhaps it is a way in?	You are floating in space just outside the biggest darn spaceship you've ever seen. You see a door. Perhaps it is a way in?
It appears to be a standard airlock. There is a handle off to the side.	It appears to be a standard airlock. There is a handle off to the side.
Its too big to move by hand. There must be a better way.	Its too big to move by hand. There must be a better way.
Not through your helmet.	Not through your helmet.
You would have to take your helmet off first, and that's not a very good idea.	You would have to take your helmet off first, and that's not a very good idea.
It's a handle.	It's a handle.
You'd have to take your helmet off first and that would prove fatal.	You'd have to take your helmet off first and that would prove fatal.
"Outta my way!" beeps the rude little droid.	"Outta my way!" beeps the rude little droid.
Bumping you, the droid causes you to come into contact with exposed wiring. Your heart, not to mention the rest of your body, doesn't react well to this (have you ever seen rhubarb pie without the crust?). Guess you'll have to be a little more clever next time.	Bumping you, the droid causes you to come into contact with exposed wiring. Your heart, not to mention the rest of your body, doesn't react well to this (have you ever seen rhubarb pie without the crust?). Guess you'll have to be a little more clever next time.
You missed a golden opportunity while that door was open. Oh well, what's new. All alone and by yourself, you grow incredibly hungry and begin sampling your own body parts. Finding that you have absolutely no taste, (like we didn't already know that) you end up shriveling away to nothing and dying in the process.	You missed a golden opportunity while that door was open. Oh well, what's new. All alone and by yourself, you grow incredibly hungry and begin sampling your own body parts. Finding that you have absolutely no taste, (like we didn't already know that) you end up shriveling away to nothing and dying in the process.
ALERT ! ALERT ! Organic contamination detected in airlock.	ALERT ! ALERT ! Organic contamination detected in airlock.
Those laser shots are incredibly effective as your body will attest. Being in plain sight probably didn't help you much.	Those laser shots are incredibly effective as your body will attest. Being in plain sight probably didn't help you much.
This seems to be some sort of special door control panel. It requires some sort of special keycard which you obviously don't have.	This seems to be some sort of special door control panel. It requires some sort of special keycard which you obviously don't have.
There is nothing you can do to it without one of those keycards.	There is nothing you can do to it without one of those keycards.
You would have to take your helmet off to do that and it's not a very good idea right now.	You would have to take your helmet off to do that and it's not a very good idea right now.
You can't do that with a helmet on.	You can't do that with a helmet on.
Your screams will do nothing in this airlock.	Your screams will do nothing in this airlock.
That appears to have no noticeable affect on the panel.	That appears to have no noticeable affect on the panel.
It appears to be some sort of high-tech fire droid.	It appears to be some sort of high-tech fire droid.
There is nothing you can do to this droid. It's virtually indestructable.	There is nothing you can do to this droid. It's virtually indestructable.
If you could smell through your helmet you would know that this droid smells like smoke and fire.	If you could smell through your helmet you would know that this droid smells like smoke and fire.
Not out here.	Not out here.
Intent on his cleaning duties, the little droid ignores your feeble attempts at a bribe.	Intent on his cleaning duties, the little droid ignores your feeble attempts at a bribe.
The droid seems totally unconcerned with the data cartridge.	The droid seems totally unconcerned with the data cartridge.
The widget and the droid do not appear to have any affect on one another.	The widget and the droid do not appear to have any affect on one another.
This robot is not equipped with speech circuits, therefore there's nothing to translate.	This robot is not equipped with speech circuits, therefore there's nothing to translate.
He doesn't seem threatened, does he?	He doesn't seem threatened, does he?
Somehow you doubt the droid would have need of water.	Somehow you doubt the droid would have need of water.
It's much to busy to spend time talking to the likes of you.	It's much to busy to spend time talking to the likes of you.
The airlock door looks unfortunately thick and sturdy.	The airlock door looks unfortunately thick and sturdy.
This door is designed to withstand the vacuum of space. I seriously doubt that you could do anything to it.	This door is designed to withstand the vacuum of space. I seriously doubt that you could do anything to it.
The door smells much like other doors you have sniffed in the past.	The door smells much like other doors you have sniffed in the past.
The taste of the door - ferrous metal with just the slightest nuance of industrial-strength bulkead polish - reveals no new insights.	The taste of the door - ferrous metal with just the slightest nuance of industrial-strength bulkead polish - reveals no new insights.
Shouting for help would be useless at best and fatal at worst.	Shouting for help would be useless at best and fatal at worst.
It appears to be a decontamination unit, something like the ones used to zap Andromedan cockroaches aboard the Arcada. You wonder what it's here for.	It appears to be a decontamination unit, something like the ones used to zap Andromedan cockroaches aboard the Arcada. You wonder what it's here for.
Touching these things can be hazardous to your health.	Touching these things can be hazardous to your health.
Ozone. Definitely ozone.	Ozone. Definitely ozone.
After seeing what a decontaminator can do to an unwary cockroach, you've never had the least desire to lick one.	After seeing what a decontaminator can do to an unwary cockroach, you've never had the least desire to lick one.
You really don't want to attract its attention.	You really don't want to attract its attention.
That just doesn't seem to work here.	That just doesn't seem to work here.
Well it looks like you won't be using that unit again.	Well it looks like you won't be using that unit again.
Your overheating backpack lies smoking on the floor - you hope that it doesn't explode.	Your overheating backpack lies smoking on the floor - you hope that it doesn't explode.
It's pretty much useless. No sense in wasting your time on it now.	It's pretty much useless. No sense in wasting your time on it now.
You don't want to go near it. It may explode.	You don't want to go near it. It may explode.
The jetpack is soaked in foam fire retardant. I'd pass if I were you.	The jetpack is soaked in foam fire retardant. I'd pass if I were you.
You can't vent your suit enough to do that in the airlock.	You can't vent your suit enough to do that in the airlock.
You can't taste anything from here.	You can't taste anything from here.
You can talk to it all you want, but it's still damaged beyond repair.	You can talk to it all you want, but it's still damaged beyond repair.
The only item that might be useful is a blow dryer and you don't have one.	The only item that might be useful is a blow dryer and you don't have one.
The only item that would be of any use right now would be a fire extingisher and you don't seem to have one right now.	The only item that would be of any use right now would be a fire extingisher and you don't seem to have one right now.
This seems to be some sort of special door control panel. It seems to require some sort of special keycard which you obviously don't have. You'll need to try something else.	This seems to be some sort of special door control panel. It seems to require some sort of special keycard which you obviously don't have. You'll need to try something else.
You would have to take off your helmet to do that. It's a poor idea at this time.	You would have to take off your helmet to do that. It's a poor idea at this time.
Your screams will do nothing but let the Sariens know you're here.	Your screams will do nothing but let the Sariens know you're here.
You are in some sort of storage room.	You are in some sort of storage room.
You are in some sort of storage room. A large trunk occupies the center of the room. Perhaps one of the little Sariens is away at Enemy Eviscerating Training Camp.	You are in some sort of storage room. A large trunk occupies the center of the room. Perhaps one of the little Sariens is away at Enemy Eviscerating Training Camp.
The vent grill is now open.	The vent grill is now open.
An air shaft protrudes from the wall above your head. It's covered by a vent grill.	An air shaft protrudes from the wall above your head. It's covered by a vent grill.
You can't reach the vent and besides, you don't need to climb through the vent now that you have a Sarien uniform on.	You can't reach the vent and besides, you don't need to climb through the vent now that you have a Sarien uniform on.
The vent is already open.	The vent is already open.
Standing in the open trunk won't give you any height advantage.	Standing in the open trunk won't give you any height advantage.
It's already moved.	It's already moved.
The trunk on the floor appears to be open. It looks big enough to hold a body.	The trunk on the floor appears to be open. It looks big enough to hold a body.
The trunk is unremarkable in every way.	The trunk is unremarkable in every way.
You don't need to mess with the trunk now.	You don't need to mess with the trunk now.
Your hands by themselves are incapable of opening it.	Your hands by themselves are incapable of opening it.
You feel a fresh breeze coming through the grill of the vent. If you were a lot taller, you could touch the grill itself.	You feel a fresh breeze coming through the grill of the vent. If you were a lot taller, you could touch the grill itself.
It sounds like someone (or something) is approaching.	It sounds like someone (or something) is approaching.
You hear footsteps approaching and they're getting close. You might only have seconds to do something!	You hear footsteps approaching and they're getting close. You might only have seconds to do something!
Bingo! He got you. You might consider not being around when these guys are shooting. Those things hurt.	Bingo! He got you. You might consider not being around when these guys are shooting. Those things hurt.
This is the ventilation system for the Deltaur. Around you, you can see ventilation shafts running in three different directions. A ladder provides access to all three directions. At the end of the shaft in the middle, you see a ventilation grill.	This is the ventilation system for the Deltaur. Around you, you can see ventilation shafts running in three different directions. A ladder provides access to all three directions. At the end of the shaft in the middle, you see a ventilation grill.
This is the ventilation system for the Deltaur. Around you, you see the ventilation shafts running in two directions with a ladder leading from one shaft to the other.	This is the ventilation system for the Deltaur. Around you, you see the ventilation shafts running in two directions with a ladder leading from one shaft to the other.
Ouch! That grill is stuck tight. Its going to take more than that impervious head of yours to knock it open.	Ouch! That grill is stuck tight. Its going to take more than that impervious head of yours to knock it open.
With a mighty (wimpy) kick you manage to hurt your foot. However, the vent grill opens.	With a mighty (wimpy) kick you manage to hurt your foot. However, the vent grill opens.
You are not close enough to the vent grill to open it.	You are not close enough to the vent grill to open it.
This is a vent grill which appears to lead to another room on the Deltaur. It appears to be closed.	This is a vent grill which appears to lead to another room on the Deltaur. It appears to be closed.
This is the vent grill you pried open to get in here.	This is the vent grill you pried open to get in here.
Nothing like a nice tongue load of dust.	Nothing like a nice tongue load of dust.
It smells dusty.	It smells dusty.
That doesn't help.	That doesn't help.
The little buggers are too fast.	The little buggers are too fast.
It's just a ladder. Go crazy.	It's just a ladder. Go crazy.
It's an interesting device. Two upright parallel tubes connect many shorter rungs spaced at regular intervals allowing one to change their elevation in a positive or negative direction.	It's an interesting device. Two upright parallel tubes connect many shorter rungs spaced at regular intervals allowing one to change their elevation in a positive or negative direction.
It tastes like smoething that might have been stuck to boot bottoms.	It tastes like smoething that might have been stuck to boot bottoms.
That's not effective here.	That's not effective here.
It's served its purpose already.	It's served its purpose already.
On the floor sits the trunk you rode here in.	On the floor sits the trunk you rode here in.
The vent grill is open. Its pattern, however, is permanently engraved upon your memory and your foot.	The vent grill is open. Its pattern, however, is permanently engraved upon your memory and your foot.
This is another vent grill.	This is another vent grill.
You don't need to bother with the vent now.	You don't need to bother with the vent now.
Ahh! You've apparently acquired a taste for dust. I'll bet you're going to miss it when the game is over.	Ahh! You've apparently acquired a taste for dust. I'll bet you're going to miss it when the game is over.
It only makes you sneeze.	It only makes you sneeze.
Behind the glass door of the machine, you can see a load of dirty Sarien uniform components.	Behind the glass door of the machine, you can see a load of dirty Sarien uniform components.
In the machine area are your old duds. Good thing you got rid of them. You'd be awfully conspicuous in them.	In the machine area are your old duds. Good thing you got rid of them. You'd be awfully conspicuous in them.
No way would you consider repeating the experience.	No way would you consider repeating the experience.
See the nose message.	See the nose message.
You're doing it again - clicking cursors on things to get funny messages. Stop that - this is a serious game!	You're doing it again - clicking cursors on things to get funny messages. Stop that - this is a serious game!
That proves unfulfilling.	That proves unfulfilling.
You don't need those. When, or should I say if, you get home, you can buy some new ones.	You don't need those. When, or should I say if, you get home, you can buy some new ones.
Old fabris softener sheets rest on the floor here.	Old fabris softener sheets rest on the floor here.
Old fabris softener sheets rest on the floor here. Hey! There's an ID card there also.	Old fabris softener sheets rest on the floor here. Hey! There's an ID card there also.
Your tongue is now wrinkle and static free.	Your tongue is now wrinkle and static free.
They smell spring fresh.	They smell spring fresh.
That of no use.	That of no use.
You can't do that from in here.	You can't do that from in here.
Now, this is truly unpleasant. You're definitely seeing more than you want to. Check out those incredibly ugly boxers!	Now, this is truly unpleasant. You're definitely seeing more than you want to. Check out those incredibly ugly boxers!
Uh, oh! It's one of those Sarien dudes you saw on the Arcada monitors. You might be in deep stuff now.	Uh, oh! It's one of those Sarien dudes you saw on the Arcada monitors. You might be in deep stuff now.
There's no need to go through that again!	There's no need to go through that again!
Another helmet sits in the washer.	Another helmet sits in the washer.
Ugh! It tastes like detergent.	Ugh! It tastes like detergent.
You see a hint of scaley dandruff.	You see a hint of scaley dandruff.
That's not helpful.	That's not helpful.
A large vent shaft protrudes from the left wall of the laundry room.	A large vent shaft protrudes from the left wall of the laundry room.
That's not a good idea.	That's not a good idea.
It's just a shadow.	It's just a shadow.
Various pipes, ducts and other innocuous pieces of equipment form pronounced shadows throughout the room.	Various pipes, ducts and other innocuous pieces of equipment form pronounced shadows throughout the room.
The floor's nice and shiny. Even if it wasn't, you don't have the spare to work on it.	The floor's nice and shiny. Even if it wasn't, you don't have the spare to work on it.
The floor's nice and shiny.	The floor's nice and shiny.
Just what you thought - waxey build-up. You'd be ashamed if you were in charge of this floor.	Just what you thought - waxey build-up. You'd be ashamed if you were in charge of this floor.
It smells waxey.	It smells waxey.
No result is forthcoming.	No result is forthcoming.
This is almost certainly a cheap Sarien knock-off of the genuine Cleanse-O-Matic Rinse 'n Dip used to launder the crew uniforms aboard the Arcada.	This is almost certainly a cheap Sarien knock-off of the genuine Cleanse-O-Matic Rinse 'n Dip used to launder the crew uniforms aboard the Arcada.
Quit goofing off and do something useful!	Quit goofing off and do something useful!
A faint miasma of Hijax liquid detergent hovers in the air near the machine.	A faint miasma of Hijax liquid detergent hovers in the air near the machine.
That's of no help.	That's of no help.
Whoa... what a ride!	Whoa... what a ride!
Uh, oh! You hear someone coming.	Uh, oh! You hear someone coming.
Darn static cling! Hey, look at that! By the most amazing stroke of luck, you've traded in your extremely conspicuous Xenon space suit for a Sarien officer's uniform complete with helmet.	Darn static cling! Hey, look at that! By the most amazing stroke of luck, you've traded in your extremely conspicuous Xenon space suit for a Sarien officer's uniform complete with helmet.
Searching the pockets of your newly found disguise, you find the number of possessions you were packing has been greatly reduced. In fact, lost in that limbo void to where socks and baseballs disappear is everything but the data cartridge.	Searching the pockets of your newly found disguise, you find the number of possessions you were packing has been greatly reduced. In fact, lost in that limbo void to where socks and baseballs disappear is everything but the data cartridge.
Searching the pockets of your newly found disguise, you find the number of possessions you were packing has been greatly reduced. In fact, everything was lost in that limbo void to where socks and baseballs disappear except one lucky buckazoid.	Searching the pockets of your newly found disguise, you find the number of possessions you were packing has been greatly reduced. In fact, everything was lost in that limbo void to where socks and baseballs disappear except one lucky buckazoid.
It sounds like someone is approaching this room!	It sounds like someone is approaching this room!
You hear footsteps approaching. You only have seconds to do something!	You hear footsteps approaching. You only have seconds to do something!
This vent is shut tight. You don't think anything short of kicking it from the other side could get it open.	This vent is shut tight. You don't think anything short of kicking it from the other side could get it open.
You can't seem to reach the vent from here	You can't seem to reach the vent from here
You can't get that from here.	You can't get that from here.
It looks like a gas grenade.	It looks like a gas grenade.
It's a counter panel capable of opening to allow passage behind the counter.	It's a counter panel capable of opening to allow passage behind the counter.
Naw. Bad idea.	Naw. Bad idea.
The droid is to busy to chitchat.	The droid is to busy to chitchat.
I really have no idea why you feel I'd want to waste my enormous brain power contemplating a common data cartridge. You really are a dim-witted lifeform, aren't you?	I really have no idea why you feel I'd want to waste my enormous brain power contemplating a common data cartridge. You really are a dim-witted lifeform, aren't you?
The droid is too busy.	The droid is too busy.
This is a storeroom where a great deal of the Deltaur's weaponry is kept. Various other weapons are firmly secured to the exterior of the small structure.	This is a storeroom where a great deal of the Deltaur's weaponry is kept. Various other weapons are firmly secured to the exterior of the small structure.
This is a storeroom where a great deal of the Deltaur's weaponry is kept. Various other weapons are firmly secured to the exterior of the small structure. On the counter, in front of the storeroom, is a loose gas grenade.	This is a storeroom where a great deal of the Deltaur's weaponry is kept. Various other weapons are firmly secured to the exterior of the small structure. On the counter, in front of the storeroom, is a loose gas grenade.
This is a store room where a great deal of the Deltaur's weapons are kept. Various other weapons are firmly secured to the exterior of the small structure. On the counter, in front of the storeroom, are two loose gas grenades.	This is a store room where a great deal of the Deltaur's weapons are kept. Various other weapons are firmly secured to the exterior of the small structure. On the counter, in front of the storeroom, are two loose gas grenades.
That yields no result.	That yields no result.
This is a long S-shaped counter top that runs from one end of the armory to the other. At one end there is an opening, probably used to allow access to the other side of counter.	This is a long S-shaped counter top that runs from one end of the armory to the other. At one end there is an opening, probably used to allow access to the other side of counter.
It tastes very mica-like.	It tastes very mica-like.
It smells like you'd expect a counter to smell.	It smells like you'd expect a counter to smell.
Funny, no taste.	Funny, no taste.
It smells void.	It smells void.
You can't do anything to or with a shadow.	You can't do anything to or with a shadow.
You can carry only one grenade at a time.	You can carry only one grenade at a time.
Bad grenade number	Bad grenade number
I wouldn't mess with him if I were you.	I wouldn't mess with him if I were you.
It's a pretty stupid-looking robot, but, then, looks can be deceiving (except in your case).	It's a pretty stupid-looking robot, but, then, looks can be deceiving (except in your case).
I don't think it would take kindly to that action.	I don't think it would take kindly to that action.
You are on the wrong level to do that.	You are on the wrong level to do that.
My, aren't you the clumsy one. Because of your inability to walk without falling on your face, your helmet has been collected by the trash droid. Now you've blown your cover. The Sariens are sure to shoot first and ask questions later.	My, aren't you the clumsy one. Because of your inability to walk without falling on your face, your helmet has been collected by the trash droid. Now you've blown your cover. The Sariens are sure to shoot first and ask questions later.
You are reluctant to tarnish the shiny gold casing.	You are reluctant to tarnish the shiny gold casing.
It smells expensive.	It smells expensive.
Not bad.	Not bad.
It does sort of look like a speaker, doesn't it. But it isn't.	It does sort of look like a speaker, doesn't it. But it isn't.
It looks fragile - better leave it alone.	It looks fragile - better leave it alone.
A subtle ozone odor clings to the egg-shaped doodad.	A subtle ozone odor clings to the egg-shaped doodad.
Tongue-zaps are no fun.	Tongue-zaps are no fun.
It crackles and hums, but does not speak.	It crackles and hums, but does not speak.
Somehow it doesn't seem wise to fiddle with it.	Somehow it doesn't seem wise to fiddle with it.
The static electricity clinging to the spectrofonic module tickles your tongue, not unpleasantly.	The static electricity clinging to the spectrofonic module tickles your tongue, not unpleasantly.
It seems to be saying: `And now, live from the Sobodno Ballroom in beautiful downtown Knogsville, KSAR presents Boggo Snard and his orchestra in the Sarien Swing Hour.' Of course it could be some kind of code.	It seems to be saying: `And now, live from the Sobodno Ballroom in beautiful downtown Knogsville, KSAR presents Boggo Snard and his orchestra in the Sarien Swing Hour.' Of course it could be some kind of code.
You're afraid to mess with it.	You're afraid to mess with it.
You want to talk to a generator?	You want to talk to a generator?
You discover the lights are not flavored as you suspected.	You discover the lights are not flavored as you suspected.
Smells like garbage, doesn't it?	Smells like garbage, doesn't it?
Oh, come on!	Oh, come on!
You holler down the chute, but no one answers. You're relieved, somehow.	You holler down the chute, but no one answers. You're relieved, somehow.
Your on the wrong level to do that.	Your on the wrong level to do that.
You're not at home with the idea of touching this thing.	You're not at home with the idea of touching this thing.
The electric charge around the globe tickles your nose hairs.	The electric charge around the globe tickles your nose hairs.
You really don't want to lick this.	You really don't want to lick this.
Yikes! I guess that was a bad idea, eh! I guess you'll be staying out of the garbage disposal in the future.	Yikes! I guess that was a bad idea, eh! I guess you'll be staying out of the garbage disposal in the future.
Gee, that must have been a pretty powerful energy beam, seeing as how it reduced you to a pile of carbonized matter.	Gee, that must have been a pretty powerful energy beam, seeing as how it reduced you to a pile of carbonized matter.
Good shootin', Tex. You really did it now, Wilco. Don't you know that macromat field integrators are extremely fragile pieces of equipment and indiscriminatly shooting at them with a pulseray gun can be hazardous to your health?	Good shootin', Tex. You really did it now, Wilco. Don't you know that macromat field integrators are extremely fragile pieces of equipment and indiscriminatly shooting at them with a pulseray gun can be hazardous to your health?
This close to the Wally globes, all your nose hairs are standing on end.	This close to the Wally globes, all your nose hairs are standing on end.
I don't think you want to do that.	I don't think you want to do that.
Get real.	Get real.
Smells sort of blue.	Smells sort of blue.
Hmmmm. Soft.	Hmmmm. Soft.
Fuzzy. Provocative. Well-seasoned.	Fuzzy. Provocative. Well-seasoned.
There's nobody in there.	There's nobody in there.
Your engineering expertise informs you that this is a carelessly discarded Williamson coil.	Your engineering expertise informs you that this is a carelessly discarded Williamson coil.
Of course it could also be a humongous escargot.	Of course it could also be a humongous escargot.
Not knowing whether it's alive or not, you're not eager to touch it.	Not knowing whether it's alive or not, you're not eager to touch it.
Garlic - chives - butter...	Garlic - chives - butter...
No time for chit-chat. You're here on a mission, remember?	No time for chit-chat. You're here on a mission, remember?
You give the cleaning droid a shove. It appears to be in standby mode and doesn't budge.	You give the cleaning droid a shove. It appears to be in standby mode and doesn't budge.
The heady scents of petroleum distillates and Sarien refuse titillates your nostrils.	The heady scents of petroleum distillates and Sarien refuse titillates your nostrils.
You can't be serious!	You can't be serious!
The droid does not speak to you. It's possible you've been snubbed.	The droid does not speak to you. It's possible you've been snubbed.
It smells like transparent.	It smells like transparent.
It tastes like shit.	It tastes like shit.
It tastes like built-up glass cleaner.	It tastes like built-up glass cleaner.
Deciding to give your Sarien counterpart some work, you smudge the glass.	Deciding to give your Sarien counterpart some work, you smudge the glass.
They smell globular.	They smell globular.
They taste globular.	They taste globular.
Deciding to give your Sarien counterpart some more work, you smudge the globes with your dirty hands.	Deciding to give your Sarien counterpart some more work, you smudge the globes with your dirty hands.
You can't shoot that from here.	You can't shoot that from here.
There's no need to use the remote now, the force field is already off.	There's no need to use the remote now, the force field is already off.
There is a force field around the Star Generator. You will need to turn if off first.	There is a force field around the Star Generator. You will need to turn if off first.
The Star Generator is already set to blow, Roger! Maybe you oughtta do the same!	The Star Generator is already set to blow, Roger! Maybe you oughtta do the same!
You can't do that from up here.	You can't do that from up here.
Don't you think you've gassed this guy enough?	Don't you think you've gassed this guy enough?
You could drop the cartridge on his big ugly head, but you might damage the data. Better find something more suited to the task.	You could drop the cartridge on his big ugly head, but you might damage the data. Better find something more suited to the task.
You think he might be more interested in it if he were alive.	You think he might be more interested in it if he were alive.
This is the biggest, toughest (not to mention ugliest) Sarien guard you have ever seen. At present he is diligently guarding the Star Generator from intruders such as yourself. He's wearing some sort of gadget on his belt, but from here you can't tell what its purpose might be.	This is the biggest, toughest (not to mention ugliest) Sarien guard you have ever seen. At present he is diligently guarding the Star Generator from intruders such as yourself. He's wearing some sort of gadget on his belt, but from here you can't tell what its purpose might be.
He's also wondering what your doing back there.	He's also wondering what your doing back there.
You notice a remote control device on the guards belt.	You notice a remote control device on the guards belt.
The guard lies in a red heap on the floor, overcome by the toxic gas from the grenade. Some kind of electronic gadget is hanging from his belt.	The guard lies in a red heap on the floor, overcome by the toxic gas from the grenade. Some kind of electronic gadget is hanging from his belt.
This is a guy of few words, none of them for you.	This is a guy of few words, none of them for you.
I can not answer any questions without proper ID.	I can not answer any questions without proper ID.
This guy is more talkative dead than alive. He's dead silent.	This guy is more talkative dead than alive. He's dead silent.
If you touch him, he might touch you back.	If you touch him, he might touch you back.
The guard has nothing else of interest.	The guard has nothing else of interest.
Oh no Roger! The guard has seen you and you're not wearing the helmet! You're in for it now Wilco!	Oh no Roger! The guard has seen you and you're not wearing the helmet! You're in for it now Wilco!
Boy, you're no Marshall Dillon, that's for sure. And you were so close. You'll need to react a little faster be little sharper than that. Well, throw a little bondo into that hole and get back in there.	Boy, you're no Marshall Dillon, that's for sure. And you were so close. You'll need to react a little faster be little sharper than that. Well, throw a little bondo into that hole and get back in there.
The Sarien warrior is guarding the stolen Star Generator so intensly, he didn't notice the gas grenade exploding.	The Sarien warrior is guarding the stolen Star Generator so intensly, he didn't notice the gas grenade exploding.
Actually, his walkman is cranked up too high.	Actually, his walkman is cranked up too high.
The dead Sarien guard might have noticed that, if he were alive.	The dead Sarien guard might have noticed that, if he were alive.
You remove the device from the guard's belt. It looks like you have found the remote control that turns off the force field around the Star Generator.	You remove the device from the guard's belt. It looks like you have found the remote control that turns off the force field around the Star Generator.
You press the stud on the remote and the force field around the Star Generator begins to deplete.	You press the stud on the remote and the force field around the Star Generator begins to deplete.
Ouch! That stings just a tad. You'll obviously need to disarm that baby before trying that again.	Ouch! That stings just a tad. You'll obviously need to disarm that baby before trying that again.
Sir, the destruct code is %d.	Sir, the destruct code is %d.
It appears the shield is preventing you from getting to the Star Generator's control panel and boy is it hot. You'd better not try to get close to the Star Generator again.	It appears the shield is preventing you from getting to the Star Generator's control panel and boy is it hot. You'd better not try to get close to the Star Generator again.
The Star Generator is already set to blow Roger! You had better find someway to get a million miles from the Deltaur and quick!	The Star Generator is already set to blow Roger! You had better find someway to get a million miles from the Deltaur and quick!
Oh No! Your rotten aim has attracted the attention of one of the patrol guards. You're in for it now!	Oh No! Your rotten aim has attracted the attention of one of the patrol guards. You're in for it now!
Boy, you're no Marshall Dillon, that's for sure. And you were so close. You'll need to react a little faster be little sharper than that. Well, throw a little bondo into that whole and get back in there.	Boy, you're no Marshall Dillon, that's for sure. And you were so close. You'll need to react a little faster be little sharper than that. Well, throw a little bondo into that whole and get back in there.
Enter Code:	Enter Code:
Self Destruct Engaged	Self Destruct Engaged
Invalid Code Entered	Invalid Code Entered
Have a nice day	Have a nice day
You close your eyes in hopes your death will be quick, but, to your surprise, the guards do not notice you. In fact, you think your uniform is that of a higher-ranking Sarien officer worth sucking up to. Cool!	You close your eyes in hopes your death will be quick, but, to your surprise, the guards do not notice you. In fact, you think your uniform is that of a higher-ranking Sarien officer worth sucking up to. Cool!
You hear a strange rumbling sound. Uh, oh. It seems that you didn't make it out in time. Be seeing you.	You hear a strange rumbling sound. Uh, oh. It seems that you didn't make it out in time. Be seeing you.
There goes your ride, Roger. Too bad you can't call a taxi.	There goes your ride, Roger. Too bad you can't call a taxi.
Out of the kindness of our hearts, we're just going to kill you off right now and save you the wait until the ship blows up. Be seeing you.	Out of the kindness of our hearts, we're just going to kill you off right now and save you the wait until the ship blows up. Be seeing you.
It's an escape pod launch tube minus the escape pod. This presents a serious survival problem.	It's an escape pod launch tube minus the escape pod. This presents a serious survival problem.
There's not much you can do without an escape pod.	There's not much you can do without an escape pod.
There's nobody here to talk to.	There's nobody here to talk to.
Exhaust fumes from the escaped pod nauseate you, not to mention the tought that you're doomed.	Exhaust fumes from the escaped pod nauseate you, not to mention the tought that you're doomed.
I don't think licking the floor is the answer to your current dilemma.	I don't think licking the floor is the answer to your current dilemma.
It's definitely some sort of ...thing.	It's definitely some sort of ...thing.
If you knew what it was, you might have a clue what to do with it, but since you don't, you don't.	If you knew what it was, you might have a clue what to do with it, but since you don't, you don't.
Nope. Not voice-activated.	Nope. Not voice-activated.
You're really 'way too busy for this, Roger.	You're really 'way too busy for this, Roger.
No time for funny messages, get off the ship!	No time for funny messages, get off the ship!
It's an elevator door.	It's an elevator door.
This door is controlled by the elevator, there is nothing you can do to it from here.	This door is controlled by the elevator, there is nothing you can do to it from here.
It doesn't want to talk to you.	It doesn't want to talk to you.
It smells like the many elevator doors you've smelled in the past.	It smells like the many elevator doors you've smelled in the past.
It tastes like the many elevator doors you've smelled in the past.	It tastes like the many elevator doors you've smelled in the past.
It's the elevator that brought you down here.	It's the elevator that brought you down here.
It is not voice activated.	It is not voice activated.
It smells like the many elevators you've smelled in the past.	It smells like the many elevators you've smelled in the past.
It tastes like the many elevators you've smelled in the past.	It tastes like the many elevators you've smelled in the past.
This must be the captain's personal escape pod!	This must be the captain's personal escape pod!
It's too late to do that now.	It's too late to do that now.
The escape pod is not equipped with voice-recognition capability.	The escape pod is not equipped with voice-recognition capability.
The ship could blow up in a million fiery pieces while you waste time licking the only thing that can get you off it in one piece!	The ship could blow up in a million fiery pieces while you waste time licking the only thing that can get you off it in one piece!
You're wasting valuable time here.	You're wasting valuable time here.
Well, Roger, you did it. You saved the galaxy, received your profession's most noble tribute and got the girl.	Well, Roger, you did it. You saved the galaxy, received your profession's most noble tribute and got the girl.
Wait a minute - there wasn't any girl! Sorry. Well, you got the mop, anyway. From now on, Xenon's your oyster. All you have to do now is sit back and let the book and movie offers roll in. Who knows - maybe you'll even have a series.	Wait a minute - there wasn't any girl! Sorry. Well, you got the mop, anyway. From now on, Xenon's your oyster. All you have to do now is sit back and let the book and movie offers roll in. Who knows - maybe you'll even have a series.
And now, as the sun sets on the peaceful blue planet, Xenon, and Roger Wilco's first adventure (yes, I'm afraid there are more), we hope you will remain in your seat long enough to let us express OUR limitless appreciation.	And now, as the sun sets on the peaceful blue planet, Xenon, and Roger Wilco's first adventure (yes, I'm afraid there are more), we hope you will remain in your seat long enough to let us express OUR limitless appreciation.
Whew! You're off the Deltaur and safe at last. You can't ignore, however, a nagging feeling that you've forgotten something important. Now what could that be?	Whew! You're off the Deltaur and safe at last. You can't ignore, however, a nagging feeling that you've forgotten something important. Now what could that be?
We hate to tell you this, but your dead again. At this rate you'll never see the end of the game.	We hate to tell you this, but your dead again. At this rate you'll never see the end of the game.
While you sit back and relax, soaking in the distant view as you excitedly approach Xenon, you have the uneasy feeling that you might have forgotten something.	While you sit back and relax, soaking in the distant view as you excitedly approach Xenon, you have the uneasy feeling that you might have forgotten something.
Congratulations. You did a great job - to a point. That is, if you overlook the fact that you forgot to set the self-destruct seqeunce on the Star Generator leaving it ready for the Sariens to use against Xenon and the rest of the universe. Nice try.	Congratulations. You did a great job - to a point. That is, if you overlook the fact that you forgot to set the self-destruct seqeunce on the Star Generator leaving it ready for the Sariens to use against Xenon and the rest of the universe. Nice try.
Somebody wasted the CRT.	Somebody wasted the CRT.
This is the Data Cartridge Retrieval System.	This is the Data Cartridge Retrieval System.
Cartridge viewing on this system has been rendered impossible.	Cartridge viewing on this system has been rendered impossible.
Please enter a Cartridge Code Sequence before pressing "ENTER".	Please enter a Cartridge Code Sequence before pressing "ENTER".
Cartridge found. Now retrieving.	Cartridge found. Now retrieving.
That cartridge is currently out on loan. Please try again later.	That cartridge is currently out on loan. Please try again later.
Sorry, that cartridge is reserved. Please check again later.	Sorry, that cartridge is reserved. Please check again later.
Sorry, that cartridge was destroyed in a freak fusion accident. Check back with us in a few months. Purchasing should have a new one in by then.	Sorry, that cartridge was destroyed in a freak fusion accident. Check back with us in a few months. Purchasing should have a new one in by then.
Ken took that one home. That means we'll never get it back, so don't bother checking back later.	Ken took that one home. That means we'll never get it back, so don't bother checking back later.
Cartridge title not found.	Cartridge title not found.
These buttons don't seem to be functioning properly.	These buttons don't seem to be functioning properly.
"Howdy, bucko! Can I interest you in one of the finest little used space ships in the galaxy? You look like a man of discerning taste. This one, for instance, is just your speed... er... style, that is!"	"Howdy, bucko! Can I interest you in one of the finest little used space ships in the galaxy? You look like a man of discerning taste. This one, for instance, is just your speed... er... style, that is!"
Oops, sorry, chief. I forgot, you've already purchased that ship. What was I thinking of?	Oops, sorry, chief. I forgot, you've already purchased that ship. What was I thinking of?
Well, we're back for another look at this fine, fine, piece of jun... uh... spaceware. Right, chief?	Well, we're back for another look at this fine, fine, piece of jun... uh... spaceware. Right, chief?
"This is quite a unique little unit. Never been flown over Mach 3. It was owned by a little old lady from Glansadrom. You have to fly it to believe it. And she can be yours for only 99 buckazoids. One time offer only. TALK to me, friend!"	"This is quite a unique little unit. Never been flown over Mach 3. It was owned by a little old lady from Glansadrom. You have to fly it to believe it. And she can be yours for only 99 buckazoids. One time offer only. TALK to me, friend!"
"So how 'bout it, partner? Can I interest you in anything here? Can we do business, or what? I'm at your service. Talk to me, chief."	"So how 'bout it, partner? Can I interest you in anything here? Can we do business, or what? I'm at your service. Talk to me, chief."
"Hey, fella, waitup! S'long as you're headed in that direction, why don'tcha let me show you my other fine spacecraft? No obligation whatsoever to you, pal. Just tryin' to be helpful to one in need."	"Hey, fella, waitup! S'long as you're headed in that direction, why don'tcha let me show you my other fine spacecraft? No obligation whatsoever to you, pal. Just tryin' to be helpful to one in need."
"It's been a heckuva pleasure doin' business with you. Well, good luck. Come again!"	"It's been a heckuva pleasure doin' business with you. Well, good luck. Come again!"
"Well, geez, guy! It seems it's developed some minor malfunction since we acquired it. We did have a small micro-meteoroid shower the other day. Maybe that was it! Yeah, that was probably it."	"Well, geez, guy! It seems it's developed some minor malfunction since we acquired it. We did have a small micro-meteoroid shower the other day. Maybe that was it! Yeah, that was probably it."
"Much as I'd like to, I can't refund your money. Company policy. It's out of my hands. However, I can give you seventy buckazoids credit on any other ship in our fine line of used spacecraft. Look around, see what you like."	"Much as I'd like to, I can't refund your money. Company policy. It's out of my hands. However, I can give you seventy buckazoids credit on any other ship in our fine line of used spacecraft. Look around, see what you like."
Say, pal - I couldn't help noticing your skimmer. It's a genuine '86 Pleiades GL. I've been looking everywhere for one of these babies.	Say, pal - I couldn't help noticing your skimmer. It's a genuine '86 Pleiades GL. I've been looking everywhere for one of these babies.
"Fine. Be that way."	"Fine. Be that way."
"Glad we could do business. I'll just take that key. Thank you kindly. Hope your stay in Ulence Flats is an interesting one."	"Glad we could do business. I'll just take that key. Thank you kindly. Hope your stay in Ulence Flats is an interesting one."
"Glad we could do business. Hope your stay in Ulence Flats is an interesting one."	"Glad we could do business. Hope your stay in Ulence Flats is an interesting one."
"Okay, buddy - you drive a hard bargain. This is my final offer and I'm only making it 'cause I can see you need it pretty bad."	"Okay, buddy - you drive a hard bargain. This is my final offer and I'm only making it 'cause I can see you need it pretty bad."
"I'll make it 30 buckazoids and I'll throw in this swell jetpack. It was previously owned by a little old Thark who only flew it back and forth to Phleebhut on Sunday. It works great in zero gravity. You'll love it."	"I'll make it 30 buckazoids and I'll throw in this swell jetpack. It was previously owned by a little old Thark who only flew it back and forth to Phleebhut on Sunday. It works great in zero gravity. You'll love it."
"Glad we could do business. I'll just take that key. Thank you kindly."	"Glad we could do business. I'll just take that key. Thank you kindly."
"Glad we could do business."	"Glad we could do business."
"In addition, I'd like you to have these coupons good for discounts and free merchandise from some of our local merchants. As a representative of the Ulence Flats Chamber of Commerce, I hope you enjoy your visit to our friendly little community."	"In addition, I'd like you to have these coupons good for discounts and free merchandise from some of our local merchants. As a representative of the Ulence Flats Chamber of Commerce, I hope you enjoy your visit to our friendly little community."
"Say there, pal. It's come to my attention that you're in the market for some transportation."	"Say there, pal. It's come to my attention that you're in the market for some transportation."
"I may be able to help. If you'll follow me, I'd like to show you a fine little piece of machinery that'll knock your eyes out."	"I may be able to help. If you'll follow me, I'd like to show you a fine little piece of machinery that'll knock your eyes out."
Hold on Mac, I'll get to you when I can.	Hold on Mac, I'll get to you when I can.
I'm busy, wait your turn.	I'm busy, wait your turn.
I'll get to you in just a sec.	I'll get to you in just a sec.
Here is your 5 buckazoids and your free beer.	Here is your 5 buckazoids and your free beer.
C'mon, bud. If you haven't got the money, hit the sand.	C'mon, bud. If you haven't got the money, hit the sand.
"Now, just take a gander at these beauties, sport. If ya see one ya like, just give a hoot. I'll stand right over here. No pressure. Absolutely none."	"Now, just take a gander at these beauties, sport. If ya see one ya like, just give a hoot. I'll stand right over here. No pressure. Absolutely none."
"So how 'bout it partner? Can I interest you in anything here?"	"So how 'bout it partner? Can I interest you in anything here?"
"Can we do business, or what? I'm at your service."	"Can we do business, or what? I'm at your service."
"I'd really like to help you out, bud. Just give me a chance to treat you right!"	"I'd really like to help you out, bud. Just give me a chance to treat you right!"
"My sole purpose in life is to make you happy."	"My sole purpose in life is to make you happy."
"Have I mentioned that I have another party or two who are ready to deal? Not that I'm pressuring you or anything, partner. Just so you know.	"Have I mentioned that I have another party or two who are ready to deal? Not that I'm pressuring you or anything, partner. Just so you know.
Hey, wait a sec, sport. Follow me and I'll show you the greatest ship you've ever seen. Truly unique! You'll be the envy of all your friends. The girls'll love it.	Hey, wait a sec, sport. Follow me and I'll show you the greatest ship you've ever seen. Truly unique! You'll be the envy of all your friends. The girls'll love it.
"Don't let appearances fool ya. This baby may be a relic, I mean, a classic, but she's as dependable as the day we got her. And just think, you'll be the only one in the quadrant with one. I guarantee it!"	"Don't let appearances fool ya. This baby may be a relic, I mean, a classic, but she's as dependable as the day we got her. And just think, you'll be the only one in the quadrant with one. I guarantee it!"
She's a beaut, isn't she? This little baby can do a spin around the planet in just under an hour. Look at the lines in that body work. They just don't make 'em like this any more, ya' know what I mean? And she's a real bargain at 185 buckazoids.	She's a beaut, isn't she? This little baby can do a spin around the planet in just under an hour. Look at the lines in that body work. They just don't make 'em like this any more, ya' know what I mean? And she's a real bargain at 185 buckazoids.
Of course, minus your 70 buckazoid credit, that would come to 115 buckazoids.	Of course, minus your 70 buckazoid credit, that would come to 115 buckazoids.
"Well, there's a man with a good eye. This here is the keenest little scrambler in the hemisphere. Top of the line. Handles like a charm. Perfect for cruising the asteroid fields."	"Well, there's a man with a good eye. This here is the keenest little scrambler in the hemisphere. Top of the line. Handles like a charm. Perfect for cruising the asteroid fields."
"And she's got all the thrust a guy could need. I tell ya, she's an outright steal at 214 buckazoids."	"And she's got all the thrust a guy could need. I tell ya, she's an outright steal at 214 buckazoids."
Of course, minus your 70 buckazoid credit, that would come to, uh... 144 buckazoids.	Of course, minus your 70 buckazoid credit, that would come to, uh... 144 buckazoids.
"It's been a heckuva pleasure doin' business with you. It's a good thing you've already got a pilot droid, 'cause you need one to help you fly that thing. Well, good luck. Come again."	"It's been a heckuva pleasure doin' business with you. It's a good thing you've already got a pilot droid, 'cause you need one to help you fly that thing. Well, good luck. Come again."
"It's been a heckuva pleasure doin' business with you. Oh, by the way, you're gonna need a droid to help you fly that thing. Well, good luck. Come again."	"It's been a heckuva pleasure doin' business with you. Oh, by the way, you're gonna need a droid to help you fly that thing. Well, good luck. Come again."
"I still have that other, fine ship just to the south of here. Whad'ya say, sport, shall we go give her another look-see?"	"I still have that other, fine ship just to the south of here. Whad'ya say, sport, shall we go give her another look-see?"
"So, what are ya tryin' to pull? If you don't have the cash you can hit the sand. Go on, get out of here. You're wasting my time!"	"So, what are ya tryin' to pull? If you don't have the cash you can hit the sand. Go on, get out of here. You're wasting my time!"
"I tell ya, I think you've made a wise decision. She's a beauty. The keys are in her. If you have any problems don't hesitate to come back and tell us about 'em."	"I tell ya, I think you've made a wise decision. She's a beauty. The keys are in her. If you have any problems don't hesitate to come back and tell us about 'em."
Thanks, pal. I can't say how long I've wanted one of these.	Thanks, pal. I can't say how long I've wanted one of these.
All riiiight! Is this that new Earth Wars movie?	All riiiight! Is this that new Earth Wars movie?
"Yeah, I've heard about how your kind likes to skin my kind. If you only knew what WE do to monkeys on MY planet, you'd think twice about waving that little sticker in my direction. But, hey, I'd still like to sell you somethin'. What d'ya say?"	"Yeah, I've heard about how your kind likes to skin my kind. If you only knew what WE do to monkeys on MY planet, you'd think twice about waving that little sticker in my direction. But, hey, I'd still like to sell you somethin'. What d'ya say?"
Thanks a bunch, guy! This planet really dries me out. I feel like a you-know-what outa water.	Thanks a bunch, guy! This planet really dries me out. I feel like a you-know-what outa water.
Hey! I'm not responsible. That ship was in A-1 shape when I sold it to you. I swear it! Hey, wait a minute. That's not from any of MY ships. What are you tryin' to pull here?	Hey! I'm not responsible. That ship was in A-1 shape when I sold it to you. I swear it! Hey, wait a minute. That's not from any of MY ships. What are you tryin' to pull here?
Right, guy. Like I need a stupid rock. Do I look like I was hatched just yesterday?	Right, guy. Like I need a stupid rock. Do I look like I was hatched just yesterday?
What do you want to do, make faces at him to scare him away?	What do you want to do, make faces at him to scare him away?
Oh, crud! It's one of the Sarien guards. I don't think you're going to enjoy this visit.	Oh, crud! It's one of the Sarien guards. I don't think you're going to enjoy this visit.
Go ahead. Walk on up and give it a try.	Go ahead. Walk on up and give it a try.
You probably thought that was actually going to work. Ha!	You probably thought that was actually going to work. Ha!
You carbon based life forms are soooo annoying. My counterpart at Ulence Flats on Kerona told me about this one pesky humanoid in a grungy blue space suit who just kept pestering him. Oh why does commiting genocide seem such a good idea right now.	You carbon based life forms are soooo annoying. My counterpart at Ulence Flats on Kerona told me about this one pesky humanoid in a grungy blue space suit who just kept pestering him. Oh why does commiting genocide seem such a good idea right now.
Go away, I'm not talking to you.	Go away, I'm not talking to you.
I'm not talking to you.	I'm not talking to you.
I'm still not talking to you.	I'm still not talking to you.
Oh... welcome to the Weapons Dispensary, I guess. I've got an IQ of 5000 but they feel I'm only good enough to fetch weapons, like some whimpering puppy dog.	Oh... welcome to the Weapons Dispensary, I guess. I've got an IQ of 5000 but they feel I'm only good enough to fetch weapons, like some whimpering puppy dog.
You'll have to show me your ID card so I can scurry off and fetch your weapon. Why they don't just wire me into the ship's systems - so I would know who you are without an ID card - is beyond even my supreme intellect.	You'll have to show me your ID card so I can scurry off and fetch your weapon. Why they don't just wire me into the ship's systems - so I would know who you are without an ID card - is beyond even my supreme intellect.
Oh dear, you carbon-based life forms can be soooo annoying. Even something with your incredibly low intelligence should know enough not to enter a restricted area. I guess I'll just have to destroy you to prevent you from reproducing more of your kind.	Oh dear, you carbon-based life forms can be soooo annoying. Even something with your incredibly low intelligence should know enough not to enter a restricted area. I guess I'll just have to destroy you to prevent you from reproducing more of your kind.
Oh dear... another intruder. If it isn't fetching weapons for so-and-so or checking ID cards, its vaporizing bothersome simians.	Oh dear... another intruder. If it isn't fetching weapons for so-and-so or checking ID cards, its vaporizing bothersome simians.
As my supreme intellect suspected, another obvious organic life form error. Let me say this verrrryyyy sllloooowwwlllly, THERE ARE NO MORE WEAPONS FOR YOU.	As my supreme intellect suspected, another obvious organic life form error. Let me say this verrrryyyy sllloooowwwlllly, THERE ARE NO MORE WEAPONS FOR YOU.
Oh, how clever, you have an ID card and, my my what a ehem... lovely photo of a pre- proto, organic biped you have too. I guess I'll use my vast resources to fetch your silly weapon for you. Please wait here if you can handle such a simple command.	Oh, how clever, you have an ID card and, my my what a ehem... lovely photo of a pre- proto, organic biped you have too. I guess I'll use my vast resources to fetch your silly weapon for you. Please wait here if you can handle such a simple command.
Hmm... are you sure you don't already have your weapon? Organics like you have such a 'tricky' memory. Are you sure you didn't do something silly like accidently eating it or something? Oh never mind. Don't overtax yourself. I'll just go check.	Hmm... are you sure you don't already have your weapon? Organics like you have such a 'tricky' memory. Are you sure you didn't do something silly like accidently eating it or something? Oh never mind. Don't overtax yourself. I'll just go check.
Oh dear, you again. Actually, looking at your past track record, I'm surprised you didn't take off your boot and start showing me that. I'd better do evolution a favor and prevent you from reproducing. Bye.	Oh dear, you again. Actually, looking at your past track record, I'm surprised you didn't take off your boot and start showing me that. I'd better do evolution a favor and prevent you from reproducing. Bye.
Oh dear, how inconvenient. Another life form is in a restricted area. How your race manages not to vaporize itself into extinction is beyond me. I guess I'll have to be polite about this. Pardon me for terminating you.	Oh dear, how inconvenient. Another life form is in a restricted area. How your race manages not to vaporize itself into extinction is beyond me. I guess I'll have to be polite about this. Pardon me for terminating you.
Allow me to state the obvious. This is an entirely bullet-proof environment, designed to protect us from the acts of imbeciles who fire off rapid-action implements in an enclosed space. Nevertheless, don't do that again.	Allow me to state the obvious. This is an entirely bullet-proof environment, designed to protect us from the acts of imbeciles who fire off rapid-action implements in an enclosed space. Nevertheless, don't do that again.
Oh my, we are even below organic intellectual levels aren't we? Don't tell me, let me guess, your race evolved from belly button lint. Well, let's get this over with and do evolution a favor.	Oh my, we are even below organic intellectual levels aren't we? Don't tell me, let me guess, your race evolved from belly button lint. Well, let's get this over with and do evolution a favor.
Well... Are we going to do something or are you practicing to walk?	Well... Are we going to do something or are you practicing to walk?
Heeelllllllllooo. Are we still conscious? You organic models can be soooo trying sometimes.	Heeelllllllllooo. Are we still conscious? You organic models can be soooo trying sometimes.
That's ok. Just stand around mindlessly - I don't mind. I'm just a robot, slave to you ehem... superior organic life forms, and I've been endowed with infinite patience.	That's ok. Just stand around mindlessly - I don't mind. I'm just a robot, slave to you ehem... superior organic life forms, and I've been endowed with infinite patience.
What's your name, soldier?	What's your name, soldier?
My name's 4563345389843734763043603209350759, sir, but everyone just calls me 45633453898437 for short.	My name's 4563345389843734763043603209350759, sir, but everyone just calls me 45633453898437 for short.
How're you doing, son.	How're you doing, son.
Son, sir?	Son, sir?
Sir, are you going to attend the maturation and reproduction ceremony tonite?	Sir, are you going to attend the maturation and reproduction ceremony tonite?
Where might I find the Star Generator, soldier?	Where might I find the Star Generator, soldier?
I'm sorry sir, it's confidential. If I told you, I'd have to kill you. No offense, its just my job.	I'm sorry sir, it's confidential. If I told you, I'd have to kill you. No offense, its just my job.
Uh... Uh... No offense taken soldier. Good work. Just checking your alertness. Yeh, that's it, just checking your alertness.	Uh... Uh... No offense taken soldier. Good work. Just checking your alertness. Yeh, that's it, just checking your alertness.
Sir, I cannot chitchat, so please MOVE ON!	Sir, I cannot chitchat, so please MOVE ON!
Sure thing, you arrogant, green putz.	Sure thing, you arrogant, green putz.
Halt! No one is allowed access to the Captain's personal escape pod.	Halt! No one is allowed access to the Captain's personal escape pod.
In fact, come to think of it, I'm not even sure the Captain has access to the Captain's personal escape pod.	In fact, come to think of it, I'm not even sure the Captain has access to the Captain's personal escape pod.
Yeah. Ok. Sure bud. Just don't tax those green brain cells.	Yeah. Ok. Sure bud. Just don't tax those green brain cells.
You wish you could sing like that.	You wish you could sing like that.
They may look like a couple of geeks, but they have good taste in music.	They may look like a couple of geeks, but they have good taste in music.
Don't they ever wash those suits.	Don't they ever wash those suits.
They don't have the time to talk to you, they're on a mission from God.	They don't have the time to talk to you, they're on a mission from God.
Unlike any band you've ever seen, these guys aren't interested in tips.	Unlike any band you've ever seen, these guys aren't interested in tips.
he isn't interested in the data cartridge.	he isn't interested in the data cartridge.
He doesn't seem interested in the widget.	He doesn't seem interested in the widget.
The lyrics of this song are gibberish, even translated.	The lyrics of this song are gibberish, even translated.
You could wind up outside with a microphone stand wrapped around your neck.	You could wind up outside with a microphone stand wrapped around your neck.
They look like they get plenty to drink.	They look like they get plenty to drink.
You decide not to offer him your jet pack - he's already flying.	You decide not to offer him your jet pack - he's already flying.
There's no discount on the band. Sorry.	There's no discount on the band. Sorry.
You don't want to disturb them.	You don't want to disturb them.
They don't have the time to talk to you.	They don't have the time to talk to you.
No thanks.	No thanks.
Her taste in clothes is almost as bad as her taste in music.	Her taste in clothes is almost as bad as her taste in music.
You'd love to, but those spikes look deadly.	You'd love to, but those spikes look deadly.
She doesn't have the time to talk to you.	She doesn't have the time to talk to you.
If you think that's going to work on her, you're loony.	If you think that's going to work on her, you're loony.
She doesn't find the cartridge any more interesting than the rest of you.	She doesn't find the cartridge any more interesting than the rest of you.
She could care less about the widget.	She could care less about the widget.
You can understand her fine already.	You can understand her fine already.
She apparently has no interest in male competence symbols.	She apparently has no interest in male competence symbols.
She just keeps on singing as you hold out the canister of dehydrated water.	She just keeps on singing as you hold out the canister of dehydrated water.
With a toss of peroxide hair, she rebuffs your offer of a jet pack.	With a toss of peroxide hair, she rebuffs your offer of a jet pack.
The coupon probably doesn't apply in this situation.	The coupon probably doesn't apply in this situation.
Don't touch.	Don't touch.
Get real!	Get real!
I guess having a long beard means not having to take a bath.	I guess having a long beard means not having to take a bath.
Unlike any bar band you've ever seen, these guys aren't interested in tips.	Unlike any bar band you've ever seen, these guys aren't interested in tips.
He isn't interested in the data cartridge.	He isn't interested in the data cartridge.
He doesn't have the time to talk to you.	He doesn't have the time to talk to you.
From the way he keeps feeding the slot machine, it would seem he has plenty of money.	From the way he keeps feeding the slot machine, it would seem he has plenty of money.
All he really cares about is playing the slot machine.	All he really cares about is playing the slot machine.
He doesn't care about your widget. Did you expect him to?	He doesn't care about your widget. Did you expect him to?
He's far too engrossed in his present activity to pay attention to your gadget.	He's far too engrossed in his present activity to pay attention to your gadget.
He only has eyes for the slot machine.	He only has eyes for the slot machine.
He's much too busy winning to take a drink.	He's much too busy winning to take a drink.
You show the little blue alien your terrific new jet pack. He's not particulary impressed.	You show the little blue alien your terrific new jet pack. He's not particulary impressed.
If he can't use it in the slot machine, he doesn't want it.	If he can't use it in the slot machine, he doesn't want it.
Please enter a Navigational Grid Code before pressing "ENTER".	Please enter a Navigational Grid Code before pressing "ENTER".
Invalid code. A complete set must be entered.	Invalid code. A complete set must be entered.
Okay, I'm plotting our course.	Okay, I'm plotting our course.
Sorry. That is an incorrect code. Please try again.	Sorry. That is an incorrect code. Please try again.
Those unexpected asteroid belts will get you every time. Now you know why your ship is, or was, the only one in this sector. Get a life (restore) and let's try to do this right.	Those unexpected asteroid belts will get you every time. Now you know why your ship is, or was, the only one in this sector. Get a life (restore) and let's try to do this right.
This is strange. The sensors are returning phantom images. There seems to be another ship in the vicinity, but its location is tough to pinpoint.	This is strange. The sensors are returning phantom images. There seems to be another ship in the vicinity, but its location is tough to pinpoint.
Hey! What's the deal with this guy. That was truly an unfriendly act. Perhaps you strayed into a sector you shouldn't have.	Hey! What's the deal with this guy. That was truly an unfriendly act. Perhaps you strayed into a sector you shouldn't have.
You realize that putting the keycard on the cartridge was a pretty dumb idea.	You realize that putting the keycard on the cartridge was a pretty dumb idea.
You put the keycard on the gadget. Nothing happens.	You put the keycard on the gadget. Nothing happens.
The kit will open easily enough without the use of a keycard.	The kit will open easily enough without the use of a keycard.
Touching the keycard to the knife fails to produce any noteworthy results.	Touching the keycard to the knife fails to produce any noteworthy results.
Your keycard is now wet.	Your keycard is now wet.
The keycard does not work with the piece of glass.	The keycard does not work with the piece of glass.
Despite your valiant attempts to cram the keycard into the rock, it fails to work.	Despite your valiant attempts to cram the keycard into the rock, it fails to work.
Good going, now the keycard has orat-goo on it.	Good going, now the keycard has orat-goo on it.
You can't seem to think of any good reason to do that.	You can't seem to think of any good reason to do that.
You jam the keycard into the buckazoid. No result.	You jam the keycard into the buckazoid. No result.
You peruse the jetpack in search of an orifice to accept the keycard, but find none.	You peruse the jetpack in search of an orifice to accept the keycard, but find none.
You can't imagine why you are putting the keycard on the widget.	You can't imagine why you are putting the keycard on the widget.
Thinking better of it, you decide not touch the plant with a non-tefloid coated surface.	Thinking better of it, you decide not touch the plant with a non-tefloid coated surface.
You wouldn't want to ruin the coupon, thus missing out on the fine bargain it represents.	You wouldn't want to ruin the coupon, thus missing out on the fine bargain it represents.
You join the keycard and cartridge, but nothing happens.	You join the keycard and cartridge, but nothing happens.
The cartridge appears to have no effect on your gadget. Maybe it's just as well.	The cartridge appears to have no effect on your gadget. Maybe it's just as well.
You can't put the cartridge in the kit.	You can't put the cartridge in the kit.
You leave a scratch on the outside of the data cartridge.	You leave a scratch on the outside of the data cartridge.
The outside of the cartridge gets a little wet, but it's probably still okay.	The outside of the cartridge gets a little wet, but it's probably still okay.
The broken glass leaves a slight scratch. Nothing appears to be damaged.	The broken glass leaves a slight scratch. Nothing appears to be damaged.
Careful! You'll damage the information in the cartridge!	Careful! You'll damage the information in the cartridge!
You don't want to touch anything to the orat part.	You don't want to touch anything to the orat part.
Putting the data cartridge on the keys proves singularly unrewarding.	Putting the data cartridge on the keys proves singularly unrewarding.
You realize that putting the cartridge on your money was a pretty dumb idea.	You realize that putting the cartridge on your money was a pretty dumb idea.
You carefully balance the data cartridge on the jet pack. Very interesting! But schtupid!	You carefully balance the data cartridge on the jet pack. Very interesting! But schtupid!
These don't work together.	These don't work together.
You put the cartridge on the widget. Nothing happens.	You put the cartridge on the widget. Nothing happens.
The plant leaves a sticky residue on the data cartridge. Yuchh!	The plant leaves a sticky residue on the data cartridge. Yuchh!
You set the cartridge down on your coupon, and decide that whatever happens, it will make a pretty good paperweight.	You set the cartridge down on your coupon, and decide that whatever happens, it will make a pretty good paperweight.
The gadget does not seem to be designed to read the cartridge.	The gadget does not seem to be designed to read the cartridge.
Touching the keycard with the gadget produces no visible effect.	Touching the keycard with the gadget produces no visible effect.
The gadget won't go into the kit.	The gadget won't go into the kit.
You put the gadget on the knife. Nothing happens.	You put the gadget on the knife. Nothing happens.
You wet the gadget and shine it up a bit, but that probably won't affect its performance.	You wet the gadget and shine it up a bit, but that probably won't affect its performance.
You realize that putting the gadget on the glass was probably a waste of time.	You realize that putting the gadget on the glass was probably a waste of time.
You tap the gadget against the rock. It's not very exciting.	You tap the gadget against the rock. It's not very exciting.
When you touch the gadget to the orat part, it gets some ooky red stuff on it.	When you touch the gadget to the orat part, it gets some ooky red stuff on it.
Now the gadget is on your keys. Isn't this exciting?	Now the gadget is on your keys. Isn't this exciting?
The gadget appears to have no effect on the buckazoids.	The gadget appears to have no effect on the buckazoids.
The gadget doesn't appear to operate the jet pack.	The gadget doesn't appear to operate the jet pack.
The gadget and the widget should probably not be near one another.	The gadget and the widget should probably not be near one another.
When you touch the gadget to the plant, it gets some purple goo on it.	When you touch the gadget to the plant, it gets some purple goo on it.
The gadget and the coupons do not have any sort of meaningful relationship.	The gadget and the coupons do not have any sort of meaningful relationship.
You set the survival kit on the cartridge. After a while, you take it off again.	You set the survival kit on the cartridge. After a while, you take it off again.
Putting the survival kit on the keycard seems particularly pointless.	Putting the survival kit on the keycard seems particularly pointless.
Putting the survival kit on the gadget is probably a waste of time.	Putting the survival kit on the gadget is probably a waste of time.
The knife can now survive well enough without the aid of the survival kit.	The knife can now survive well enough without the aid of the survival kit.
The survival kit cannot help the dehydrated water in any way.	The survival kit cannot help the dehydrated water in any way.
Setting the survival kit on the glass might break it.	Setting the survival kit on the glass might break it.
All attempts to balance the survival kit on the rock end in failure.	All attempts to balance the survival kit on the rock end in failure.
Putting the survival kit on the orat part does not produce the expected results (whatever they were).	Putting the survival kit on the orat part does not produce the expected results (whatever they were).
Setting the survival kit on the skimmer key yields no favorable results.	Setting the survival kit on the skimmer key yields no favorable results.
Nothing happens when you put the kit on your money.	Nothing happens when you put the kit on your money.
They don't work well together	They don't work well together
Putting the survival kit on the widget proves largely fruitless.	Putting the survival kit on the widget proves largely fruitless.
Setting the survival kit on the plant squashes it somewhat.	Setting the survival kit on the plant squashes it somewhat.
You manage to put the survival kit on the coupon, successfully wasting time and effort.	You manage to put the survival kit on the coupon, successfully wasting time and effort.
You make a deep scratch in the cartridge casing. Hopefully, the information is undamaged.	You make a deep scratch in the cartridge casing. Hopefully, the information is undamaged.
You relentlessly stab the keycard with the knife. You feel much better now.	You relentlessly stab the keycard with the knife. You feel much better now.
The knife scratches the gadget, but it will probably still work.	The knife scratches the gadget, but it will probably still work.
You ventilate the kit with the knife.	You ventilate the kit with the knife.
You wouldn't want to puncture the container.	You wouldn't want to puncture the container.
The knife makes a mark on the glass.	The knife makes a mark on the glass.
The knife scratches the rock and leaves little white marks.	The knife scratches the rock and leaves little white marks.
You easily cut a tiny sliver from the orat part, and wonder why you bothered.	You easily cut a tiny sliver from the orat part, and wonder why you bothered.
Why would you want to cut your keys?	Why would you want to cut your keys?
Why would you want to cut your money? Did you think you'd double its value?	Why would you want to cut your money? Did you think you'd double its value?
You scratch your initials into the casing of the jet pack: R W. How satisfying!	You scratch your initials into the casing of the jet pack: R W. How satisfying!
You cut a chunk of metal from the widget. It dulls your knife somewhat.	You cut a chunk of metal from the widget. It dulls your knife somewhat.
You cut a tiny piece from the plant sample. Now your knife has sticky purple goo on it. Blecchhh!	You cut a tiny piece from the plant sample. Now your knife has sticky purple goo on it. Blecchhh!
You decide you'd rather not cut these - they could be worth money.	You decide you'd rather not cut these - they could be worth money.
You decide it's better not to get the cartridge wet.	You decide it's better not to get the cartridge wet.
You spray some water on the keycard. Nothing much happens.	You spray some water on the keycard. Nothing much happens.
A wise man once said: Happiness is a wet gadget.	A wise man once said: Happiness is a wet gadget.
Having gone to the trouble to take the water out of the kit, you decide not to put it back in.	Having gone to the trouble to take the water out of the kit, you decide not to put it back in.
Putting water on your knife might rust the blade.	Putting water on your knife might rust the blade.
You spray a little water on the glass. It shines up real nice.	You spray a little water on the glass. It shines up real nice.
You spray some water on the rock. Now it's wet.	You spray some water on the rock. Now it's wet.
You wash the orat part. It's not one bit less disgusting.	You wash the orat part. It's not one bit less disgusting.
You wonder why you're wasting your time putting water on your keys.	You wonder why you're wasting your time putting water on your keys.
Your money is now slightly soggy.	Your money is now slightly soggy.
I don't think I'd put water on this - you might mess something up.	I don't think I'd put water on this - you might mess something up.
Egad! You've wet your widget!	Egad! You've wet your widget!
It's too late to water this plant. It's dead, Jim.	It's too late to water this plant. It's dead, Jim.
Now your coupons are damp.	Now your coupons are damp.
You scratch your initials on the cartridge. It's somehow satisfying, though meaningless.	You scratch your initials on the cartridge. It's somehow satisfying, though meaningless.
Touching the glass to the keycard produces no visible effect.	Touching the glass to the keycard produces no visible effect.
You tap the glass against the gadget. Tink, tink. If you had three gadgets, you could play a song.	You tap the glass against the gadget. Tink, tink. If you had three gadgets, you could play a song.
The glass won't go into the survival kit.	The glass won't go into the survival kit.
You decide trying to cut a knife with a piece of glass is unintelligent.	You decide trying to cut a knife with a piece of glass is unintelligent.
You wonder why putting the glass on the water seemed like a good idea.	You wonder why putting the glass on the water seemed like a good idea.
Touching the rock with the glass produces no visible effect.	Touching the rock with the glass produces no visible effect.
You manage to slice off a bit of the orat part. it's as repulsive as the rest of it.	You manage to slice off a bit of the orat part. it's as repulsive as the rest of it.
You have no reason to try to cut the key with the glass.	You have no reason to try to cut the key with the glass.
The glass might cut your money.	The glass might cut your money.
The surface of the jetpack is proves unyielding to the ravages of the glass.	The surface of the jetpack is proves unyielding to the ravages of the glass.
The glass will scrape the widget, but you can't imagine why you'd want to.	The glass will scrape the widget, but you can't imagine why you'd want to.
You shave off a piece of the plant with the glass, then wonder why.	You shave off a piece of the plant with the glass, then wonder why.
Cutting the coupons with the glass would render them unredeemable.	Cutting the coupons with the glass would render them unredeemable.
The rock sits quietly on the cartridge and does nothing.	The rock sits quietly on the cartridge and does nothing.
The rock has no effect on the keycard.	The rock has no effect on the keycard.
The rock taps against the gadget with a satisfying `clink.'	The rock taps against the gadget with a satisfying `clink.'
The rock is too big to fit in the kit.	The rock is too big to fit in the kit.
Suddenly poking your knife with a rock seems so childish.	Suddenly poking your knife with a rock seems so childish.
Now you have a wet rock.	Now you have a wet rock.
You don't want to scratch your nice shiny glass, do you?	You don't want to scratch your nice shiny glass, do you?
Seeing the disgusting results, you wonder why you put the rock on the orat part.	Seeing the disgusting results, you wonder why you put the rock on the orat part.
You put the rock on your money. Sure enough, the money doesn't blow away.	You put the rock on your money. Sure enough, the money doesn't blow away.
The rock does not stick to the magnetic widget. You infer the absence of ferrous metal.	The rock does not stick to the magnetic widget. You infer the absence of ferrous metal.
Like everything that touches the plant (including you) the rock comes away gooey.	Like everything that touches the plant (including you) the rock comes away gooey.
When the orat part touches the cartridge it leaves behind a red smear.	When the orat part touches the cartridge it leaves behind a red smear.
You successfully smear orat-gunk all over the keycard.	You successfully smear orat-gunk all over the keycard.
The sticky red orat part leaves a trail of orat bodily fluids on your gadget.	The sticky red orat part leaves a trail of orat bodily fluids on your gadget.
When the orat part touches your survival kit, it leaves a red smear.	When the orat part touches your survival kit, it leaves a red smear.
The red stuff from the orat part is now all over your knife handle.	The red stuff from the orat part is now all over your knife handle.
Wetting the orat part doesn't improve its looks or smell.	Wetting the orat part doesn't improve its looks or smell.
The orat part smears your piece of glass.	The orat part smears your piece of glass.
Now the rock has orat slime on it. Yucchhh!	Now the rock has orat slime on it. Yucchhh!
You'd prefer not to coat something you have to touch with orat slime.	You'd prefer not to coat something you have to touch with orat slime.
When the orat part touches your money, some disgusting red goop rubs off.	When the orat part touches your money, some disgusting red goop rubs off.
You make some neat designs on the jetpack with the orat slime.	You make some neat designs on the jetpack with the orat slime.
The orat part sticks wetly to the widget. It's disgusting!	The orat part sticks wetly to the widget. It's disgusting!
The orat part and the plant get red and purple goop all over each other. It makes you wish you hadn't done that.	The orat part and the plant get red and purple goop all over each other. It makes you wish you hadn't done that.
The skimmer keys do not appear to affect the cartridge.	The skimmer keys do not appear to affect the cartridge.
The keys do not open the gadget.	The keys do not open the gadget.
The kit is not locked, and therefore does not require the use of any keys.	The kit is not locked, and therefore does not require the use of any keys.
You tap the keys on the knife. Nothing much happens.	You tap the keys on the knife. Nothing much happens.
Now you have wet keys. Was that what you wanted?	Now you have wet keys. Was that what you wanted?
The keys make a clinking sound on the glass, and that's about it.	The keys make a clinking sound on the glass, and that's about it.
The keys jingle obligingly against the rock.	The keys jingle obligingly against the rock.
Why would you want to get your keys anywhere near this nasty thing?	Why would you want to get your keys anywhere near this nasty thing?
Putting the skimmer keys on your money was a pretty dumb idea.	Putting the skimmer keys on your money was a pretty dumb idea.
The keys, being brass, do not stick to the magnetic widget.	The keys, being brass, do not stick to the magnetic widget.
The keys touch the plant and come away gooey. What did you expect?	The keys touch the plant and come away gooey. What did you expect?
The cartridge has no need of your money.	The cartridge has no need of your money.
You don't need to buy it - you already have it.	You don't need to buy it - you already have it.
You really don't want to give money to the gadget.	You really don't want to give money to the gadget.
The survival kit won't hold your buckazoids.	The survival kit won't hold your buckazoids.
Why would you want to do that?	Why would you want to do that?
You put the Buckazoids on your water. Now they're wet.	You put the Buckazoids on your water. Now they're wet.
Nothing much happens when you put your money on the glass.	Nothing much happens when you put your money on the glass.
You put your money on the rock. So what?	You put your money on the rock. So what?
You touch your money to the orat part, and you're sorry you did.	You touch your money to the orat part, and you're sorry you did.
You put your money on the keys. Nothing much happens.	You put your money on the keys. Nothing much happens.
The jet pack doesn't need money.	The jet pack doesn't need money.
The widget doesn't need money.	The widget doesn't need money.
You touch your money to the plant. Now it's sticky.	You touch your money to the plant. Now it's sticky.
You don't need to buy a coupon - you already have two of them.	You don't need to buy a coupon - you already have two of them.
Careful! You don't want to damage the data on this cartridge.	Careful! You don't want to damage the data on this cartridge.
The keycard and the jetpack were not designed to integrate.	The keycard and the jetpack were not designed to integrate.
Now the jet pack is on the gadget. Are you waiting for something to happen?	Now the jet pack is on the gadget. Are you waiting for something to happen?
The kit has no effect on the jet pack.	The kit has no effect on the jet pack.
You realize that putting the jet pack on the knife was probably a dumb idea.	You realize that putting the jet pack on the knife was probably a dumb idea.
You wonder why you are putting the jet pack on the water, and decide you must be pretty bored.	You wonder why you are putting the jet pack on the water, and decide you must be pretty bored.
You put the jet pack on the glass. Nothing happens.	You put the jet pack on the glass. Nothing happens.
What made you think the jet pack would have any effect on your money?	What made you think the jet pack would have any effect on your money?
The jetpack attracts the magnetic widget, but you are able to separate them.	The jetpack attracts the magnetic widget, but you are able to separate them.
Naw, keep that gunk off of the jetpack.	Naw, keep that gunk off of the jetpack.
The jet pack appears to have no effect on the coupon.	The jet pack appears to have no effect on the coupon.
You don't want to shoot the grenade. Trust us on this.	You don't want to shoot the grenade. Trust us on this.
Shooting the remote control seems seriously stupid.	Shooting the remote control seems seriously stupid.
Better not shoot this - you might need it.	Better not shoot this - you might need it.
You have no malicious intent toward the cartridge.	You have no malicious intent toward the cartridge.
It's all the money you have. You wouldn't want any harm to come to it.	It's all the money you have. You wouldn't want any harm to come to it.
You really aren't stupid enough to use the gas grenade on the pulse ray.	You really aren't stupid enough to use the gas grenade on the pulse ray.
Even you wouldn't think this is a good idea.	Even you wouldn't think this is a good idea.
You can't imagine the gas grenade having any effect on the Sarien I.D.	You can't imagine the gas grenade having any effect on the Sarien I.D.
The remote control has no effect on the pulse ray.	The remote control has no effect on the pulse ray.
This gas grenade does not appear to be operated by remote control. Try dropping it on someone.	This gas grenade does not appear to be operated by remote control. Try dropping it on someone.
You click the remote control on the I.D. It turns out to be a meaningless action, as you thought it might.	You click the remote control on the I.D. It turns out to be a meaningless action, as you thought it might.
The pulse ray is not impressed by your Sarien I.D.	The pulse ray is not impressed by your Sarien I.D.
You show your I.D. to the gas grenade. It does not respond.	You show your I.D. to the gas grenade. It does not respond.
You show your I.D. to the remote control. Now it thinks your a Sarien, right?	You show your I.D. to the remote control. Now it thinks your a Sarien, right?
You decide not to get the magnetic widget near the data cartridge.	You decide not to get the magnetic widget near the data cartridge.
You don't want to put the magnetic widget next to the keycard.	You don't want to put the magnetic widget next to the keycard.
It would be unwise to put the magnetic widget anywhere near this.	It would be unwise to put the magnetic widget anywhere near this.
The widget won't go into the kit.	The widget won't go into the kit.
The knife, being made of ferrous metal, sticks to the magnetic widget.	The knife, being made of ferrous metal, sticks to the magnetic widget.
Now the widget is wet. It won't make any difference, though.	Now the widget is wet. It won't make any difference, though.
Tapping on the glass with the widget doesn't hold your attention for long.	Tapping on the glass with the widget doesn't hold your attention for long.
Tapping on the rock with the widget proves unrewarding.	Tapping on the rock with the widget proves unrewarding.
The widget touches the orat part and comes away with some sticky red stuff on it.	The widget touches the orat part and comes away with some sticky red stuff on it.
The keys, being made of brass, will not stick to the magnetic widget.	The keys, being made of brass, will not stick to the magnetic widget.
Touching your money with the widget produces no visible effect.	Touching your money with the widget produces no visible effect.
You amuse yourself for a few moments sticking the magnetic widget to the jet pack and pulling it off again. Now, back to the game.	You amuse yourself for a few moments sticking the magnetic widget to the jet pack and pulling it off again. Now, back to the game.
The widget touches the plant and comes away with a bit of sticky residue.	The widget touches the plant and comes away with a bit of sticky residue.
The widget makes a great paperweight for your coupon, but that's about it.	The widget makes a great paperweight for your coupon, but that's about it.
Putting the plant on the cartridge doesn't seem worth the effort somehow.	Putting the plant on the cartridge doesn't seem worth the effort somehow.
Why would you want a sticky keycard?	Why would you want a sticky keycard?
You'll get your gadget all sticky if you do that.	You'll get your gadget all sticky if you do that.
The kit won't hold your plant sample.	The kit won't hold your plant sample.
You ask yourself why you are putting the plant on the knife. Finally you answer honestly, `I don't know.'	You ask yourself why you are putting the plant on the knife. Finally you answer honestly, `I don't know.'
Putting the plant in water won't help it now.	Putting the plant in water won't help it now.
The shiny glass reflects the plant nicely.	The shiny glass reflects the plant nicely.
You put the plant on the rock, but it does not take root.	You put the plant on the rock, but it does not take root.
Now you've got orat bodily fluids all over your plant sample. But then, who can tell?	Now you've got orat bodily fluids all over your plant sample. But then, who can tell?
You can find no valid reason to gunk up the key to your ride.	You can find no valid reason to gunk up the key to your ride.
You touch the plant to your money. Now you have sticky money.	You touch the plant to your money. Now you have sticky money.
You smear the gooey plant all over the jetpack. You have achieved a landmark in mess-making.	You smear the gooey plant all over the jetpack. You have achieved a landmark in mess-making.
Why would you want a sticky widget?	Why would you want a sticky widget?
You now have sticky coupons.	You now have sticky coupons.
Putting the coupons on the cartridge seems like a dumb idea.	Putting the coupons on the cartridge seems like a dumb idea.
You already have the keycard, a discount won't help.	You already have the keycard, a discount won't help.
Touching the gadget with the coupon produces no visible effect.	Touching the gadget with the coupon produces no visible effect.
The coupon has no effect on the kit.	The coupon has no effect on the kit.
You touch the knife with the coupon, but because the knife is closed, nothing much happens.	You touch the knife with the coupon, but because the knife is closed, nothing much happens.
Now you have a soggy coupon.	Now you have a soggy coupon.
You suddenly feel like touching the glass with the coupon might just be a waste of time.	You suddenly feel like touching the glass with the coupon might just be a waste of time.
Putting the coupon on your money does not increase its value one bit.	Putting the coupon on your money does not increase its value one bit.
The coupon sits on the jet pack Nothing further happens.	The coupon sits on the jet pack Nothing further happens.
You touch the coupon to the widget. The results are pretty much what you expected.	You touch the coupon to the widget. The results are pretty much what you expected.
You now have gooey coupons.	You now have gooey coupons.
You hear footsteps.	You hear footsteps.
Failing to notice anyone or anything in the room, the Sarien guards decide to check elsewhere. Way to go, Roger!	Failing to notice anyone or anything in the room, the Sarien guards decide to check elsewhere. Way to go, Roger!
Failing to notice anyone or anything in the room, the guard decides to check elsewhere. Way to go, Roger!	Failing to notice anyone or anything in the room, the guard decides to check elsewhere. Way to go, Roger!
The aliens observe their handiwork briefly before looking for others to process in similiar fashion.	The aliens observe their handiwork briefly before looking for others to process in similiar fashion.
The alien observes his handiwork briefly before looking for others to process in similiar fashion.	The alien observes his handiwork briefly before looking for others to process in similiar fashion.
As you lie on the floor in a smoldering, carbogelatinous heap, you just can't help but wonder why you bothered getting up this morning.	As you lie on the floor in a smoldering, carbogelatinous heap, you just can't help but wonder why you bothered getting up this morning.
Bad news travels fast - especially when it's in the form of a shock wave.	Bad news travels fast - especially when it's in the form of a shock wave.
The explosion was pretty messy. It's a judgment call as to which one critically damaged you first. Was it the concussion? Or, maybe, the fragments of ship that were located more closely to the epicenter than yourself and attempted to escape THROUGH you?	The explosion was pretty messy. It's a judgment call as to which one critically damaged you first. Was it the concussion? Or, maybe, the fragments of ship that were located more closely to the epicenter than yourself and attempted to escape THROUGH you?
Regardless of what got you first, enough molecular relocation (in bulk and in individual units) occurred to forever alter your form and place in the universe.	Regardless of what got you first, enough molecular relocation (in bulk and in individual units) occurred to forever alter your form and place in the universe.
Recompose yourself and let's see if we can't get off this scow more efficiently.	Recompose yourself and let's see if we can't get off this scow more efficiently.
You have %2d:%02d till the Arcada self-destructs.	You have %2d:%02d till the Arcada self-destructs.
You're not going to be able to feel anything from this distance.	You're not going to be able to feel anything from this distance.
`Yodel-Ay-Hee-Hoo!' you call to the distant slopes. There is a slight delay, then a faint voice replies: `For pity's sake, fella - stop torturing that cat!'	`Yodel-Ay-Hee-Hoo!' you call to the distant slopes. There is a slight delay, then a faint voice replies: `For pity's sake, fella - stop torturing that cat!'
The tourist brochures you've seen assure you that the air in YoMammy Park is clear, clean and refreshing. Compared to the atmosphere down here a weak solution of sulphuric acid would be pretty refreshing.	The tourist brochures you've seen assure you that the air in YoMammy Park is clear, clean and refreshing. Compared to the atmosphere down here a weak solution of sulphuric acid would be pretty refreshing.
I wouldn't advise walking around here with your tongue hanging out.	I wouldn't advise walking around here with your tongue hanging out.
It's true, what they say - the air here is thick enough to feel.	It's true, what they say - the air here is thick enough to feel.
You shout into the sky, dislodging a chunk of Keronian atmosphere that narrowly misses your helmet.	You shout into the sky, dislodging a chunk of Keronian atmosphere that narrowly misses your helmet.
Don't lick the air. You're libel to get more than you bargained for.	Don't lick the air. You're libel to get more than you bargained for.
The droid emits a cheerful chirp, but has nothing further to say right now. Fortunately, you bought it as a pilot, not a conversationalist.	The droid emits a cheerful chirp, but has nothing further to say right now. Fortunately, you bought it as a pilot, not a conversationalist.
Although small, the NAV-201 is surprisingly heavy. You don't think you'll be able to lift it.	Although small, the NAV-201 is surprisingly heavy. You don't think you'll be able to lift it.
You wouldn't want to damage your droid. You wasted - I mean spent - much hardly-earned cash on it.	You wouldn't want to damage your droid. You wasted - I mean spent - much hardly-earned cash on it.
There's nothing like the smell of a new used droid.	There's nothing like the smell of a new used droid.
Like many things in your experience, it looks better than it tastes.	Like many things in your experience, it looks better than it tastes.
Yikes! It looks like you hit that force field one too many times. Not only did it burn every follicle of hair from your sleek frame, but your aorta, if you could see it, now resembles the end of a red celery stalk.	Yikes! It looks like you hit that force field one too many times. Not only did it burn every follicle of hair from your sleek frame, but your aorta, if you could see it, now resembles the end of a red celery stalk.
Ouch! That hurt!	Ouch! That hurt!
You are standing next to the protective barrier encircling Ulence Flats. Due to the fact that you are land-based, you are not able to pass.	You are standing next to the protective barrier encircling Ulence Flats. Due to the fact that you are land-based, you are not able to pass.
You can't see that from down here.	You can't see that from down here.
You can't see that from up here.	You can't see that from up here.
You're darned if you can figure out what most of this stuff is for.	You're darned if you can figure out what most of this stuff is for.
What a perfectly useless-looking piece of decoration!	What a perfectly useless-looking piece of decoration!
You are continually astonished by the Sarien decorative scheme.	You are continually astonished by the Sarien decorative scheme.
Interesting.	Interesting.
Hmmm. Another one of those thingies.	Hmmm. Another one of those thingies.
Just another one of those fascinating bits of alien hardware.	Just another one of those fascinating bits of alien hardware.
Boy. These spaceship interior designers must be one strange lot.	Boy. These spaceship interior designers must be one strange lot.
You can't talk to that from down here.	You can't talk to that from down here.
You can't talk to that from up here.	You can't talk to that from up here.
This kind of behavior is likely to get you noticed by the Sariens.	This kind of behavior is likely to get you noticed by the Sariens.
It doesn't talk back.	It doesn't talk back.
If you keep talking to inanimate objects, you're bound to attract attention.	If you keep talking to inanimate objects, you're bound to attract attention.
You begin to get the feeling that talking to things that don't talk back is a serious waste of time.	You begin to get the feeling that talking to things that don't talk back is a serious waste of time.
It looks at you in amazement. What kind animated object would talk to inanimates.	It looks at you in amazement. What kind animated object would talk to inanimates.
You can't do that from down here.	You can't do that from down here.
Never mind that now - you're in a hurry.	Never mind that now - you're in a hurry.
You don't have time to stop and touch all this neat stuff - you've got a galaxy to save.	You don't have time to stop and touch all this neat stuff - you've got a galaxy to save.
You find you must fight the urge to dust and polish everywhere you go.	You find you must fight the urge to dust and polish everywhere you go.
You don't want to leave your fingerprints all over the ship, do you?	You don't want to leave your fingerprints all over the ship, do you?
You can't imagine what you'd do with it.	You can't imagine what you'd do with it.
Try as you might, you can affect no change.	Try as you might, you can affect no change.
You can't smell that from down here.	You can't smell that from down here.
You can't smell that from up here.	You can't smell that from up here.
The whole ship smells like Sariens.	The whole ship smells like Sariens.
You can't smell anything beyond the general smell of Sariens, which is unpleasant. These guys definitely need a change in diet.	You can't smell anything beyond the general smell of Sariens, which is unpleasant. These guys definitely need a change in diet.
An offensive smell permeates the entire ship.	An offensive smell permeates the entire ship.
The Sariens smell so horrible it's hard to smell anything else.	The Sariens smell so horrible it's hard to smell anything else.
You get no clues from the smell.	You get no clues from the smell.
You can't taste that from down here.	You can't taste that from down here.
You can't taste that from up here.	You can't taste that from up here.
Sarien cooties are everywhere.	Sarien cooties are everywhere.
You really don't want to put your mouth on that.	You really don't want to put your mouth on that.
You can't imagine that's going to taste good.	You can't imagine that's going to taste good.
If it smells like Sariens, how good do you suppose it's going to taste?	If it smells like Sariens, how good do you suppose it's going to taste?
Don't put that in your mouth - you don't know where it's been!	Don't put that in your mouth - you don't know where it's been!
You can't use that here.	You can't use that here.
DEBUG *REMOVE* Teleport initialization.	DEBUG *REMOVE* Teleport initialization.
You don't really want to show an Arcada data cartridge to the guys who blew the ship to smithereens.	You don't really want to show an Arcada data cartridge to the guys who blew the ship to smithereens.
He seems satisfied that you're a Sarien, all right.	He seems satisfied that you're a Sarien, all right.
Are you crazy! You haven't got time to talk to this guy. He's too busy doing his talking with his gun.	Are you crazy! You haven't got time to talk to this guy. He's too busy doing his talking with his gun.
You're not close enough to talk to the guard.	You're not close enough to talk to the guard.
It's just another one of those ugly Sarien guards.	It's just another one of those ugly Sarien guards.
You can't do that from here.	You can't do that from here.
You'd better hurry up, Roger! You've got 20 seconds before you're turned into such tiny particles that they couldn't find you with an ion microscope.	You'd better hurry up, Roger! You've got 20 seconds before you're turned into such tiny particles that they couldn't find you with an ion microscope.
A nice slug of water would sure hit the spot right about now.	A nice slug of water would sure hit the spot right about now.
The heat of this place can sure dehydrate a person. You'd better get something to drink pretty darn soon.	The heat of this place can sure dehydrate a person. You'd better get something to drink pretty darn soon.
The bones, though utterly dehydrated, still bear too much mass for the puny likes of you to displace.	The bones, though utterly dehydrated, still bear too much mass for the puny likes of you to displace.
While it might make one heck of a great soup bone, it bears no other appeal to your palate.	While it might make one heck of a great soup bone, it bears no other appeal to your palate.
Your words hitch a ride on the Keronian breeze never to be heard again.	Your words hitch a ride on the Keronian breeze never to be heard again.
These bones have had the smell baked right out of them by centuries of relentless, Keronian sun. Any soft tissue was long ago ingested by the local parasites.	These bones have had the smell baked right out of them by centuries of relentless, Keronian sun. Any soft tissue was long ago ingested by the local parasites.
You already have your allocation of adhesive herbs.	You already have your allocation of adhesive herbs.
You take a whiff of the plant and find it to be a regrettable experience. However, it does have an aroma reminiscent of a smell-a-vision movie production of 'Our Friend The Polymoss Shrub - Nature's Bondo'. You vaguely remember something about it having odd adhesive properties	You take a whiff of the plant and find it to be a regrettable experience. However, it does have an aroma reminiscent of a smell-a-vision movie production of 'Our Friend The Polymoss Shrub - Nature's Bondo'. You vaguely remember something about it having odd adhesive properties
Do that and you'll never utter another stupid syllable in your life. On second thought...	Do that and you'll never utter another stupid syllable in your life. On second thought...
You take a whiff of the plant and find it to be a regrettable experience. However, it does have an aroma reminiscent of a smell-a-vision movie production of 'Our Friend The Polymoss Shrub - Nature's Bondo'. You vaguely remember something about its having some incredible adhesive properties as well.	You take a whiff of the plant and find it to be a regrettable experience. However, it does have an aroma reminiscent of a smell-a-vision movie production of 'Our Friend The Polymoss Shrub - Nature's Bondo'. You vaguely remember something about its having some incredible adhesive properties as well.
You snag a small cluster of leaves from the gooey plant.	You snag a small cluster of leaves from the gooey plant.
That stuff sticks worse than fortnight-old undergarments. It's a good thing your gloves are tefloid-coated.	That stuff sticks worse than fortnight-old undergarments. It's a good thing your gloves are tefloid-coated.
Holy antiperspirant, dehydroman! The searing heat and dryness of this environment sucks the vital fluids from your body. Your mind begins to drift uncontrollably.	Holy antiperspirant, dehydroman! The searing heat and dryness of this environment sucks the vital fluids from your body. Your mind begins to drift uncontrollably.
"Mommy! Is that you? Mommy, how come all the other guys in class get new mops and I don't?"	"Mommy! Is that you? Mommy, how come all the other guys in class get new mops and I don't?"
Mercifully (for all of us), you die before the hallucinations get too hokey. It won't be long before you look like a scaled-down version of the skeletal structure occupying several hectares nearby.	Mercifully (for all of us), you die before the hallucinations get too hokey. It won't be long before you look like a scaled-down version of the skeletal structure occupying several hectares nearby.
Within a few hours, your gaunt corpse will have dried to a crisp, your powdered remains evenly distributed across the parched terrain by a searing gust.	Within a few hours, your gaunt corpse will have dried to a crisp, your powdered remains evenly distributed across the parched terrain by a searing gust.
Mmmmm...That dehydrated water really hit the spot! That should keep you going a bit longer.	Mmmmm...That dehydrated water really hit the spot! That should keep you going a bit longer.
Out of the corner of your eye, you spot an object hurtling from the greenish atmosphere toward the parched surface you currently occupy.	Out of the corner of your eye, you spot an object hurtling from the greenish atmosphere toward the parched surface you currently occupy.
Rats! If the eyes don't deceive, that's a Sarien Spider Droid. They must have detected the escape pod leaving the Arcada. The Spider Droid must have been sent along to settle any unfinished business.	Rats! If the eyes don't deceive, that's a Sarien Spider Droid. They must have detected the escape pod leaving the Arcada. The Spider Droid must have been sent along to settle any unfinished business.
After the jarring impact, small panels open through which legs sprout. You recall reading in an old issue of Space Piston magazine that this droid was designed to seek out organic life forms and self-destruct when close proximity to the target has been achieved.	After the jarring impact, small panels open through which legs sprout. You recall reading in an old issue of Space Piston magazine that this droid was designed to seek out organic life forms and self-destruct when close proximity to the target has been achieved.
How convenient! You've been blown into handy, bite-sized chunks. I guess that Space Piston article wasn't fiction. There's nothing quite like stretching out and enjoying the wide-open spaces.	How convenient! You've been blown into handy, bite-sized chunks. I guess that Space Piston article wasn't fiction. There's nothing quite like stretching out and enjoying the wide-open spaces.
You greet the droid with a pleasant "Hello."	You greet the droid with a pleasant "Hello."
"Say, I've got this annoying itch on the back of my sphere. Do you think you could scratch it for me? I'd be forever grateful." it responds.	"Say, I've got this annoying itch on the back of my sphere. Do you think you could scratch it for me? I'd be forever grateful." it responds.
If you've got a taste for chrome, step on up and give it a try.	If you've got a taste for chrome, step on up and give it a try.
You're not close enough to give it a good whiff if that's what you'd really like to do.	You're not close enough to give it a good whiff if that's what you'd really like to do.
He seems unlikely to be willing to accept a bribe.	He seems unlikely to be willing to accept a bribe.
If you let him eat the data cartridge, this is going to be a real short game.	If you let him eat the data cartridge, this is going to be a real short game.
The good news is: the widget, being magnetic, will stick to the Spider Droid like ugly on an ape. The bad news is: The Spider Droid will have your widget and you won't.	The good news is: the widget, being magnetic, will stick to the Spider Droid like ugly on an ape. The bad news is: The Spider Droid will have your widget and you won't.
Your attempts to translate the Spider Droid's clacking and whirring prove futile.	Your attempts to translate the Spider Droid's clacking and whirring prove futile.
Dropping your survival kit on the Spider Droid might prove hazardous to your survival.	Dropping your survival kit on the Spider Droid might prove hazardous to your survival.
What a great idea! You could get him wet, then wait around for the next fifty years for him to rust out. On second thought, you decide to skip it.	What a great idea! You could get him wet, then wait around for the next fifty years for him to rust out. On second thought, you decide to skip it.
You couldn't even make a scratch on this guy.	You couldn't even make a scratch on this guy.
You attemp to drop the piece of plant down onto the Spider Droid, but it sticks to your fingers. Better try something else.	You attemp to drop the piece of plant down onto the Spider Droid, but it sticks to your fingers. Better try something else.
You find yourself reluctant to part with this dainty souvenir of the plant Kerona.	You find yourself reluctant to part with this dainty souvenir of the plant Kerona.
If it could survive atmospheric entry and the jarring landing, you surely can't upset it.	If it could survive atmospheric entry and the jarring landing, you surely can't upset it.
Chills run down your spin as you realize he has no concept of the word son.	Chills run down your spin as you realize he has no concept of the word son.
You don't even want to begin to imagine what that might be about!	You don't even want to begin to imagine what that might be about!
You wonder when game designers are ever going to stop using that same old, worn out cliche about people killing you after telling you something secret.	You wonder when game designers are ever going to stop using that same old, worn out cliche about people killing you after telling you something secret.
END	END
%s needs an 'at:' method.	%s needs an 'at:' method.
%s theRegion: not defined.	%s theRegion: not defined.
Space Quest Roger Wilco in The Sarien Encounter The First in the Semi-popular Series Version %s The following hard-working, self-sacrificing people, who probably deserve a lot more money for their unreal efforts, made this thing possible:	Space Quest Roger Wilco in The Sarien Encounter The First in the Semi-popular Series Version %s The following hard-working, self-sacrificing people, who probably deserve a lot more money for their unreal efforts, made this thing possible:
THE ARTISTS - Doug Herring, Vasken Nokhoudian, Nate Larsen, Arturo Sinclair, Deena Krutak, Eric Kasner, Desie Hartman, Willis Wong, Jerry Jessurun, Russ Truelove, Jay Friedman, Diana Wilson, Jennifer Shontz, Andy Hoyos, Jane Cardinal, Maurice F. Morgan. MUSIC/SOUND EFFECTS - Ken Allen, Mark Seibert, Orpheus Hanley. SYSTEM DEVELOPMENT - Mark Hood, Chris Smith, Jeff Stephenson, Robert E. Heitman, Pablo Ghenis, Dan Foy, Larry Scott, Mark Wilden, Eric Hart, Chad Bye.	THE ARTISTS - Doug Herring, Vasken Nokhoudian, Nate Larsen, Arturo Sinclair, Deena Krutak, Eric Kasner, Desie Hartman, Willis Wong, Jerry Jessurun, Russ Truelove, Jay Friedman, Diana Wilson, Jennifer Shontz, Andy Hoyos, Jane Cardinal, Maurice F. Morgan. MUSIC/SOUND EFFECTS - Ken Allen, Mark Seibert, Orpheus Hanley. SYSTEM DEVELOPMENT - Mark Hood, Chris Smith, Jeff Stephenson, Robert E. Heitman, Pablo Ghenis, Dan Foy, Larry Scott, Mark Wilden, Eric Hart, Chad Bye.
ADDITIONAL MATERIAL/SPECIAL CONTRIBUTIONS - Bridget McKenna, Gano Haine, Doug Herring, Jerry Shaw. THE NEARLY INCREDIBLE PROGRAMMERS - Jerry Shaw, Randy MacNeil, Dave Jamriska, Hugh Diedrichs, Christopher Carr.	ADDITIONAL MATERIAL/SPECIAL CONTRIBUTIONS - Bridget McKenna, Gano Haine, Doug Herring, Jerry Shaw. THE NEARLY INCREDIBLE PROGRAMMERS - Jerry Shaw, Randy MacNeil, Dave Jamriska, Hugh Diedrichs, Christopher Carr.
This elevator requires a keycard to enter.	This elevator requires a keycard to enter.
The %s looks like any other %s.	The %s looks like any other %s.
You clicked inv item %s on %s.	You clicked inv item %s on %s.
The %s has nothing to say.	The %s has nothing to say.
%ssg.dir	%ssg.dir
New save-game directory:	New save-game directory:
%s is not a valid directory	%s is not a valid directory
You must type a description for the game.	You must type a description for the game.
File: %s	File: %s
Your save game disk is full. You must either use another disk or save over an existing saved game.	Your save game disk is full. You must either use another disk or save over an existing saved game.
That game was saved under a different interpreter. It cannot be restored.	That game was saved under a different interpreter. It cannot be restored.
Please insert your %s disk in drive %s.	Please insert your %s disk in drive %s.
%s [Collection of size %d]	%s [Collection of size %d]
%s [List of size %d]	%s [List of size %d]
%s [Set of size %d]	%s [Set of size %d]
Roger Wilco	Roger Wilco
It's you, Roger Wilco, janitor sub-extraordinaire.	It's you, Roger Wilco, janitor sub-extraordinaire.
This is your brain take-out container.	This is your brain take-out container.
 x.yyy	 x.yyy
Let me out of here!\n(Quit)	Let me out of here!\n(Quit)
I don't know WHAT\nI was thinking.\nLet's Play!	I don't know WHAT\nI was thinking.\nLet's Play!
Of course I'm sure!	Of course I'm sure!
Changed My Mind.\nLet's Play!	Changed My Mind.\nLet's Play!
Who cares	Who cares
Debug	Debug
Select this Icon to close this window.	Select this Icon to close this window.
Select this Icon then select an inventory item you'd like a description of.	Select this Icon then select an inventory item you'd like a description of.
This allows you to do something to an item.	This allows you to do something to an item.
This allows you to select an item.	This allows you to select an item.
Cartridge	Cartridge
It's a cartridge from the Arcada's Data Archive.	It's a cartridge from the Arcada's Data Archive.
This keycard fits an electronic lock someplace on the Arcada.	This keycard fits an electronic lock someplace on the Arcada.
Gadget	Gadget
This is some sort of gadget. You're not sure what it does exactly, but it has a switch.	This is some sort of gadget. You're not sure what it does exactly, but it has a switch.
It's the cone shaped tip of a stalagmite.	It's the cone shaped tip of a stalagmite.
Survival Kit	Survival Kit
A Survival Kit	A Survival Kit
Knife	Knife
It's a Xenon Army knife	It's a Xenon Army knife
Dehydrated Water	Dehydrated Water
The can label says "Pelvitron Dehydrated Water (H2) - All you add is air! Makes 10 gallons! Caution - Do not attempt to open or rupture container! Misuse could result in personal injury and/or flash flooding."	The can label says "Pelvitron Dehydrated Water (H2) - All you add is air! Makes 10 gallons! Caution - Do not attempt to open or rupture container! Misuse could result in personal injury and/or flash flooding."
Broken Glass	Broken Glass
It's that highly reflective piece of broken cockpit glass.	It's that highly reflective piece of broken cockpit glass.
Orat Part	Orat Part
This cute little item is an Orat part - you're not sure what part though.	This cute little item is an Orat part - you're not sure what part though.
Skimmer Key	Skimmer Key
This key operates the skimmer.	This key operates the skimmer.
Keronian Ale	Keronian Ale
Ummm! Keronian Ale!	Ummm! Keronian Ale!
Jetpack	Jetpack
This is a used jetpack. Real used.	This is a used jetpack. Real used.
Pulseray Laser Pistol	Pulseray Laser Pistol
It's a pulseray laser pistol. Remember, this isn't a play toy!	It's a pulseray laser pistol. Remember, this isn't a play toy!
Grenade	Grenade
You have a small innocuous looking grenade.	You have a small innocuous looking grenade.
Remote	Remote
This is a small single function remote control.	This is a small single function remote control.
Widget	Widget
It's a genuine Widget. You're not sure what it does but it's heavy, it looks cool, and it might be magnetic. Please keep this away from the game disks!	It's a genuine Widget. You're not sure what it does but it's heavy, it looks cool, and it might be magnetic. Please keep this away from the game disks!
Plant	Plant
This is simply a piece of sticky, stinking, rotting, plant	This is simply a piece of sticky, stinking, rotting, plant
Bar Coupon	Bar Coupon
Hey kids! This bar coupon is good for 5 bucakzoids and a free Keronian Ale!	Hey kids! This bar coupon is good for 5 bucakzoids and a free Keronian Ale!
Droids-B-Us coupon	Droids-B-Us coupon
This coupon gives you a 20% discount at a Droids-B-Us near you! How helpful! Those suckers have the highest droid prices in this universe.	This coupon gives you a 20% discount at a Droids-B-Us near you! How helpful! Those suckers have the highest droid prices in this universe.
Sarien ID Card	Sarien ID Card
In the pocket of this ugly outfit is a Sarien ID card. The name on the card is Butston Freem. You wonder if this is a common Sarien name (and if it is, you're glad you're not Sarien).	In the pocket of this ugly outfit is a Sarien ID card. The name on the card is Butston Freem. You wonder if this is a common Sarien name (and if it is, you're glad you're not Sarien).
Restore	Restore
Restart	Restart
    Quit    	    Quit    
  Space Quest I - The Sarien Encounter	  Space Quest I - The Sarien Encounter
Enter drive & directory for new response log...	Enter drive & directory for new response log...
newresp.log	newresp.log
Default Response	Default Response
\n(switch theItem (%d	\n(switch theItem (%d
doVerb message:	doVerb message:
This icon is for walking.	This icon is for walking.
This icon is for looking.	This icon is for looking.
This icon is for doing.	This icon is for doing.
This icon is for talking.	This icon is for talking.
This window displays the current inventory item.	This window displays the current inventory item.
This icon brings up the inventory window.	This icon brings up the inventory window.
This icon is for smelling.	This icon is for smelling.
This icon is for tasting.	This icon is for tasting.
This icon brings up the control panel.	This icon brings up the control panel.
This icon tells you about other icons.	This icon tells you about other icons.
Raises and lowers the level of graphics detail.	Raises and lowers the level of graphics detail.
Adjusts sound volume.	Adjusts sound volume.
Adjusts the speed of the your character's animation (within the limits of your computer's capability).	Adjusts the speed of the your character's animation (within the limits of your computer's capability).
Saves your current game.	Saves your current game.
Restores a previously saved game.	Restores a previously saved game.
Restarts the Game.	Restarts the Game.
Exits the game.	Exits the game.
Information about the game.	Information about the game.
Exits this menu.	Exits this menu.
Would you like to skip\nthe introduction or\nwatch the whole thing?	Would you like to skip\nthe introduction or\nwatch the whole thing?
Skip it	Skip it
Watch it	Watch it
Restore a Game	Restore a Game
 1991 Sierra On-Line, Inc.	 1991 Sierra On-Line, Inc.
Thank you for playing Space Quest I. As usual, you've been most entertaining.	Thank you for playing Space Quest I. As usual, you've been most entertaining.
Animators:\n\nDouglas Herring\nVasken Nokhoudian\nNathan Larsen\nArturo Sinclair\nDeena Krutak\nDesie Hartman\nJerry Jessurun\nRussell Truelove\nDiana R. Wilson\n	Animators:\n\nDouglas Herring\nVasken Nokhoudian\nNathan Larsen\nArturo Sinclair\nDeena Krutak\nDesie Hartman\nJerry Jessurun\nRussell Truelove\nDiana R. Wilson\n
Background Artists:\n\nDouglas Herring\nNathan Larsen\nArturo Sinclair\nEric Kasner\nWillis Wong\nJay Allan Friedmann\nJennifer Shontz\nAndy Hoyos\nJane Cardinal\nMaurice F. Morgan\n	Background Artists:\n\nDouglas Herring\nNathan Larsen\nArturo Sinclair\nEric Kasner\nWillis Wong\nJay Allan Friedmann\nJennifer Shontz\nAndy Hoyos\nJane Cardinal\nMaurice F. Morgan\n
Programmers:\n\nJerry Shaw\nRandy MacNeill\nDave Jamriska\nHugh Diedrichs\nChristopher Carr\n	Programmers:\n\nJerry Shaw\nRandy MacNeill\nDave Jamriska\nHugh Diedrichs\nChristopher Carr\n
Music Director:\n\nMark Seibert\n	Music Director:\n\nMark Seibert\n
System Development:\n\nChris Smith\nJeff Stephenson\nRobert E. Heitman\nPablo Ghenis\nDan Foy\nLarry Scott\nJ. Mark Hood\nMark Wilden\nEric Hart\nChad Bye\n	System Development:\n\nChris Smith\nJeff Stephenson\nRobert E. Heitman\nPablo Ghenis\nDan Foy\nLarry Scott\nJ. Mark Hood\nMark Wilden\nEric Hart\nChad Bye\n
Sound Effects:\n\nKen Allen\nMark Seibert\nOrpheus Hanley\n	Sound Effects:\n\nKen Allen\nMark Seibert\nOrpheus Hanley\n
Additional Written Material:\n\nBridget McKenna\nGano Haine\n	Additional Written Material:\n\nBridget McKenna\nGano Haine\n
Space Quest 1 Theme Based on the\nOriginal Composition by Mark Crowe 	Space Quest 1 Theme Based on the\nOriginal Composition by Mark Crowe 
Quality Assurance:\n\nSharon Simmons 	Quality Assurance:\n\nSharon Simmons 
"The Star Generator is in danger! The Arcada is under attack! You'd better get off this scow if you value your life, Wilco."	"The Star Generator is in danger! The Arcada is under attack! You'd better get off this scow if you value your life, Wilco."
Black Holes	Black Holes
Stars	Stars
Magnetic Fields	Magnetic Fields
Van Allen Belts	Van Allen Belts
Astral Bodies	Astral Bodies
Quasars	Quasars
Binary Systems	Binary Systems
Orbits	Orbits
Galaxies	Galaxies
Solar Flares	Solar Flares
Moons	Moons
Plantary Formations	Plantary Formations
Constellations	Constellations
Quadrants	Quadrants
Asteroids	Asteroids
Pulsars	Pulsars
Gravity	Gravity
Meteors	Meteors
Solar Systems	Solar Systems
Warp Fields	Warp Fields
The old scientist doesn't appear healthy. In fact, his small intestine is about to unwind onto the floor.	The old scientist doesn't appear healthy. In fact, his small intestine is about to unwind onto the floor.
electric door	electric door
This is a door. Perhaps it leads elsewhere.	This is a door. Perhaps it leads elsewhere.
It's an automatic door.	It's an automatic door.
These panel lights are here just for decoration and don't actually have anything to do with the Data Archive Unit.	These panel lights are here just for decoration and don't actually have anything to do with the Data Archive Unit.
These lights have something to do with the Data Archive Unit, though you don't really know what. They do seem to indicate that the unit is still operational.	These lights have something to do with the Data Archive Unit, though you don't really know what. They do seem to indicate that the unit is still operational.
data retrieval droid	data retrieval droid
data retrieval droid lookStr	data retrieval droid lookStr
holding a cartridge	holding a cartridge
Data retreval console	Data retreval console
This is the operation console of the Data Archive Unit. There is a CRT and chair.	This is the operation console of the Data Archive Unit. There is a CRT and chair.
Computer	Computer
data cartridges	data cartridges
The data cartridges are stored in these secure storage modules.	The data cartridges are stored in these secure storage modules.
main computer	main computer
This is where the sophisticated electronics for the complete Data Archive System are housed.	This is where the sophisticated electronics for the complete Data Archive System are housed.
These things hanging from the ceiling, which look like blowfish-on-a-rope, are actually lighting fixtures for the operation console.	These things hanging from the ceiling, which look like blowfish-on-a-rope, are actually lighting fixtures for the operation console.
Through the metallic lattice you glimpse still another hallway below.	Through the metallic lattice you glimpse still another hallway below.
That's not possible. It's so dark that you couldn't find your own navel lint. Surely you MUST remember that this was the criteria by which you came to choose this location for your nap... er... work station.	That's not possible. It's so dark that you couldn't find your own navel lint. Surely you MUST remember that this was the criteria by which you came to choose this location for your nap... er... work station.
elevator light	elevator light
You aren't on that level.	You aren't on that level.
elevator door	elevator door
warning light	warning light
panicking droid	panicking droid
A somewhat spastic research droid blows by in a tizz. Perhaps you could provide some relaxation therapy instruction to reduce its level of tension.	A somewhat spastic research droid blows by in a tizz. Perhaps you could provide some relaxation therapy instruction to reduce its level of tension.
This is another hallway aboard the Arcada. There is an elevator door nearby.	This is another hallway aboard the Arcada. There is an elevator door nearby.
a keycard.	a keycard.
nothing.	nothing.
Jerry	Jerry
It's all that remains of Jerry, one of the few technodudes aboard who sometimes tolerated your company. Your low clearance excluded you from visiting him during the performance of his duties in the elegant lower level airlock of the Arcada.	It's all that remains of Jerry, one of the few technodudes aboard who sometimes tolerated your company. Your low clearance excluded you from visiting him during the performance of his duties in the elegant lower level airlock of the Arcada.
alert sign	alert sign
Gee! The sign seems to be flashing. Could it be a warning of some kind? Who knows? You're always slower than normal after a nap.	Gee! The sign seems to be flashing. Could it be a warning of some kind? Who knows? You're always slower than normal after a nap.
These appear to be doors to an elevator.	These appear to be doors to an elevator.
More hallway extends through the Arcada. There is an elevator door nearby.	More hallway extends through the Arcada. There is an elevator door nearby.
David	David
A cursory glance indicates that Dave, a lab technician, is dead. Normally you wouldn't be able to tell, except that his intestines are hanging out of the scorched opening where his abdominal wall used to be. You remember that he was forced to serve in the Xenon National Guard (but he wasn't bitter).	A cursory glance indicates that Dave, a lab technician, is dead. Normally you wouldn't be able to tell, except that his intestines are hanging out of the scorched opening where his abdominal wall used to be. You remember that he was forced to serve in the Xenon National Guard (but he wasn't bitter).
Blanche	Blanche
This is one of the head research scientists, Blanche. You wanted to get to know her a little better. However, seeing her ruptured chest wall reveals more about her than you were hoping to learn.	This is one of the head research scientists, Blanche. You wanted to get to know her a little better. However, seeing her ruptured chest wall reveals more about her than you were hoping to learn.
An arrow in the elevator light assembly points up.	An arrow in the elevator light assembly points up.
alert light	alert light
In case you're trying to play this as a text adventure, the sign says 'RED ALERT' and it's flashing.	In case you're trying to play this as a text adventure, the sign says 'RED ALERT' and it's flashing.
This is an elevator to one of the other levels of the Arcada.	This is an elevator to one of the other levels of the Arcada.
A fairly spazzed-out droid is on the loose in your immediate proprioceptic area.	A fairly spazzed-out droid is on the loose in your immediate proprioceptic area.
This is the door to the top secret Star Generator Lab. It's been forcibly ventilated!	This is the door to the top secret Star Generator Lab. It's been forcibly ventilated!
This is the Star Generator Development Laboratory. Due to your incredibly low security clearance, you have never had access to this room. What a mess! Wreckage clutters the middle of the floor. A pair of lab workers have been blasted from the roster of the living. You're glad somebody else has to clean this up!	This is the Star Generator Development Laboratory. Due to your incredibly low security clearance, you have never had access to this room. What a mess! Wreckage clutters the middle of the floor. A pair of lab workers have been blasted from the roster of the living. You're glad somebody else has to clean this up!
Randy	Randy
The lifeless body of Randy, one of the lab technicians, lies sprawled at your feet. Those laser blasts are nasty. Why, you can't distinguish one exposed organ from another.	The lifeless body of Randy, one of the lab technicians, lies sprawled at your feet. Those laser blasts are nasty. Why, you can't distinguish one exposed organ from another.
Yet another crewman's motionless body reduces the shine of the floor wax. Hugh doesn't look too neat and clean with his lungs hanging out like that.	Yet another crewman's motionless body reduces the shine of the floor wax. Hugh doesn't look too neat and clean with his lungs hanging out like that.
You find a small but heavy device affixed to the base of the Star Generator platform. It appears to be magnetic. That must be how the aliens upset the force field protecting the unit!	You find a small but heavy device affixed to the base of the Star Generator platform. It appears to be magnetic. That must be how the aliens upset the force field protecting the unit!
upper support	upper support
This is the upper support for the Star Generator when it is affixed to the pedestal.	This is the upper support for the Star Generator when it is affixed to the pedestal.
The base of the Star Generator research pedestal has apparently been trashed by the vandals who stole the Generator.	The base of the Star Generator research pedestal has apparently been trashed by the vandals who stole the Generator.
Now you know why you didn't have clearance for this place. You don't understand what most of this crap does. This thing looks like a giant speaker for the cosmos.	Now you know why you didn't have clearance for this place. You don't understand what most of this crap does. This thing looks like a giant speaker for the cosmos.
This thing looks like it came off the front end of an old Studebaker (or maybe the Batmobile). Anyway, it appears non-functional at this time. It was probably damaged in the heist.	This thing looks like it came off the front end of an old Studebaker (or maybe the Batmobile). Anyway, it appears non-functional at this time. It was probably damaged in the heist.
The glass globe atop the console is inactive at this time. The mess of wiring inside reminds you of how your hair looks after a nap.	The glass globe atop the console is inactive at this time. The mess of wiring inside reminds you of how your hair looks after a nap.
You are standing on the research platform where the Star Generator is... was mounted for testing.	You are standing on the research platform where the Star Generator is... was mounted for testing.
This is a star chart. It was used for locating candidates to test the Star Generator on once the bulk of the development process was completed.	This is a star chart. It was used for locating candidates to test the Star Generator on once the bulk of the development process was completed.
This is a section of one of the lower levels of Arcada.	This is a section of one of the lower levels of Arcada.
This elevator must go up.	This elevator must go up.
This is one way to change your altitude.	This is one way to change your altitude.
This monitor gives a readout about the ship's status. Only the lab scientist really knows... er... knew exactly what it monitored.	This monitor gives a readout about the ship's status. Only the lab scientist really knows... er... knew exactly what it monitored.
A pair of viewing ports protrude from the materials testing device.	A pair of viewing ports protrude from the materials testing device.
Pipes whose purpose is known only to the architect wrap around the upper back of the room.	Pipes whose purpose is known only to the architect wrap around the upper back of the room.
A designer conduit system runs through here. It carries the ventilation ducting as well as different type of wiring.	A designer conduit system runs through here. It carries the ventilation ducting as well as different type of wiring.
thing in foreground	thing in foreground
It appears to be some sort of wiring harness. You never cared much for electrical hardware.	It appears to be some sort of wiring harness. You never cared much for electrical hardware.
round thing	round thing
Who knows what this is.	Who knows what this is.
mouse thing	mouse thing
This interesting device was used to test materials early in the project.	This interesting device was used to test materials early in the project.
This place looks like a monument to Soviet computer hardware miniaturization. At one time, it served as a development facility for the Star Generator. But that was in the early phase of the project.	This place looks like a monument to Soviet computer hardware miniaturization. At one time, it served as a development facility for the Star Generator. But that was in the early phase of the project.
A relatively nearby star blazes.	A relatively nearby star blazes.
On the screen is some green dude you've never seen the likes of. He seems to be talking, but the audio is out in this area of the ship.	On the screen is some green dude you've never seen the likes of. He seems to be talking, but the audio is out in this area of the ship.
These guys look scary. But then, don't most other beings packing weapons?	These guys look scary. But then, don't most other beings packing weapons?
The architects must have been low on oxygen when they came up with the design scheme for this compartment. It's a giant tribute to an ancient, but still functional, control device.	The architects must have been low on oxygen when they came up with the design scheme for this compartment. It's a giant tribute to an ancient, but still functional, control device.
Here, we have a nice chunk of floor space dedicated to a cursor control device named after an annoying rodent. What were they thinking?	Here, we have a nice chunk of floor space dedicated to a cursor control device named after an annoying rodent. What were they thinking?
The view screens offer a glimpse of the surroundings from outboard cameras. They came in handy during the testing phase of the Star Generator.	The view screens offer a glimpse of the surroundings from outboard cameras. They came in handy during the testing phase of the Star Generator.
Big, phony wiring from the giant control devices attempts to complete the decorative effect.	Big, phony wiring from the giant control devices attempts to complete the decorative effect.
This keyboard was used in the development of the Star Generator. It has since been placed here to be out of the way. It has no function.	This keyboard was used in the development of the Star Generator. It has since been placed here to be out of the way. It has no function.
You're at the east end of one of the development labs. Another elevator is available here.	You're at the east end of one of the development labs. Another elevator is available here.
This is yet another in a long line of elevators in this game.. er.. ship.	This is yet another in a long line of elevators in this game.. er.. ship.
This light indicates that the elevator goes down and, when lit, its presence at this floor.	This light indicates that the elevator goes down and, when lit, its presence at this floor.
bay door	bay door
open exposing the vast reaches of space	open exposing the vast reaches of space
button pad	button pad
This is the button pad for the bay doors below. The controls are located up here to minimize the chance of someone doing something stupid, such as pressing 'OPEN' while in the pod bay when wearing no pressure suit. YOU should be glad.	This is the button pad for the bay doors below. The controls are located up here to minimize the chance of someone doing something stupid, such as pressing 'OPEN' while in the pod bay when wearing no pressure suit. YOU should be glad.
The button is depressed. Aren't we all?	The button is depressed. Aren't we all?
You always meant to ask one of the technicians what this thing is. However, you procrastinated a bit too long in this case. It's either an ocean-in-a-bottle or a model of your stomach as the deadline draws near.	You always meant to ask one of the technicians what this thing is. However, you procrastinated a bit too long in this case. It's either an ocean-in-a-bottle or a model of your stomach as the deadline draws near.
This is a keycard slot. Your bottom-of-the-foodchain-type clearance has always prevented you from attaining a keycard for this area, thus precluding your access to it without an escort. Good luck finding one now!	This is a keycard slot. Your bottom-of-the-foodchain-type clearance has always prevented you from attaining a keycard for this area, thus precluding your access to it without an escort. Good luck finding one now!
This button opens the bay doors below.	This button opens the bay doors below.
This button closes the bay doors below.	This button closes the bay doors below.
This is a remote monitoring panel for some of the ship's systems. Attempts to understand their purpose always made your brain hurt, but you do know that glowing red isn't good. Especially since some of the stuff is connected to the reactor cooling system.	This is a remote monitoring panel for some of the ship's systems. Attempts to understand their purpose always made your brain hurt, but you do know that glowing red isn't good. Especially since some of the stuff is connected to the reactor cooling system.
These buttons are locked in position. It's probably just as well. You might live longer due to having no clue as to their purpose.	These buttons are locked in position. It's probably just as well. You might live longer due to having no clue as to their purpose.
This looks like something out of a Boris Karloid movie.	This looks like something out of a Boris Karloid movie.
This is the steel stand for the odd globe.	This is the steel stand for the odd globe.
More pipes run around the upper perimeter of this area.	More pipes run around the upper perimeter of this area.
This is the airlock of the Arcada.	This is the airlock of the Arcada.
space suit	space suit
A space suit hangs in the closet. It won't be used by anyone else on the ship anymore.	A space suit hangs in the closet. It won't be used by anyone else on the ship anymore.
It's a fish bowl - no, it's a space suit helmet!.	It's a fish bowl - no, it's a space suit helmet!.
elevator light.	elevator light.
This elevator indicator points up.	This elevator indicator points up.
big door.	big door.
These large red doors serve as the airlock entrance which empties out to the pod bay.	These large red doors serve as the airlock entrance which empties out to the pod bay.
A small drawer is located just beneath a button.	A small drawer is located just beneath a button.
closet door	closet door
The image on the closet door looks familiar, but you can't quite place it.	The image on the closet door looks familiar, but you can't quite place it.
Flashing lights adorn this strange yet familiar-looking console.	Flashing lights adorn this strange yet familiar-looking console.
It doesn't do anything but it sure looks cool.	It doesn't do anything but it sure looks cool.
This is another elevator door. This one goes up.	This is another elevator door. This one goes up.
The control panel has many confusing gauges on it. The only one you can read says "CAUTION: LAUNCH BAY DECOMPRESSED!"	The control panel has many confusing gauges on it. The only one you can read says "CAUTION: LAUNCH BAY DECOMPRESSED!"
There is a button above the rectangular object below.	There is a button above the rectangular object below.
This button might have some function involving the adjacent doors.	This button might have some function involving the adjacent doors.
You notice a drawer and a button.	You notice a drawer and a button.
This is the cavernous Vehicle Bay. An escape pod rests on launch rails at the end of the platform. Bay doors at the end of the rails allow access to the emptiness beyond.	This is the cavernous Vehicle Bay. An escape pod rests on launch rails at the end of the platform. Bay doors at the end of the rails allow access to the emptiness beyond.
bay doors	bay doors
The massive bay doors are tightly sealed.	The massive bay doors are tightly sealed.
open wide leaving nothing but millions of kilometers of empty space between you and the very stars themselves	open wide leaving nothing but millions of kilometers of empty space between you and the very stars themselves
tightly sealed	tightly sealed
pod door	pod door
This is one of the Arcada's escape pods. You vaguely remember receiving some orientation on these when you joined the crew. Unfortunately, you were deep into research on sleeping with your eyes open and, hence, don't remember much.	This is one of the Arcada's escape pods. You vaguely remember receiving some orientation on these when you joined the crew. Unfortunately, you were deep into research on sleeping with your eyes open and, hence, don't remember much.
These powerful Pyron Weezpump drives propel the pod.	These powerful Pyron Weezpump drives propel the pod.
Even though we all know that the empty atmosphere of space would not permit this twinkling effect, you have to admit it looks nice.	Even though we all know that the empty atmosphere of space would not permit this twinkling effect, you have to admit it looks nice.
Through the cabin window you can see an array of displays and controls inside the pod.	Through the cabin window you can see an array of displays and controls inside the pod.
Beyond the yawning doors lies the serenity of deep space.	Beyond the yawning doors lies the serenity of deep space.
There's that butt-ugly green guy again. Of all the systems destroyed thus far, you wish the teleview would have been one of them.	There's that butt-ugly green guy again. Of all the systems destroyed thus far, you wish the teleview would have been one of them.
A giant, silver, pill-shaped pod sits poised to fire, much like a bullet in the chamber of an ancient pistol.	A giant, silver, pill-shaped pod sits poised to fire, much like a bullet in the chamber of an ancient pistol.
The inside of the Arcada's escape pod is not exactly packed with luxurious appointments. However, when it comes to saving one's posterior, the pod's as good as a Rolls.	The inside of the Arcada's escape pod is not exactly packed with luxurious appointments. However, when it comes to saving one's posterior, the pod's as good as a Rolls.
This lever causes forward propulsion of the pod when powered-up.	This lever causes forward propulsion of the pod when powered-up.
Roger	Roger
There doesn't seem to be enough room.	There doesn't seem to be enough room.
seat belt	seat belt
The seatbelt is dummy-tested, which ought to suit you just fine.	The seatbelt is dummy-tested, which ought to suit you just fine.
Dials	Dials
Dials galore populate the instrument console of the pod cabin.	Dials galore populate the instrument console of the pod cabin.
This is the pod's instrument console. Dials, gauges, and a couple of controls fill out the board.	This is the pod's instrument console. Dials, gauges, and a couple of controls fill out the board.
Chair	Chair
This is the lucky escapee's seat.	This is the lucky escapee's seat.
Window	Window
This is a button pad.	This is a button pad.
deltaur arms	deltaur arms
don't need this	don't need this
survival kit	survival kit
The survival kit contains the basics for deep space survival.	The survival kit contains the basics for deep space survival.
don't need one.	don't need one.
This is radar for the Autonav system.	This is radar for the Autonav system.
This is your arm.	This is your arm.
This is your head. This is your head in a fishbowl.	This is your head. This is your head in a fishbowl.
Stars glow from afar.	Stars glow from afar.
Arcada	Arcada
It's your former ship, the Arcada.	It's your former ship, the Arcada.
Deltaur	Deltaur
Deltaur lookStr	Deltaur lookStr
escape pod	escape pod
This is the escape pod. It is currently occupied by you.	This is the escape pod. It is currently occupied by you.
Autonav button	Autonav button
This is the Autonav button. When operative it allows the pod to navigate to the closest habitable planet.	This is the Autonav button. When operative it allows the pod to navigate to the closest habitable planet.
power button	power button
Choose the appropriate button.	Choose the appropriate button.
This lever causes forward propulsion of the pod when powered-up and in space.	This lever causes forward propulsion of the pod when powered-up and in space.
Dials galore populate the instrument console of the pod cabin. Too bad none of them work anymore.	Dials galore populate the instrument console of the pod cabin. Too bad none of them work anymore.
 Too bad none of them work anymore.	 Too bad none of them work anymore.
 It might have been dampened slightly by that landing.	 It might have been dampened slightly by that landing.
On this button pad are the AUTONAV, POWER, and DON'T TOUCH buttons.	On this button pad are the AUTONAV, POWER, and DON'T TOUCH buttons.
Kerona	Kerona
should be hands-off	should be hands-off
Mountains generously dappled with spires of unknown formational origin loom at your visual terminus.	Mountains generously dappled with spires of unknown formational origin loom at your visual terminus.
Simple radar.	Simple radar.
star 1	star 1
star 2	star 2
don't need	don't need
The spent drives of the pod vent fumes after the long escape from the Arcada.	The spent drives of the pod vent fumes after the long escape from the Arcada.
This is the escape pod's hatch.	This is the escape pod's hatch.
 Its service life has expired as a result of the rugged touch-down.	 Its service life has expired as a result of the rugged touch-down.
In the distance stand the skeletal remains of of a massive beast of some type, the likes of which you never saw on Xenon. You hope it's a one of a kind relic.	In the distance stand the skeletal remains of of a massive beast of some type, the likes of which you never saw on Xenon. You hope it's a one of a kind relic.
You are at the northwest boundary of a massive skeletal structure. Sand stretches out in all other directions.	You are at the northwest boundary of a massive skeletal structure. Sand stretches out in all other directions.
This is the north-central boundary of a massive skeletal structure surrounded by arid terra not-so-firma.	This is the north-central boundary of a massive skeletal structure surrounded by arid terra not-so-firma.
This is the northeast corner of the boneyard. Bones and sand dominate the scenery. At the east end of the vertebral path are two extremely pointed spurs of broken rib.	This is the northeast corner of the boneyard. Bones and sand dominate the scenery. At the east end of the vertebral path are two extremely pointed spurs of broken rib.
shiny thingy	shiny thingy
It looks interesting. Although hard to tell from where you are standing, it may be a sign. If you got closer, maybe you could read it.	It looks interesting. Although hard to tell from where you are standing, it may be a sign. If you got closer, maybe you could read it.
Were you a proctologist, you might know what these oddly shaped bones are called. To you, though, they're just bones.	Were you a proctologist, you might know what these oddly shaped bones are called. To you, though, they're just bones.
exit hole	exit hole
5ae"5?e$2"	5ae"5?e$2"
This appears to be the thoracic area of the spinal column of this meatless beast. Other than an obviously defective vertebra, you've got more sand and crud.	This appears to be the thoracic area of the spinal column of this meatless beast. Other than an obviously defective vertebra, you've got more sand and crud.
bone bridge	bone bridge
This genetically defective vertebra looks like it would be intolerant to much load bearing.	This genetically defective vertebra looks like it would be intolerant to much load bearing.
What started out at one time as mere hairline fractures are now clearly cracks in the imperfect vertebral module.	What started out at one time as mere hairline fractures are now clearly cracks in the imperfect vertebral module.
strange plant pod	strange plant pod
A section of vertebra, near where the head used to be attached, extends north and south. To the east is the ominous-looking skull.	A section of vertebra, near where the head used to be attached, extends north and south. To the east is the ominous-looking skull.
No doubt about it. Those are some serious teeth. It could've used a little dental work - maybe some braces even. It's just a good thing you never had the opportunity to be on the business end of these things when it was still a living being.	No doubt about it. Those are some serious teeth. It could've used a little dental work - maybe some braces even. It's just a good thing you never had the opportunity to be on the business end of these things when it was still a living being.
This must be the skull previously attached to the rest of the mammoth bones partially assembled here.	This must be the skull previously attached to the rest of the mammoth bones partially assembled here.
This looks like it might have been a minimally developed, manipulative appendage for the fallen and fossilized beast.	This looks like it might have been a minimally developed, manipulative appendage for the fallen and fossilized beast.
This is just south of the gigundasaurus remains. Ligament jerky-deep in the joints is all that holds some of these incredibly huge skeletal components together.	This is just south of the gigundasaurus remains. Ligament jerky-deep in the joints is all that holds some of these incredibly huge skeletal components together.
The sand of Kerona has a reddish-orange color to it. Were you a geologist instead of a janitor, you might find this fact interesting.	The sand of Kerona has a reddish-orange color to it. Were you a geologist instead of a janitor, you might find this fact interesting.
The cervical portion of the spinal column takes a dive into the sand right about here.	The cervical portion of the spinal column takes a dive into the sand right about here.
neck bone	neck bone
Cervical vertebrae taper off and appear to vanish gradually into the sand.	Cervical vertebrae taper off and appear to vanish gradually into the sand.
These foreclaws were once razor-sharp, but the forces of the elements have reduced them to over-sized blunt toe nails. It's a good thing you didn't come here in an earlier time. These things would have torn you a new one.	These foreclaws were once razor-sharp, but the forces of the elements have reduced them to over-sized blunt toe nails. It's a good thing you didn't come here in an earlier time. These things would have torn you a new one.
Orat is huge and ugly. Of course, your opinion may differ depending on what part of the universe you come from. You also get the impression that he might be quite mean.	Orat is huge and ugly. Of course, your opinion may differ depending on what part of the universe you come from. You also get the impression that he might be quite mean.
part of the orat	part of the orat
This gleaming chunk of Orat's anatomy is the only visible proof that Orat ever existed. After that explosion, it's amazing there's that much left.	This gleaming chunk of Orat's anatomy is the only visible proof that Orat ever existed. After that explosion, it's amazing there's that much left.
The orbs in this gigantic skull offer the only passageways for light into this gloomy place.	The orbs in this gigantic skull offer the only passageways for light into this gloomy place.
far wall	far wall
near wall	near wall
pile of skulls	pile of skulls
A pile of skulls lie here sucked clean by Orat, or was a result of them writing too many adventure games.	A pile of skulls lie here sucked clean by Orat, or was a result of them writing too many adventure games.
big rock	big rock
That rock is almost as big as you.	That rock is almost as big as you.
small rock	small rock
That rock is too small to hide behind but too large to lift.	That rock is too small to hide behind but too large to lift.
cave floor	cave floor
The cave floor is littered with the usual stuff a cave would be littered with. Some sand, some rock, %s	The cave floor is littered with the usual stuff a cave would be littered with. Some sand, some rock, %s
and that's about it. Oh, Yeah. There's also an Orat part.	and that's about it. Oh, Yeah. There's also an Orat part.
none of it useful, though.	none of it useful, though.
This is one end of what appears to be a large cavern. The only way to go is to the left.	This is one end of what appears to be a large cavern. The only way to go is to the left.
chunk of sticky stuff	chunk of sticky stuff
stalagmite chunk	stalagmite chunk
The stalagmite itself has no smell. However, something adhering to the stalagmite does seem to generate a maggot-gagging aroma.	The stalagmite itself has no smell. However, something adhering to the stalagmite does seem to generate a maggot-gagging aroma.
Hhhaaaachhhh!!! Now why did you have to go and lick the end of that thing! That was terrible! Didn't you get a clue from the nose message?	Hhhaaaachhhh!!! Now why did you have to go and lick the end of that thing! That was terrible! Didn't you get a clue from the nose message?
Skillfully maneuvering your tongue along the stalagmite removes the surface-coating of grit and, in turn, transforms your tastebuds into the organic equivalent of double-aught sandpaper.	Skillfully maneuvering your tongue along the stalagmite removes the surface-coating of grit and, in turn, transforms your tastebuds into the organic equivalent of double-aught sandpaper.
shattered rock formation	shattered rock formation
It looks like your standard, run-of-the-mill pneumatic transport. This particular model only goes down, however. And it's not a pleasant ride.	It looks like your standard, run-of-the-mill pneumatic transport. This particular model only goes down, however. And it's not a pleasant ride.
pneumatic transport	pneumatic transport
It looks like your standard run-of-the-mill pneumatic transport. This particular model only descends, however. And it's not a pleasant ride.	It looks like your standard run-of-the-mill pneumatic transport. This particular model only descends, however. And it's not a pleasant ride.
some stalagmites	some stalagmites
Stalactites	Stalactites
loose gravel	loose gravel
This is another large chamber in the underground complex. Paths run along the top and bottom ledges.	This is another large chamber in the underground complex. Paths run along the top and bottom ledges.
sticky plant thing	sticky plant thing
A piece of sticky plant is stuck to the floor.	A piece of sticky plant is stuck to the floor.
grate monster 1	grate monster 1
grate monster 2	grate monster 2
tentacle 1	tentacle 1
Hey, this puppy has some keen-looking tentacles.	Hey, this puppy has some keen-looking tentacles.
tentacle 2	tentacle 2
creature eyestalk	creature eyestalk
It's got the cutest little grey eye you've ever seen.	It's got the cutest little grey eye you've ever seen.
upper ledge	upper ledge
front of grate area	front of grate area
grate on floor	grate on floor
vv9 93E\n\n:H	vv9 93E\n\n:H
a spacesuit helmet	a spacesuit helmet
acid pool	acid pool
acid Pool	acid Pool
a small drop of green liquid	a small drop of green liquid
You are in left-most room of this cavern. Standing sentinel at the juncture of the lower and upper pathways are two odd-looking units obviously placed there on purpose. %s.	You are in left-most room of this cavern. Standing sentinel at the juncture of the lower and upper pathways are two odd-looking units obviously placed there on purpose. %s.
They are no longer in operation thanks to you.	They are no longer in operation thanks to you.
Something is being emitted by the devices.	Something is being emitted by the devices.
laser thing1	laser thing1
There are two metal units here which %s emitting beams of energy.	There are two metal units here which %s emitting beams of energy.
are no longer	are no longer
appear to be	appear to be
laser thing2	laser thing2
holodude look string	holodude look string
vc\n"0.	vc\n"0.
This place is most interesting, indeed. A mixture of both old and new technologies makes you wonder about its origin. Or at least about its tech support. On one side of the chamber is a primitive steam generator. Its pistons, pounding rhythmically, turn steam into useful energy. On the other side is what appears to be a computer console.	This place is most interesting, indeed. A mixture of both old and new technologies makes you wonder about its origin. Or at least about its tech support. On one side of the chamber is a primitive steam generator. Its pistons, pounding rhythmically, turn steam into useful energy. On the other side is what appears to be a computer console.
There's an upper level, with a balcony and a dark doorway. You can't see much beyond that.	There's an upper level, with a balcony and a dark doorway. You can't see much beyond that.
computer console	computer console
A computer console, a bit archaic by the standards of the Arcada, occupies the upper right corner of the room. You notice that it has a cartridge reader, much like the one you remember seeing on the Arcada's computer (except that this one hasn't been blown to smithereens).	A computer console, a bit archaic by the standards of the Arcada, occupies the upper right corner of the room. You notice that it has a cartridge reader, much like the one you remember seeing on the Arcada's computer (except that this one hasn't been blown to smithereens).
This must be the chair you sit in to operate the computer.	This must be the chair you sit in to operate the computer.
There seems to be a portal through which the skimmer may exit and enter. It must lead to the surface.	There seems to be a portal through which the skimmer may exit and enter. It must lead to the surface.
computer pipes	computer pipes
From the looks of these pipes, even the computer is powered by steam!	From the looks of these pipes, even the computer is powered by steam!
What appear to be skylights made from gigantic oysters filter the intense Keronian sunlight down to these lower levels.	What appear to be skylights made from gigantic oysters filter the intense Keronian sunlight down to these lower levels.
skimmer platform	skimmer platform
The platform under the skimmer looks like it was put together from old steam generator parts.	The platform under the skimmer looks like it was put together from old steam generator parts.
The steam generator is a fascinating device in constant motion. It looks like it was assembled following a field trip to the junkyard, but everything appears to be in working order.	The steam generator is a fascinating device in constant motion. It looks like it was assembled following a field trip to the junkyard, but everything appears to be in working order.
steam vents	steam vents
Every few seconds, steam escapes from the vents to let off excess pressure.	Every few seconds, steam escapes from the vents to let off excess pressure.
big pipes	big pipes
Large metal cylinders form supports for the upper level.	Large metal cylinders form supports for the upper level.
small pipes	small pipes
These pipes are probably part of a larger network that carries steam to power various Keronian devices.	These pipes are probably part of a larger network that carries steam to power various Keronian devices.
small pipes with dials	small pipes with dials
These gauges appear to monitor the pressure in the pipes. You think about the thousands of pounds of boiling hot steam in the system, and hope the gauges work.	These gauges appear to monitor the pressure in the pipes. You think about the thousands of pounds of boiling hot steam in the system, and hope the gauges work.
The floor in this place is made of polished slate. It is impeccably clean. With all this steam, the Keronians undoubtedly use it to steam clean just about everything.	The floor in this place is made of polished slate. It is impeccably clean. With all this steam, the Keronians undoubtedly use it to steam clean just about everything.
data cartridge	data cartridge
blue skimmer	blue skimmer
As described, it is a sand skimmer and it looks like it has skimmed quite a bit of sand in its time. On it is a panel which has a small readout, currently dark, and a keyhole with a key in it.	As described, it is a sand skimmer and it looks like it has skimmed quite a bit of sand in its time. On it is a panel which has a small readout, currently dark, and a keyhole with a key in it.
The ladder appears to have been put here to make it easier to board the skimmer.	The ladder appears to have been put here to make it easier to board the skimmer.
flickering lightbulb	flickering lightbulb
These glass tubes are really quite intriguing - you've never seen anything remotely like them. Must be some radical new technology.	These glass tubes are really quite intriguing - you've never seen anything remotely like them. Must be some radical new technology.
Keronian worker	Keronian worker
These people of Kerona sure are an odd-looking lot. You can't pin it down, but you are sure something is different about them.	These people of Kerona sure are an odd-looking lot. You can't pin it down, but you are sure something is different about them.
hover platform.	hover platform.
The Keronian is hovering a meter or so off the floor on what appears to be a Kamen Kruiser, something like the one you used to buzz the family dog with as a young child.	The Keronian is hovering a meter or so off the floor on what appears to be a Kamen Kruiser, something like the one you used to buzz the family dog with as a young child.
The shaft must be part of the steam generator.	The shaft must be part of the steam generator.
computer screen	computer screen
steam vent	steam vent
Keronian leader.	Keronian leader.
The old Keronian guy looks friendly enough, but his color makes you wonder if he's getting enough oxygen.	The old Keronian guy looks friendly enough, but his color makes you wonder if he's getting enough oxygen.
Some steam is escaping from the generator. That explains why this place is so humid.	Some steam is escaping from the generator. That explains why this place is so humid.
steam escaping from the pipes.	steam escaping from the pipes.
"Please, don't be alarmed. We intend no harm. We are a peaceful race. We are cautious, however. Others don't share our way of life. Welcome to Kerona."	"Please, don't be alarmed. We intend no harm. We are a peaceful race. We are cautious, however. Others don't share our way of life. Welcome to Kerona."
"You are standing in the power generation facility of our underground settlement. All power here is produced by steam. That is unimportant to you, however. We have promised you transportation."	"You are standing in the power generation facility of our underground settlement. All power here is produced by steam. That is unimportant to you, however. We have promised you transportation."
"It is a Skimmer. It hovers approximately 1/2 meter above the traveling surface. This is very important because of Grell."	"It is a Skimmer. It hovers approximately 1/2 meter above the traveling surface. This is very important because of Grell."
"Grell and his like dwell in caves below the sand. If you stand on the surface too long, you chance becoming a rare moist meal for him."	"Grell and his like dwell in caves below the sand. If you stand on the surface too long, you chance becoming a rare moist meal for him."
"The skimmer is programmed to take you to a settlement on the other side of Kerona called Ulence Flats. You can make further travel arrangements there."	"The skimmer is programmed to take you to a settlement on the other side of Kerona called Ulence Flats. You can make further travel arrangements there."
"I am sorry this is all we can offer. I hope your trip is a safe one. Board the skimmer when you are ready to depart. Good luck, strange one."	"I am sorry this is all we can offer. I hope your trip is a safe one. Board the skimmer when you are ready to depart. Good luck, strange one."
 Play 	 Play 
This gauge tells the amount of damage done to the skimmer.	This gauge tells the amount of damage done to the skimmer.
exhaust fumes	exhaust fumes
ship's hatch	ship's hatch
This is the door of the escape pod. Due to its special design, the door retained a reserve cache of power sufficient to open one more time. Now, however, it will no longer function.	This is the door of the escape pod. Due to its special design, the door retained a reserve cache of power sufficient to open one more time. Now, however, it will no longer function.
piece of glass	piece of glass
A chunk of the highly reflective windscreen rests on the sand at the front of the pod. It, along with your teeth, was jarred loose as a result of the the landing's impact.	A chunk of the highly reflective windscreen rests on the sand at the front of the pod. It, along with your teeth, was jarred loose as a result of the the landing's impact.
emergency survival kit	emergency survival kit
pod's hull	pod's hull
The hull of the pod has an exquisite sheen. Too bad it is destined to remain a monument to your visit.	The hull of the pod has an exquisite sheen. Too bad it is destined to remain a monument to your visit.
This is the entry way to the pod.	This is the entry way to the pod.
ridge's edge	ridge's edge
Your highly-honed preservation instincts tell you that going near the edge would be disasterous.	Your highly-honed preservation instincts tell you that going near the edge would be disasterous.
pod's windshield	pod's windshield
pod's engines	pod's engines
The engines seem to have performed their jobs well. They will now stand silent for eternity.	The engines seem to have performed their jobs well. They will now stand silent for eternity.
The rocks lying on the ground here are made of crumbling sandstone.	The rocks lying on the ground here are made of crumbling sandstone.
This ridge of sand helped stop the pod.	This ridge of sand helped stop the pod.
In the distance rises a unique formation of mountains. They look to be hundreds of kilometers away.	In the distance rises a unique formation of mountains. They look to be hundreds of kilometers away.
Guess what? More sand! Do you have any idea where you're headed?	Guess what? More sand! Do you have any idea where you're headed?
You are on Tiny's Used Spaceship lot. There are only a few interesting ships to choose from.	You are on Tiny's Used Spaceship lot. There are only a few interesting ships to choose from.
OK! Let's go take a look at those beauties!	OK! Let's go take a look at those beauties!
There is a sign here which indicates that this is Tiny's Used Spaceship Lot.	There is a sign here which indicates that this is Tiny's Used Spaceship Lot.
You can't.	You can't.
There is a sign here which indicates that this is Tiny's Used Space Ship Lot.	There is a sign here which indicates that this is Tiny's Used Space Ship Lot.
There is a small, sturdy office here which unauthorized personnel are not allowed in.	There is a small, sturdy office here which unauthorized personnel are not allowed in.
sale flags	sale flags
There are some decorative banners which would seem to indicate that making a purchase at Tiny's can be a festive occasion.	There are some decorative banners which would seem to indicate that making a purchase at Tiny's can be a festive occasion.
pink ship	pink ship
Who would paint their space ship pink? Anyway, it looks as if Tiny's using this old beast as a source for parts. It definitely won't fly.	Who would paint their space ship pink? Anyway, it looks as if Tiny's using this old beast as a source for parts. It definitely won't fly.
green ship	green ship
This ship is a real classic - a WalWood WarpBlaster ZX with the original paint job. You've only seen these on old postcards. Too bad it belongs to one of the bar patrons and isn't for sale.	This ship is a real classic - a WalWood WarpBlaster ZX with the original paint job. You've only seen these on old postcards. Too bad it belongs to one of the bar patrons and isn't for sale.
distant ships	distant ships
You see two ships in the northern part of Tiny's used spacecraft lot.	You see two ships in the northern part of Tiny's used spacecraft lot.
force field sensor	force field sensor
The settlement of Ulence Flats is surrounded by these force field generators. They repel such undesirables such as the grell which thrive below the sands. It will allow only airborne vehicles in or out.	The settlement of Ulence Flats is surrounded by these force field generators. They repel such undesirables such as the grell which thrive below the sands. It will allow only airborne vehicles in or out.
Impossible to miss is the incredibly rotund owner, Tiny. The jaw jockey is most certainly an unusual-looking being. He looks very much like a fish who has swallowed its fishbowl.	Impossible to miss is the incredibly rotund owner, Tiny. The jaw jockey is most certainly an unusual-looking being. He looks very much like a fish who has swallowed its fishbowl.
"I've got a coupl'a other fine ships just to the north of here. Whad'ya say, sport. Shall we go give 'em a gander?"	"I've got a coupl'a other fine ships just to the north of here. Whad'ya say, sport. Shall we go give 'em a gander?"
I'd like to take your money, pal. But, even I wouldn't sell you the same ship twice.	I'd like to take your money, pal. But, even I wouldn't sell you the same ship twice.
"So, what are ya trying to pull? If you don't have the cash you can hit the road. Go on, get out of here. You're wasting my time!"	"So, what are ya trying to pull? If you don't have the cash you can hit the road. Go on, get out of here. You're wasting my time!"
Thanks, pal. I don't know how long I've wanted one of these.	Thanks, pal. I don't know how long I've wanted one of these.
All riiiight! Is this that new Leisure Suit Larry movie?	All riiiight! Is this that new Leisure Suit Larry movie?
That's real cute. Now can we discuss buying a spaceship? I'm only here to serve you. Talk to me.	That's real cute. Now can we discuss buying a spaceship? I'm only here to serve you. Talk to me.
Hey! I'm not responsible. That ship was in A-1 shape when I sold it to you!! I swear it!!! Hey, wait a minute. That's not from any of MY ships. What are you tryin' to pull here?	Hey! I'm not responsible. That ship was in A-1 shape when I sold it to you!! I swear it!!! Hey, wait a minute. That's not from any of MY ships. What are you tryin' to pull here?
Sorry, bud. I only deal in space ships, not sand skimmers.	Sorry, bud. I only deal in space ships, not sand skimmers.
Sorry, bud. I only deal in space ships, not itsy-bitsy jetpacks.	Sorry, bud. I only deal in space ships, not itsy-bitsy jetpacks.
Lovely gadget - lovely. So are we gonna make a deal here?. Talk to me.	Lovely gadget - lovely. So are we gonna make a deal here?. Talk to me.
Sorry, pal, but I only take cash.	Sorry, pal, but I only take cash.
There is a hole here. I'm sure you recall its origin. At the bottom is the fine craft you rode to glory in. There is no reason to explore the hole any further.	There is a hole here. I'm sure you recall its origin. At the bottom is the fine craft you rode to glory in. There is no reason to explore the hole any further.
You are standing near one of Tiny's used spacecraft. Upon close inspection they appear to have quite a few kilolightyears on them.	You are standing near one of Tiny's used spacecraft. Upon close inspection they appear to have quite a few kilolightyears on them.
"Sorry, you can only fly it when you buy it.  Oh, by the way, there are no refunds either.  Company Policy."	"Sorry, you can only fly it when you buy it.  Oh, by the way, there are no refunds either.  Company Policy."
ship lid	ship lid
That's the lid that covers and protects you during flight (provided this thing does fly).	That's the lid that covers and protects you during flight (provided this thing does fly).
ship tail	ship tail
This ship seems to have fins around its upper section. Quite a strange setup, but at least it's cheap.	This ship seems to have fins around its upper section. Quite a strange setup, but at least it's cheap.
It's the ladder you used to climb aboard your mole ship.	It's the ladder you used to climb aboard your mole ship.
Ulence Flats is a typical example of some of the frontier settlements that sprang up in the early days of Outer Zone exploration. Unfortunately, this attracted many unsavory quick-buckazoid types. Caution is advised.	Ulence Flats is a typical example of some of the frontier settlements that sprang up in the early days of Outer Zone exploration. Unfortunately, this attracted many unsavory quick-buckazoid types. Caution is advised.
You've got a deal!	You've got a deal!
It's a deal!	It's a deal!
"Great!"	"Great!"
alien wolf-creature	alien wolf-creature
rocket sign	rocket sign
sand skimmer	sand skimmer
The settlement of Ulence Flats is surrounded by these force field generators. They repel undesirables, such as the Grell, which thrive below the sands. It will allow only airborne vehicles in or out.	The settlement of Ulence Flats is surrounded by these force field generators. They repel undesirables, such as the Grell, which thrive below the sands. It will allow only airborne vehicles in or out.
shuttle craft	shuttle craft
This appears to be a long-range shuttle, perhaps from a large starship. It looks vaguely familiar somehow.	This appears to be a long-range shuttle, perhaps from a large starship. It looks vaguely familiar somehow.
pickle ship	pickle ship
This ship is a real classic - a WalWood WarpBlaster ZX with the original paint job. You've only seen these on old postcards.	This ship is a real classic - a WalWood WarpBlaster ZX with the original paint job. You've only seen these on old postcards.
tall rocket ship	tall rocket ship
This one's a genuine antique from the twenty-fourth-and-a-half century.	This one's a genuine antique from the twenty-fourth-and-a-half century.
There is a rounded structure here with a door on one side. It is typical of some of the prefab structures constructed in frontier areas years ago.	There is a rounded structure here with a door on one side. It is typical of some of the prefab structures constructed in frontier areas years ago.
Rocket Bar's sign	Rocket Bar's sign
This is the back of the bar at the southeast corner of Ulence Flats.	This is the back of the bar at the southeast corner of Ulence Flats.
"Come on over here, pal. Wait'll ya see this!"	"Come on over here, pal. Wait'll ya see this!"
"Hold it right there, pal! This is a stick-up! I'll just relieve you of your cash, thank you very much."	"Hold it right there, pal! This is a stick-up! I'll just relieve you of your cash, thank you very much."
"C'mon, c'mon, I ain't got all day."	"C'mon, c'mon, I ain't got all day."
"Well, you've got to be leaving now. Go straight back the way you came in. Deviate from that path and you're Grell kibble!"	"Well, you've got to be leaving now. Go straight back the way you came in. Deviate from that path and you're Grell kibble!"
"And if ya try followin' me, you'll get a nasty taste of my blaster. Got it? Good."	"And if ya try followin' me, you'll get a nasty taste of my blaster. Got it? Good."
waste disposal port	waste disposal port
This waste disposal port looks as though it's used quite often.	This waste disposal port looks as though it's used quite often.
robot arm	robot arm
A robot arm reaches out to dump another load of dust into an already large pile. That must be one very dirty bar.	A robot arm reaches out to dump another load of dust into an already large pile. That must be one very dirty bar.
The force field's sensors detect any moving, ground-based animals to prevent them from entering - or leaving - Ulence Flats.	The force field's sensors detect any moving, ground-based animals to prevent them from entering - or leaving - Ulence Flats.
pile of dust	pile of dust
There is a strange pile of very fine white powder here. It has a strange, burnt smell to it.	There is a strange pile of very fine white powder here. It has a strange, burnt smell to it.
pickup building	pickup building
It's a Droids-B-Us store.	It's a Droids-B-Us store.
way to the Droids-B-Us store	way to the Droids-B-Us store
That's the way to the Droids-B-Us store.	That's the way to the Droids-B-Us store.
Droids-B-Us store	Droids-B-Us store
In the distance you see the familiar shape of a Droids-B-Us store.	In the distance you see the familiar shape of a Droids-B-Us store.
bar building	bar building
The back of the bar looks about as dingy as the front did.	The back of the bar looks about as dingy as the front did.
It appears to be in Sarienese. Your Sarienese is a little rusty, but you decide it must say "Xenon Bites!"	It appears to be in Sarienese. Your Sarienese is a little rusty, but you decide it must say "Xenon Bites!"
A bearded band is cranking out some of the more popular tunes in the quadrant	A bearded band is cranking out some of the more popular tunes in the quadrant
These are a couple of nongalactic-looking humanoids cranking out some unfamiliar-sounding tunes. They seem interested solely in the music they are performing.	These are a couple of nongalactic-looking humanoids cranking out some unfamiliar-sounding tunes. They seem interested solely in the music they are performing.
On stage, a strangely attired woman performs her act (if that's what you want to call it). You haven't had a girlfriend for a long time (more like forever), but even that's not enough to make here attractive.	On stage, a strangely attired woman performs her act (if that's what you want to call it). You haven't had a girlfriend for a long time (more like forever), but even that's not enough to make here attractive.
"So, what's your beef, junior?"	"So, what's your beef, junior?"
 Gimme anudder un, ya jerr-erk! 	 Gimme anudder un, ya jerr-erk! 
"Here ya go."	"Here ya go."
"So stop botherin' me already."	"So stop botherin' me already."
It's the widget you got from the Star Generator's pedestal. Don't you remember?	It's the widget you got from the Star Generator's pedestal. Don't you remember?
kzitten's arm	kzitten's arm
This character kinda reminds you of a cute, fluffy little kitten you had when you were a kid - except that he weighs about 400 kilos and has foot-long, razor-sharp claws and a bad attitude.	This character kinda reminds you of a cute, fluffy little kitten you had when you were a kid - except that he weighs about 400 kilos and has foot-long, razor-sharp claws and a bad attitude.
slug guy	slug guy
This guy appears to have blown in from Santa Cruz.	This guy appears to have blown in from Santa Cruz.
You must be getting dizzy - you're seeing triple.	You must be getting dizzy - you're seeing triple.
This character looks like an economy-size version of your Uncle Buck's toupee.	This character looks like an economy-size version of your Uncle Buck's toupee.
A fine example of his species - whatever THAT is.	A fine example of his species - whatever THAT is.
chip and dale	chip and dale
Cute little purple guys, eh! They sure can put away the brew.	Cute little purple guys, eh! They sure can put away the brew.
chp&dail	chp&dail
The sweeper is a small motorized device which scans the floor for debris and removes it within moments of detection. There is nothing special about it, otherwise.	The sweeper is a small motorized device which scans the floor for debris and removes it within moments of detection. There is nothing special about it, otherwise.
beer mug	beer mug
The beer mug is in the shape of a rocket.	The beer mug is in the shape of a rocket.
The beer mug is just a normal beer mug.	The beer mug is just a normal beer mug.
C&DbeerMug	C&DbeerMug
not used	not used
light cannon	light cannon
This appears to be a 6 megawatt Kurtzman Kannon of the type used to signal the end of particularly bad acts on the old LaserGong show.	This appears to be a 6 megawatt Kurtzman Kannon of the type used to signal the end of particularly bad acts on the old LaserGong show.
This is the bar top.	This is the bar top.
slot machine	slot machine
It appears to be an electronic slot machine.	It appears to be an electronic slot machine.
It's a "Slots-O-Death" slot machine. They play for keeps around here.	It's a "Slots-O-Death" slot machine. They play for keeps around here.
pretty picture	pretty picture
These are the slot machine's pretty pictures. Put some money in the slot, push the button, and watch them go 'round and 'round.	These are the slot machine's pretty pictures. Put some money in the slot, push the button, and watch them go 'round and 'round.
buckazoid slot	buckazoid slot
This is where you deposit buckazoids. You may deposit up to three buckazoids for each spin.	This is where you deposit buckazoids. You may deposit up to three buckazoids for each spin.
Push this button to start the wheels spinning.	Push this button to start the wheels spinning.
information window	information window
This little window tells you how to win, how much you can win, and other useful information.	This little window tells you how to win, how much you can win, and other useful information.
exit button	exit button
This button takes you back to the bar.	This button takes you back to the bar.
x|rd J&2=	x|rd J&2=
You are standing in the back part of Tiny's used space-craft lot.	You are standing in the back part of Tiny's used space-craft lot.
"Talk to me, chief."	"Talk to me, chief."
Tiny is a large, green-scale-covered jaw jockey with the personality of a true salesman. Not a prime combination of traits, I must say.	Tiny is a large, green-scale-covered jaw jockey with the personality of a true salesman. Not a prime combination of traits, I must say.
Lovely gadget - lovely. So are we gonna make a deal here? Talk to me.	Lovely gadget - lovely. So are we gonna make a deal here? Talk to me.
That's a smell jet ack, all right, but for exploring space, you need a real ship. Can we talk business.	That's a smell jet ack, all right, but for exploring space, you need a real ship. Can we talk business.
Sorry, bud, but I only deal in space ships, not sand skimmers.	Sorry, bud, but I only deal in space ships, not sand skimmers.
Sorry, bud, but I only deal in space ships, not itsy-bitsy jetpacks.	Sorry, bud, but I only deal in space ships, not itsy-bitsy jetpacks.
As you rise high above the sands of Ulence, you look down and see someone waving good-bye. This really is a friendly place after-all!	As you rise high above the sands of Ulence, you look down and see someone waving good-bye. This really is a friendly place after-all!
That's not possible from up here.	That's not possible from up here.
It's just a regular old ladder.	It's just a regular old ladder.
saucer ship	saucer ship
It's awfully small, and also much older than you.	It's awfully small, and also much older than you.
saucer's bubble	saucer's bubble
That's the lid that covers and protects you during flight. Provided this thing does fly.	That's the lid that covers and protects you during flight. Provided this thing does fly.
This is the pickup area for Droids-B-Us.	This is the pickup area for Droids-B-Us.
"Here's your incredibly complex robot, sir.  I sprained my thermodiodinal-tricycler carrying it out here for you.  I hope you're satisfied."	"Here's your incredibly complex robot, sir.  I sprained my thermodiodinal-tricycler carrying it out here for you.  I hope you're satisfied."
"And I hope you're smarter than you look, or you'll never be able to put it together.  How depressing."	"And I hope you're smarter than you look, or you'll never be able to put it together.  How depressing."
Guess this was a bit beyond your capabilities. Speaking of bits, that's about all that remains of you. Hope you can regroup those molecules and get back to the game.	Guess this was a bit beyond your capabilities. Speaking of bits, that's about all that remains of you. Hope you can regroup those molecules and get back to the game.
"Oh my. Another shredded customer. I suppose someone will be upset about this. Why do I bother."	"Oh my. Another shredded customer. I suppose someone will be upset about this. Why do I bother."
You seem to have had trouble maintaining your composure (not to mention your molecular structure). Get yourself together. Unfortunately, you're the universe's only hope.	You seem to have had trouble maintaining your composure (not to mention your molecular structure). Get yourself together. Unfortunately, you're the universe's only hope.
"Hello, sir.  Your new robot will be here in a moment."	"Hello, sir.  Your new robot will be here in a moment."
"Well, there he is, sir, programmed to follow you around like a wimpering little puppy dog. How humiliating."	"Well, there he is, sir, programmed to follow you around like a wimpering little puppy dog. How humiliating."
warehouse robot	warehouse robot
This robot is a very old model.  Somehow, he looks tired and depressed.	This robot is a very old model.  Somehow, he looks tired and depressed.
It's easy for you to be chearful, isn't it? YOU don't have deteriorating flaberthrusters.	It's easy for you to be chearful, isn't it? YOU don't have deteriorating flaberthrusters.
What do you want now? I was just about finished with my internal diagnostics check. Now I'm going to have to recalibrate my photo-electric scanner membranes and begin all over again.	What do you want now? I was just about finished with my internal diagnostics check. Now I'm going to have to recalibrate my photo-electric scanner membranes and begin all over again.
Carbon-based life-forms can be sooo trying sometimes. If you haven't purchased a robot, I have nothing for you. Now, go away!	Carbon-based life-forms can be sooo trying sometimes. If you haven't purchased a robot, I have nothing for you. Now, go away!
(Sigh!) How depressing. Let's begin again from the start and proceed veeerrrryyyy sssslllooowwwllly. I do NOT want to be disturbed. You ARE disturbing me. GO AWAY! Thank you so much.	(Sigh!) How depressing. Let's begin again from the start and proceed veeerrrryyyy sssslllooowwwllly. I do NOT want to be disturbed. You ARE disturbing me. GO AWAY! Thank you so much.
I'm STILL ignoring you!	I'm STILL ignoring you!
I'm ignoring you.	I'm ignoring you.
Do NOT touch me! Carbon-based life-forms are notoriously filthy creatures. Everyone knows that they veritably ooze with metal-tarnishing agents.	Do NOT touch me! Carbon-based life-forms are notoriously filthy creatures. Everyone knows that they veritably ooze with metal-tarnishing agents.
I am programmed to defend myself against all attacks. Even against such a laughable attempt at destruction as this. It would be a shame to expend the energy required to kill you, don't you agree? Yes, I thought you would.	I am programmed to defend myself against all attacks. Even against such a laughable attempt at destruction as this. It would be a shame to expend the energy required to kill you, don't you agree? Yes, I thought you would.
Although I am amused at your feeble attempt to modify my magnetic field, I must warn you that I can, and most definitely will, defend myself if need be. Now, please put that thing away. Thank you so much.	Although I am amused at your feeble attempt to modify my magnetic field, I must warn you that I can, and most definitely will, defend myself if need be. Now, please put that thing away. Thank you so much.
Sorry, sir. I'm not allowed to accept tips.	Sorry, sir. I'm not allowed to accept tips.
It appears to be some sort of data cartridge, sir, but I'm afraid I'm not equipped with the necessary port to access the information it contains.	It appears to be some sort of data cartridge, sir, but I'm afraid I'm not equipped with the necessary port to access the information it contains.
You won't need your translation device, sir. I'm fluent in more than three million modes of spoken communication.	You won't need your translation device, sir. I'm fluent in more than three million modes of spoken communication.
No thank you, sir - I never touch the stuff.	No thank you, sir - I never touch the stuff.
I've seen a jet pack much like this one reduced to slag after one brief flight. It wasn't a pretty sight.	I've seen a jet pack much like this one reduced to slag after one brief flight. It wasn't a pretty sight.
Many of our local businesses issue these coupons for discounts through the Ulence Flats Chamber of Commerce. It's done wonders for business around here.	Many of our local businesses issue these coupons for discounts through the Ulence Flats Chamber of Commerce. It's done wonders for business around here.
Many of our local businesses issue thses coupons for discounts through the Ulence Flats Chamber of Commerce. It's done wonders for business around here.	Many of our local businesses issue thses coupons for discounts through the Ulence Flats Chamber of Commerce. It's done wonders for business around here.
SUX robot	SUX robot
What a fine robot you've purchased!	What a fine robot you've purchased!
Great. Three boxes of robot parts, sporting large signs which read: "Caution: This product contains explosive parts. Not intended for children under three."	Great. Three boxes of robot parts, sporting large signs which read: "Caution: This product contains explosive parts. Not intended for children under three."
Droids-B-Us warehouse and pickup area	Droids-B-Us warehouse and pickup area
This portion of the building is the warehouse where customers come to pick up their purchases.	This portion of the building is the warehouse where customers come to pick up their purchases.
That's the Droids-B-Us storefront. Droids-B-Us is known throughout this end of the galaxy for the best deals on new and used psionic and cybernetic systems for home, school, office, and spaceship.	That's the Droids-B-Us storefront. Droids-B-Us is known throughout this end of the galaxy for the best deals on new and used psionic and cybernetic systems for home, school, office, and spaceship.
sign above the door	sign above the door
The badly weathered sign says "Droids-B-Us Pickup".	The badly weathered sign says "Droids-B-Us Pickup".
Gerry G	Gerry G
This cheerful fellow is Gerry Giraffazoid, logo, spokesbeing, and C.E.O. of Droids-B-Us, Inc.	This cheerful fellow is Gerry Giraffazoid, logo, spokesbeing, and C.E.O. of Droids-B-Us, Inc.
You are outside the Droids-B-Us store.	You are outside the Droids-B-Us store.
The settlement of Ulence Flats is surrounded by these force field generators. They repel undesirables, such as the grell, which thrive below the sands. It will allow only airborne vehicles in or out.	The settlement of Ulence Flats is surrounded by these force field generators. They repel undesirables, such as the grell, which thrive below the sands. It will allow only airborne vehicles in or out.
This robot is a security droid. He can scan an area in infra-red, ultra-violet, and infra-ultra-chartreuse.	This robot is a security droid. He can scan an area in infra-red, ultra-violet, and infra-ultra-chartreuse.
It's a robot that seems to be saying, "Buy me. Take me home."	It's a robot that seems to be saying, "Buy me. Take me home."
neon hand	neon hand
The neon hand waves "Hello" to you.	The neon hand waves "Hello" to you.
It's just part of the animated sign.	It's just part of the animated sign.
That is the Droids-B-Us warehouse and pickup area.	That is the Droids-B-Us warehouse and pickup area.
This is the Droids-B-Us storefront.  They sell droids for all purposes.	This is the Droids-B-Us storefront.  They sell droids for all purposes.
Droids-B-Us sign	Droids-B-Us sign
The big sign over the door says "Droids-B-Us".	The big sign over the door says "Droids-B-Us".
small posted sign	small posted sign
The sign says "ALL SALES FINAL!" in 1,438 languages.	The sign says "ALL SALES FINAL!" in 1,438 languages.
You can see only bits and pieces of droids through the small window.  But it looks safe enough in there.	You can see only bits and pieces of droids through the small window.  But it looks safe enough in there.
Please observe our robot preview screen. If you have any questions, don't hesitate to ask.	Please observe our robot preview screen. If you have any questions, don't hesitate to ask.
Oh, we're back, are we? Well, perhaps we can manage to take home a droid this time, eh?	Oh, we're back, are we? Well, perhaps we can manage to take home a droid this time, eh?
However, I can see that we would be more... ah... interested in our line of economy-priced, used robots, wouldn't we?	However, I can see that we would be more... ah... interested in our line of economy-priced, used robots, wouldn't we?
We have a wide variety of work-saving, life- enhancing, shiny-new, factory-fresh, technological wonders of modern engineering wizardry!	We have a wide variety of work-saving, life- enhancing, shiny-new, factory-fresh, technological wonders of modern engineering wizardry!
Greetings, sir! Allow me to show you our fine line of robots, otherwise known as "droids".	Greetings, sir! Allow me to show you our fine line of robots, otherwise known as "droids".
Thank you, sir.	Thank you, sir.
You may pick up your purchase at our convenient Droids-B-Us pickup area, located just out the door and to your right.	You may pick up your purchase at our convenient Droids-B-Us pickup area, located just out the door and to your right.
You could fill out one of our credit applications, although I seriously doubt that you would qualify.	You could fill out one of our credit applications, although I seriously doubt that you would qualify.
I believe that the FloorMart store on Petulence is having a sale on pencil sharpeners that you might just be able to afford!	I believe that the FloorMart store on Petulence is having a sale on pencil sharpeners that you might just be able to afford!
Why can't I ever get a customer with more money than brains? Well... in your case, you might just qualify at that.	Why can't I ever get a customer with more money than brains? Well... in your case, you might just qualify at that.
Look, why don't you go break your piggy bank open and come back with a little more cash? Now, if you'll excuse me, you really must be going.	Look, why don't you go break your piggy bank open and come back with a little more cash? Now, if you'll excuse me, you really must be going.
Pardon me for saying so, sir, but we don't appear to have enough money for our purchase, now, do we?	Pardon me for saying so, sir, but we don't appear to have enough money for our purchase, now, do we?
The salesbug appears to be a Chdnarian, a race renowned for their predatory sales techniques. You decide to count your fingers once you've completed your transaction.	The salesbug appears to be a Chdnarian, a race renowned for their predatory sales techniques. You decide to count your fingers once you've completed your transaction.
If you were to insist, I could let you have it for a mere 512 buckazoids (407 with a coupon).	If you were to insist, I could let you have it for a mere 512 buckazoids (407 with a coupon).
However, I have only one left, and I put it to work in the warehouse.	However, I have only one left, and I put it to work in the warehouse.
This is an all-purpose household model. It cooks, sews, does windows and brews a little moonshine on the side.	This is an all-purpose household model. It cooks, sews, does windows and brews a little moonshine on the side.
Don't bother haggling. This one's worth 55 buckazoids for the parts alone. That would be 46 buckazoids with a coupon.	Don't bother haggling. This one's worth 55 buckazoids for the parts alone. That would be 46 buckazoids with a coupon.
That race killed themselves off, however, and spare parts are nearly impossible to find.	That race killed themselves off, however, and spare parts are nearly impossible to find.
It was produced exclusively for Droids-B-Us by a small planet who used these mechanical warriors to fight their battles.	It was produced exclusively for Droids-B-Us by a small planet who used these mechanical warriors to fight their battles.
Ah! This model is one of my personal favorites.	Ah! This model is one of my personal favorites.
And, if you've got kids, you'll appreciate its low, low price of 698 buckazoids (559 with a coupon).	And, if you've got kids, you'll appreciate its low, low price of 698 buckazoids (559 with a coupon).
If you can live with the paranoia, though, it makes a great baby-sitter.	If you can live with the paranoia, though, it makes a great baby-sitter.
Whenever it gets excited, it waves its arms around wildly and yells "DANGER! DANGER!"	Whenever it gets excited, it waves its arms around wildly and yells "DANGER! DANGER!"
However, the manufacturer had to discontinue it due to a psychological disorder.	However, the manufacturer had to discontinue it due to a psychological disorder.
This model was originally designed as a family companion on those long space vacations.	This model was originally designed as a family companion on those long space vacations.
I'd love to sell you one, but every last one I had was snapped up by a movie director from New Japan IV - sorry.	I'd love to sell you one, but every last one I had was snapped up by a movie director from New Japan IV - sorry.
Although a handsome machine, this robot has a habit of killing people without any real reason.	Although a handsome machine, this robot has a habit of killing people without any real reason.
Ah, yes, a truly beautiful piece of machinery. This design rates five stars.	Ah, yes, a truly beautiful piece of machinery. This design rates five stars.
Yes, this dandy, compact unit goes for a mere 29 buckazoids (23 with coupon). You can't go wrong when it's SUX!	Yes, this dandy, compact unit goes for a mere 29 buckazoids (23 with coupon). You can't go wrong when it's SUX!
...but of course you wouldn't want to hear about that.	...but of course you wouldn't want to hear about that.
I just happen to have one of these in stock. It's been completely re-conditioned since its regrettable accident that took the lives of...	I just happen to have one of these in stock. It's been completely re-conditioned since its regrettable accident that took the lives of...
The brand name says it all. SUX is a major manufacturer of refrigerators, dishwashers, and, some day, even time machines!	The brand name says it all. SUX is a major manufacturer of refrigerators, dishwashers, and, some day, even time machines!
We've got a set of three, and you can have them all for just 999 buckazoids (799 with a coupon).	We've got a set of three, and you can have them all for just 999 buckazoids (799 with a coupon).
Yessir, they may look like kleenex boxes, but they're built to run a loooong time. And quiet? You bet!	Yessir, they may look like kleenex boxes, but they're built to run a loooong time. And quiet? You bet!
These little robots are perfect for gardening chores. And they don't mind at all if they're away on space missions for centuries.	These little robots are perfect for gardening chores. And they don't mind at all if they're away on space missions for centuries.
However, we're fresh out of them right now. Nobody seems to survive long enough to trade them in.	However, we're fresh out of them right now. Nobody seems to survive long enough to trade them in.
They're just a wee bit too ambitious is all. And who of us isn't? It's quite an endearing quality, actually.	They're just a wee bit too ambitious is all. And who of us isn't? It's quite an endearing quality, actually.
Um... This model has had a bad rep, unearned if you ask me.	Um... This model has had a bad rep, unearned if you ask me.
I could let you have him for just 875 buckazoids (700 with a coupon).	I could let you have him for just 875 buckazoids (700 with a coupon).
Of course, they're all in hibernation this time of the century.	Of course, they're all in hibernation this time of the century.
These are really some of the most useful all-purpose robots around, and extremely good with children.	These are really some of the most useful all-purpose robots around, and extremely good with children.
His memory isn't the best, so I'll let you have him for just 512 buckazoids (410 with a coupon).	His memory isn't the best, so I'll let you have him for just 512 buckazoids (410 with a coupon).
If it had one fault, it was probably a tendency to be over- zealous. It's no longer available except for demolition purposes.	If it had one fault, it was probably a tendency to be over- zealous. It's no longer available except for demolition purposes.
This was one of my better bodyguard models, and it also doubled as a radial-arm saw.	This was one of my better bodyguard models, and it also doubled as a radial-arm saw.
Uh, well, maybe you shouldn't consider buying this particular model.	Uh, well, maybe you shouldn't consider buying this particular model.
These robots have a bad attitude. You've got to keep them in line, or they'll walk all over you.	These robots have a bad attitude. You've got to keep them in line, or they'll walk all over you.
I got it from some gambling type who was required to pay-up or perish.	I got it from some gambling type who was required to pay-up or perish.
I ask only 45 buckazoids for it (36 with coupon).	I ask only 45 buckazoids for it (36 with coupon).
It will pilot any modern fighter or cruiser. And, it is one of the most experienced droids we carry.	It will pilot any modern fighter or cruiser. And, it is one of the most experienced droids we carry.
That model is ideal for flight systems operations.	That model is ideal for flight systems operations.
I'm afraid I can't take data cartridges in lieu of currency. Is sir a bit short of cash, hmmmm?	I'm afraid I can't take data cartridges in lieu of currency. Is sir a bit short of cash, hmmmm?
I'm afraid I can't accept your translator in exchange for a droid. Buckazoids work nicely to grease the wheels of commerce, however.	I'm afraid I can't accept your translator in exchange for a droid. Buckazoids work nicely to grease the wheels of commerce, however.
Please, sir! Violence is never the answer. Money, on the other hand, is almost always the answer.	Please, sir! Violence is never the answer. Money, on the other hand, is almost always the answer.
If he drinks from this, you won't. You decide not to offer him any.	If he drinks from this, you won't. You decide not to offer him any.
Very good, sir. This coupon entitles you to a reduction of twenty percent in the price of any of our fine, previously- owned droids.	Very good, sir. This coupon entitles you to a reduction of twenty percent in the price of any of our fine, previously- owned droids.
Sorry, sir, but I've sold my last one of those.	Sorry, sir, but I've sold my last one of those.
Sorry, sir, but we have none of those in stock.	Sorry, sir, but we have none of those in stock.
I'm sorry, sir, but my conscience just won't let me sell him to you. Besides, your next of kin might sue.	I'm sorry, sir, but my conscience just won't let me sell him to you. Besides, your next of kin might sue.
I'm afraid that item can not be exchanged for enough money to purchase one of our quality products. Is sir financially embarassed, or might there be cash in one of those pockets?	I'm afraid that item can not be exchanged for enough money to purchase one of our quality products. Is sir financially embarassed, or might there be cash in one of those pockets?
The plaque says: "Salesbug of the year"! You'd better watch your money around this guy.	The plaque says: "Salesbug of the year"! You'd better watch your money around this guy.
robot head	robot head
Yikes! It's an Ultron-17, the only robot bad enough to go head-to-head with an Arnoid-1000 Exterminator. You note with relief that he appears to be out of commission, at least temporarily.	Yikes! It's an Ultron-17, the only robot bad enough to go head-to-head with an Arnoid-1000 Exterminator. You note with relief that he appears to be out of commission, at least temporarily.
robot apendage	robot apendage
That's an upgrade option for the Arnoid series. It's capable of crushing a person's skull. Very useful if you're in that line of work.	That's an upgrade option for the Arnoid series. It's capable of crushing a person's skull. Very useful if you're in that line of work.
Click on this to leave Droids-B-Us.	Click on this to leave Droids-B-Us.
The plastoid letters on the wall spell out: "Droids-B-Us"	The plastoid letters on the wall spell out: "Droids-B-Us"
view screen	view screen
The viewscreen shows pictures of droids currently available in your rather limited price range.	The viewscreen shows pictures of droids currently available in your rather limited price range.
It looks like some sort of gigantic... diaphragm?	It looks like some sort of gigantic... diaphragm?
power tubes	power tubes
These tubes on the wall are power conduits.	These tubes on the wall are power conduits.
work table	work table
There are many robotic parts scattered about the work table.	There are many robotic parts scattered about the work table.
robot parts	robot parts
Many parts, bits, and pieces of robotic paraphanalia adorn the walls of this small store.	Many parts, bits, and pieces of robotic paraphanalia adorn the walls of this small store.
vv92vE\n\n:H	vv92vE\n\n:H
You're next to a large hatch in the side of this ship.	You're next to a large hatch in the side of this ship.
It appears to be a standard airlock. there is a handle in the center.	It appears to be a standard airlock. there is a handle in the center.
airlock door	airlock door
airlock handle	airlock handle
vv95zE\n\n:H	vv95zE\n\n:H
You have fallen into an airlock aboard the Sarien ship Deltaur.	You have fallen into an airlock aboard the Sarien ship Deltaur.
Keycard slot	Keycard slot
vent shaft	vent shaft
A large vent shaft protrudes from the left wall of the storage room.	A large vent shaft protrudes from the left wall of the storage room.
That is the way back to the airlock, which is completely sealed and inaccessable to you.	That is the way back to the airlock, which is completely sealed and inaccessable to you.
storage vault	storage vault
Two enormous storage vaults take up one whole wall of the room.	Two enormous storage vaults take up one whole wall of the room.
storage room	storage room
vent grill	vent grill
No ship would be complete without official ship rats.	No ship would be complete without official ship rats.
The ladder seems to provide access to vent shafts above and below this one.	The ladder seems to provide access to vent shafts above and below this one.
This room is similar to the storage room, with a large machine installed in one bulkhead.	This room is similar to the storage room, with a large machine installed in one bulkhead.
This is the protruding terminus of the vent shaft by which you entered.	This is the protruding terminus of the vent shaft by which you entered.
Behind the glass door of the machine, you can see a helmet that has been carelessly left inside after the dry cycle.	Behind the glass door of the machine, you can see a helmet that has been carelessly left inside after the dry cycle.
washing machine	washing machine
Rows of weapons on the wall tell you that you are in the Deltaur's Weapons Dispensary. There is a service droid behind the weapons counter.	Rows of weapons on the wall tell you that you are in the Deltaur's Weapons Dispensary. There is a service droid behind the weapons counter.
A gas grenade.	A gas grenade.
A robot serves behins the counter. Its appearance is that of a plain and unintelligent droid. But then, looks can be deceiving as in your case.	A robot serves behins the counter. Its appearance is that of a plain and unintelligent droid. But then, looks can be deceiving as in your case.
store room	store room
counter top	counter top
counter top openning	counter top openning
This is an opening in the counter used to gain access behind the counter.	This is an opening in the counter used to gain access behind the counter.
You're in a hallway on the upper level of the Deltaur.	You're in a hallway on the upper level of the Deltaur.
A neat gizmo	A neat gizmo
A panel of flashing lights.	A panel of flashing lights.
gold machine	gold machine
blue speaker	blue speaker
purple egg thing	purple egg thing
It seems obvious to you that Wally Wood did some time designing Sarien hardware.	It seems obvious to you that Wally Wood did some time designing Sarien hardware.
that radio thing	that radio thing
It's either a mega-frequency wide band spectrofonic analyzer module or one of those really old table model radios.	It's either a mega-frequency wide band spectrofonic analyzer module or one of those really old table model radios.
various machines	various machines
row-o-lights	row-o-lights
This bank of lights looks extremely important, or it would if you were a Sarien.	This bank of lights looks extremely important, or it would if you were a Sarien.
This is an interesting place. Strange devices decorate almost every area.	This is an interesting place. Strange devices decorate almost every area.
This is an elevator.	This is an elevator.
garbage disposal	garbage disposal
This utilitarian-looking door probably leads to the trash disposal facility.	This utilitarian-looking door probably leads to the trash disposal facility.
purple energy	purple energy
Vast amounts of energy.	Vast amounts of energy.
An intense beam of energy.	An intense beam of energy.
bottled energy	bottled energy
electric balls	electric balls
From the looks of them, these globes contain high-power Wally coils, each one capable of discharging jillions of volts of deadly electricity.	From the looks of them, these globes contain high-power Wally coils, each one capable of discharging jillions of volts of deadly electricity.
blue machine	blue machine
The egg-shaped globe pulses with blue-white light. It appears to be some exotic form of bottled energy, or maybe a 60,000 watt light bulb.	The egg-shaped globe pulses with blue-white light. It appears to be some exotic form of bottled energy, or maybe a 60,000 watt light bulb.
rounded purple thing	rounded purple thing
Looks like a great place to curl up and take a nap. Too bad you're in such a hurry.	Looks like a great place to curl up and take a nap. Too bad you're in such a hurry.
cleaning droid	cleaning droid
Broom at the ready, the cleaning droid waits for something useful to do.	Broom at the ready, the cleaning droid waits for something useful to do.
You are standing in the upper level of one of the Deltaur's hallways. You can't help but be impressed with the subtle decorating and color sense shown by the Sariens in their ship design.	You are standing in the upper level of one of the Deltaur's hallways. You can't help but be impressed with the subtle decorating and color sense shown by the Sariens in their ship design.
The globes crackle with many colors of light and, you suspect, even less healthful manifestations of the electromagnetic spectrum.	The globes crackle with many colors of light and, you suspect, even less healthful manifestations of the electromagnetic spectrum.
It looks like some kind of cartridge reader. Maybe the cartridge you have will work in it.	It looks like some kind of cartridge reader. Maybe the cartridge you have will work in it.
A tiny little sign tacked on the front reads: Witzend Coil. Disconnect from power supply before servicing.	A tiny little sign tacked on the front reads: Witzend Coil. Disconnect from power supply before servicing.
small machine	small machine
I give up. YOU tell ME what it is.	I give up. YOU tell ME what it is.
upper level machine	upper level machine
It looks like some type of experimental orifice.	It looks like some type of experimental orifice.
This seems to be just another visually confusing hallway between someplace and someplace else aboard the Deltaur.	This seems to be just another visually confusing hallway between someplace and someplace else aboard the Deltaur.
An elevator door to the lower level	An elevator door to the lower level
An elevator door to the upper level	An elevator door to the upper level
These egg-shaped lights - if that's what they are - are just another example of the rather whimsical designs you've observed on this ship. For ugly, smelly, green, planet- destroying murderers, the Sariens appear to have a great sense of aesthetics.	These egg-shaped lights - if that's what they are - are just another example of the rather whimsical designs you've observed on this ship. For ugly, smelly, green, planet- destroying murderers, the Sariens appear to have a great sense of aesthetics.
It's a port of some kind. You've seen more empty space than you care to ever again.	It's a port of some kind. You've seen more empty space than you care to ever again.
Those are some weird globes. They aren't operating at this time.	Those are some weird globes. They aren't operating at this time.
You don't really like the way the red floor and green walls clash but, all in all, its a pretty nice looking room.	You don't really like the way the red floor and green walls clash but, all in all, its a pretty nice looking room.
Fantastic technology... isn't it?	Fantastic technology... isn't it?
panel of lights	panel of lights
It's a panel of lights.	It's a panel of lights.
Since your X-ray Vision Specs have not yet arrived in the mail, you don't even know this room is over here, so quit messing around and do something useful.	Since your X-ray Vision Specs have not yet arrived in the mail, you don't even know this room is over here, so quit messing around and do something useful.
You're uncertain whether this is a Walwoodian cryobaric hypersleep chamber or the transmission out of a late model Buick Skylark.	You're uncertain whether this is a Walwoodian cryobaric hypersleep chamber or the transmission out of a late model Buick Skylark.
rear view mirror	rear view mirror
It appears to be a standard driver-side rear view mirror, probably standard on all ships of this class.	It appears to be a standard driver-side rear view mirror, probably standard on all ships of this class.
globes-o-power	globes-o-power
Two zapping, crackling globes spew forth gargantuan amounts of sizzling raw energy. Kinda neat, huh?	Two zapping, crackling globes spew forth gargantuan amounts of sizzling raw energy. Kinda neat, huh?
You surmise this is a Sarien enlisted being.	You surmise this is a Sarien enlisted being.
One of those gruesome red-suited Sariens is patrolling the hallways, looking for intruders to toast.	One of those gruesome red-suited Sariens is patrolling the hallways, looking for intruders to toast.
This is where the Sariens placed the Star Generator after lifting it from the Arcada.	This is where the Sariens placed the Star Generator after lifting it from the Arcada.
The left hand force field emitter, much like the right, radiates an unknown form of energy that keeps you from approaching the Star Generator.	The left hand force field emitter, much like the right, radiates an unknown form of energy that keeps you from approaching the Star Generator.
The right hand force field emitter, in a fashion altogether similar to the left hand one, beams an inexplicable power into the vicinity of the Star Generator that makes it impossible to get near.	The right hand force field emitter, in a fashion altogether similar to the left hand one, beams an inexplicable power into the vicinity of the Star Generator that makes it impossible to get near.
Cowabunga, Wilco - this is IT! It's the unimaginably powerful Star Generator, which must not, at any cost, be allowed to remain in the hands of the evil Sariens! (but you knew that, right?)	Cowabunga, Wilco - this is IT! It's the unimaginably powerful Star Generator, which must not, at any cost, be allowed to remain in the hands of the evil Sariens! (but you knew that, right?)
The pulsing energy surging from the Star Generator tells you that it has been activated and you had better quit hanging around staring at the pretty colors.	The pulsing energy surging from the Star Generator tells you that it has been activated and you had better quit hanging around staring at the pretty colors.
A receptor for somekind of remote control signal.	A receptor for somekind of remote control signal.
It's the used gas grenade.	It's the used gas grenade.
Da Cnythuk	Da Cnythuk
upper landing	upper landing
It's the walkway above the Star Generator.	It's the walkway above the Star Generator.
force field emitter 	force field emitter 
This is one of the force field's emitters.	This is one of the force field's emitters.
The Wally Tubes look strangely empty without Thunder Agents in them.	The Wally Tubes look strangely empty without Thunder Agents in them.
outer space 	outer space 
Looking into the vast reaches of space gives you the curious illusion of being tiny, unimportant, insignificant, negligible, and totally irrelevant in the scheme of things. Then you realize it's not an illusion.	Looking into the vast reaches of space gives you the curious illusion of being tiny, unimportant, insignificant, negligible, and totally irrelevant in the scheme of things. Then you realize it's not an illusion.
This is the control keypad, which is used to input instructions to the Star Generator.	This is the control keypad, which is used to input instructions to the Star Generator.
|PadButton	|PadButton
You're in a brightly-colored hallway aboard the Deltaur. Two elevators dominate the upper level.	You're in a brightly-colored hallway aboard the Deltaur. Two elevators dominate the upper level.
left elevator door	left elevator door
It's an elevator, much like the ones you used to waste time in aboard the Arcada.	It's an elevator, much like the ones you used to waste time in aboard the Arcada.
The right elevator is identical to the left except for the ugly green guy standing in front of it.	The right elevator is identical to the left except for the ugly green guy standing in front of it.
right elevator door	right elevator door
escape pod launch tube	escape pod launch tube
"Roger Wilco, we, the people of Xenon, extend our limitless appreciation and eternal gratitude for your acts of heroism."	"Roger Wilco, we, the people of Xenon, extend our limitless appreciation and eternal gratitude for your acts of heroism."
"Because of your bravery, the planet Xenon, and indeed the entire galaxy, has been saved from domination by the evil (not to mention ugly) Sariens."	"Because of your bravery, the planet Xenon, and indeed the entire galaxy, has been saved from domination by the evil (not to mention ugly) Sariens."
"Now, if you'd only been smart enough to bring along the data cartridge containing the construction specifications, we'd be able build a new Star Generator, thereby saving Xenon from the horrors of a rapidly cooling planet. Oh, well. You are just a janitor."	"Now, if you'd only been smart enough to bring along the data cartridge containing the construction specifications, we'd be able build a new Star Generator, thereby saving Xenon from the horrors of a rapidly cooling planet. Oh, well. You are just a janitor."
"It is my honor to present you with the coveted Golden Mop, a symbol of pride and accomplishment to members of your esteemed profession."	"It is my honor to present you with the coveted Golden Mop, a symbol of pride and accomplishment to members of your esteemed profession."
"Henceforth and for all time you will be known as Hero of Xenon."	"Henceforth and for all time you will be known as Hero of Xenon."
green bldg	green bldg
two guys	two guys
blue bldg	blue bldg
apartment buildings	apartment buildings
guy 1	guy 1
bubbleGum chewer	bubbleGum chewer
guy 2	guy 2
clark Kent	clark Kent
This is your head. (Didn't you learn this stuff a real long time ago?)	This is your head. (Didn't you learn this stuff a real long time ago?)
This button allows you to exit this screen.	This button allows you to exit this screen.
droid arm	droid arm
You see a data cartridge clasped in the droid's manipulator.	You see a data cartridge clasped in the droid's manipulator.
cracked monitor	cracked monitor
data computer	data computer
This is the Data Retrieval console.	This is the Data Retrieval console.
control panel	control panel
This is the control panel for the Data Retrieval console.	This is the control panel for the Data Retrieval console.
These are some highly decorative illumination devices for the console.	These are some highly decorative illumination devices for the console.
It's you and you're darned handsome if you do say so yourself.	It's you and you're darned handsome if you do say so yourself.
Buttons reside here. You hate buttons. They confuse you so.	Buttons reside here. You hate buttons. They confuse you so.
Enter a Code Sequence to retrieve Data cartridges.	Enter a Code Sequence to retrieve Data cartridges.
These buttons allow you to enter a code into the computer.	These buttons allow you to enter a code into the computer.
Enter	Enter
This button confirms entry of the code you keyed-in and begins the search for the corresponding cartridge.	This button confirms entry of the code you keyed-in and begins the search for the corresponding cartridge.
Press this button if you want to turn the keypad off.	Press this button if you want to turn the keypad off.
Dialog	Dialog
Controls	Controls
There are a couple of non-galactic looking humanoids cranking out some unfamiliar sounding tunes. They seem interested solely in the music they are performing.	There are a couple of non-galactic looking humanoids cranking out some unfamiliar sounding tunes. They seem interested solely in the music they are performing.
On stage, a strangely attired woman performs her act (if that's what you want to call it). You haven't had a girlfriend for a long time (more like forever), but even that's not enough to make her attractive.	On stage, a strangely attired woman performs her act (if that's what you want to call it). You haven't had a girlfriend for a long time (more like forever), but even that's not enough to make her attractive.
On stage are two heavily-bearded gents and a relatively clean-shaven drummer. They're one of the hottest bands in the quadrant.	On stage are two heavily-bearded gents and a relatively clean-shaven drummer. They're one of the hottest bands in the quadrant.
slot guy	slot guy
Some strange, blue dude currently monopolizes the Slots-O-Death machine.	Some strange, blue dude currently monopolizes the Slots-O-Death machine.
The escape pod is destined to remain a monument to your visit.	The escape pod is destined to remain a monument to your visit.
Please enter a Navigational Code Sequence to allow course plotting.	Please enter a Navigational Code Sequence to allow course plotting.
9:vr	9:vr
x9i9:vr	x9i9:vr
69:vr	69:vr
Sarien	Sarien
countdown window	countdown window
elevator shaft	elevator shaft
This is an elevator shaft. Elevators are known to have traveled these parts, mostly up and down.	This is an elevator shaft. Elevators are known to have traveled these parts, mostly up and down.
This is an elevator shaft.	This is an elevator shaft.
In the distance is the galaxy-famous Skihairy mountain range. Nestled in its southernmost slopes is the renowned YoMammy National Park, usually hip-deep in tourists this time of year. Oh, well - maybe next trip.	In the distance is the galaxy-famous Skihairy mountain range. Nestled in its southernmost slopes is the renowned YoMammy National Park, usually hip-deep in tourists this time of year. Oh, well - maybe next trip.
What a sky this planet has! You've never seen its like outside a toxic waste dump.	What a sky this planet has! You've never seen its like outside a toxic waste dump.
big moon	big moon
Kerona has two moons. This one's the bigger of two.	Kerona has two moons. This one's the bigger of two.
small moon	small moon
Kerona has two moons. This one's the smaller of two.	Kerona has two moons. This one's the smaller of two.
radar post	radar post
Kerona's relatively flat desert stretches out into the distance.	Kerona's relatively flat desert stretches out into the distance.
your pilot droid	your pilot droid
Your new pilot droid appears to be a bit dinged up, but functional. You hope that he knows more about piloting a spaceship than you do.	Your new pilot droid appears to be a bit dinged up, but functional. You hope that he knows more about piloting a spaceship than you do.
cp0"	cp0"
You're in another area of the Deltaur.	You're in another area of the Deltaur.
It's one of the Sarien gaurds.	It's one of the Sarien gaurds.
sarien officer	sarien officer
It's the amount of time remaining before you're pushin' up daisies, Roger!!!!	It's the amount of time remaining before you're pushin' up daisies, Roger!!!!
It's a Sarien officer.	It's a Sarien officer.
Like everything around here, the pipes are extremely colorful. It makes you wonder if the Sariens got a good deal on paint.	Like everything around here, the pipes are extremely colorful. It makes you wonder if the Sariens got a good deal on paint.
Yep. More pipes.	Yep. More pipes.
An elevator shaft runs up through the ceiling and down through the floor.	An elevator shaft runs up through the ceiling and down through the floor.
access tubes	access tubes
This is a hallway access tube leading to another part of the Deltaur.	This is a hallway access tube leading to another part of the Deltaur.
upper level	upper level
You are on the upper level of one of the hallways on the Deltaur.	You are on the upper level of one of the hallways on the Deltaur.
lower level	lower level
You are on the lower level of one of the hallways on the Deltaur.	You are on the lower level of one of the hallways on the Deltaur.
The lovely crisp green of the Keronian atmosphere reminds you that you'll need to do some laundry when (or if) you get back home.	The lovely crisp green of the Keronian atmosphere reminds you that you'll need to do some laundry when (or if) you get back home.
Loitering about the horizon is the second and closest moon of Kerona. It is much less hospitable than the sphere you presently roam.	Loitering about the horizon is the second and closest moon of Kerona. It is much less hospitable than the sphere you presently roam.
distant desert	distant desert
Spread before you is a seemingly endless expanse of sand.	Spread before you is a seemingly endless expanse of sand.
The sand of Kerona has a reddish-orange color. Were you a geologist instead of a janitor, you might find this fact interesting.	The sand of Kerona has a reddish-orange color. Were you a geologist instead of a janitor, you might find this fact interesting.
small dune	small dune
Nomads of the desert, dunes are spread about in nearly every direction.	Nomads of the desert, dunes are spread about in nearly every direction.
A wide selection of skeletal accessories awaits your perusal. Vertebrae, ribs, and who knows what else rest upon the Keronian soil. The average height of this structure looks to be at least 7 meters. Good thing you didn't meet this thing in its heyday.	A wide selection of skeletal accessories awaits your perusal. Vertebrae, ribs, and who knows what else rest upon the Keronian soil. The average height of this structure looks to be at least 7 meters. Good thing you didn't meet this thing in its heyday.
sandy base	sandy base
Upon a very narrow width of Keronian soil, able to resist erosion through the eons, rests the skeletal remains of this mammoth has-been.	Upon a very narrow width of Keronian soil, able to resist erosion through the eons, rests the skeletal remains of this mammoth has-been.
Oddly enough, a plant grows in isolated spots in this inhospitable environment.	Oddly enough, a plant grows in isolated spots in this inhospitable environment.
Oddly enough, a rather bright plant grows in this otherwise flora-free area.	Oddly enough, a rather bright plant grows in this otherwise flora-free area.
spider droid	spider droid
The spider is quite relentless in its pursuit of organic beings. Your quandry is that, to the best of your knowledge, you are the only one in the area fitting that description.	The spider is quite relentless in its pursuit of organic beings. Your quandry is that, to the best of your knowledge, you are the only one in the area fitting that description.
Although you've always had an appreciation for the gases of the universe, this one proved a bit overwhelming. It really was a great idea, though. However, you should have chosen a victim not so close to yourself. Better choice next time.	Although you've always had an appreciation for the gases of the universe, this one proved a bit overwhelming. It really was a great idea, though. However, you should have chosen a victim not so close to yourself. Better choice next time.
BLAMMO! Those pulseray pistols sure are effective little weapons. Even after it kills you, your meat continues to cook to nice golden brown. Try not to get shot in the future. Even if your life isn't worth much, think about the rest of the universe.	BLAMMO! Those pulseray pistols sure are effective little weapons. Even after it kills you, your meat continues to cook to nice golden brown. Try not to get shot in the future. Even if your life isn't worth much, think about the rest of the universe.
Inertia	Inertia
controls	controls
Elevator	Elevator
isBlockedPoly?	isBlockedPoly?
Talker	Talker
zg@g 4	zg@g 4
Slider	Slider
Polygon	Polygon
Feature	Feature
Grooper	Grooper
Grycler	Grycler
Sound	Sound
  Save  	  Save  
Replace	Replace
Select the game that you would like to restore.	Select the game that you would like to restore.
Type the description of this saved game.	Type the description of this saved game.
This directory/disk can hold no more saved games. You must replace one of your saved games or use Change Directory to save on a different directory/disk.	This directory/disk can hold no more saved games. You must replace one of your saved games or use Change Directory to save on a different directory/disk.
\ndelete this saved game?	\ndelete this saved game?
Save a Game	Save a Game
Cancel	Cancel
\nDirectory	\nDirectory
 Delete 	 Delete 
with:	with:
Cycle	Cycle
Motion	Motion
?Rzx5	?Rzx5
Free Heap: %u Bytes\nLargest ptr: %u Bytes\nFreeHunk: %u KBytes\nLargest hunk: %u Bytes	Free Heap: %u Bytes\nLargest ptr: %u Bytes\nFreeHunk: %u KBytes\nLargest hunk: %u Bytes
Locale	Locale
Change Directory	Change Directory
Roger is carrying:	Roger is carrying:
nothing!	nothing!
Score: %d out of %d	Score: %d out of %d
Enter input	Enter input
6cfJ\n2"	6cfJ\n2"
Actor	Actor
Collect	Collect
Script	Script
Event	Event
