You talk to yourself and, as usual, learn nothing that you didn't already know.	你自言自語，結果跟往常一樣，學不到什麼新東西。
Hey! One shouldn't attempt to manipulate one's self in a family game.	喂！這可是闔家歡樂的遊戲，別對自己毛手毛腳的。
Better not. You're likely to get a fur ball.	還是別了吧，你搞不好會咳出一顆毛球。
The odor you're producing causes you to regret skipping last month's shower.	你身上飄出的味道，讓你開始後悔上個月沒去洗澡。
You're too busy right now.	你現在正忙，沒空幹這個。
Better save it for when you're thirsty.	還是留著吧，等你口渴了再說。
You don't want to do that here.	你不會想在這裡做這種事的。
You wisely strap on the jetpack to allow your self motion control.	你很聰明地繫上噴射背包，這樣才能控制自己怎麼動。
The jetpack is useful only in Zero-G situations.	噴射背包只有在無重力狀態下才派得上用場。
Don't bother. This knife wouldn't cut hot lard.	別費事了，這把刀連熱豬油都切不動。
Isn't this just the most amazing waste of time?	這也太浪費時間了吧？
You have to wonder why you're performing such a useless action.	你不禁納悶，自己幹嘛做這種沒用的事。
You wisely decide this is a serious waste of time and energy.	你很聰明，一眼就看出這根本是在浪費時間跟力氣。
You ask yourself why you're doing this and are forced to reply that you just don't know.	你問自己幹嘛這麼做，結果只能老實回答：不知道。
Even for you, this isn't bright.	就算是你，這樣做也不太聰明。
Thank you for playing Space Quest I. You've been most entertaining.	感謝你玩《宇宙傳奇I》，你這一路真是笑料十足。
"Are you sure you want to restart?"	「你確定要重新開始嗎？」
Memory fragmented.	記憶體已經支離破碎。
What did you expect them to do, reproduce?	你還期待「他們」會做什麼，自我複製喔？
You're far too busy for that now.	你現在忙得很，沒空做這個。
You switch the gadget off to conserve its energy.	你把小裝置關掉，省點電。
You switch the gadget on.	你把小裝置打開。
You're far to busy for that now.	你現在忙得很，沒空做這個。
You scrape that sticky goo from the bottom of the rock.	你把石頭底部那坨黏糊糊的東西刮下來。
There is nothing you can do to the rock.	石頭這東西你拿它沒轍。
You've already opened the survival kit and removed its contents.	你早就打開求生包，把裡面的東西拿出來了。
Upon opening the survival kit you discover a Xenon army knife and a canister of dehydrated water.	打開求生包，你發現一把氙星軍刀和一罐濃縮水。
You have %d Buckazoid%s	你有 %d 枚太空幣
Thank you for playing Space Quest I. Too bad you've failed miserably and doomed all of your people to a horrible death at the hands of the Sariens. You quickly glance about the room to see if anyone saw your silly mistake. Better luck next time.	謝謝你玩《宇宙傳奇I》。只可惜你搞砸了，把全體同胞都害死在沙利安人手上，死狀淒慘。你趕緊瞄一眼四周，看看有沒有人看到你這蠢招。祝你下次好運。
Score: %d of %d	分數： %d / %d
As we join our story, the crew of the Arcada is returning home to Xenon after a successful mission developing the Star Generator. Exhilarated by their accomplishments, they are oblivious to the fact that a sinister craft approaches rapidly from behind.	話說我們的故事，阿寇達號的組員們才剛成功研發出星辰產生器，正要返航氙星。他們沉浸在成就的喜悅中，渾然不知一艘來意不善的飛船正從後方急速逼近。
***Thank you for playing Space Quest I. You've been most entertaining.	***謝謝你玩《宇宙傳奇I》，你的表現真是逗趣。
This is the Data Archive of the Arcada. An interesting array of devices (none of of which you know how to operate) are provided for data study by those with proper clearance.	這裡是阿寇達號的資料庫。裡頭擺著一整排稀奇古怪的裝置(你半個都不會操作)，是提供給持有適當權限的人做資料研究用的。
This is an area of non-descript hallway beneath the Data Archive Storage Cabin.	這是一段毫無特色的走廊，就在資料庫儲藏艙下方。
The door opens. A man you recognize as one of the head lab scientists stumbles into the room. He appears to be in serious need of some Abdo-Seal abdomen filler!	門開了。一個你認得是首席實驗室科學家的男人，踉踉蹌蹌地跌進房間裡。他看起來急需來一些「腹腔快補」填充劑！
After only a few steps, he hits the floor with a disconcerting thud.	才走沒幾步，他就砰的一聲倒在地上，那聲音讓人渾身不對勁。
His lips move.	他的嘴唇動了動。
Just before his systems cease all functions short of decay, he looks over toward the shelves full of cartridges and utters "%s". With one last gasp, his lifeless form slumps to the floor.	就在他的身體機能即將完全停擺、只剩腐化一途之前，他望向那排擺滿資料匣的架子，吐出一句「%s」。隨著最後一口氣，他癱軟的身軀滑落在地。
No amount of money will put this man's lungs back in his chest.	就算有再多錢，也沒辦法把這個人的肺放回他的胸腔裡。
It's a grisly sight. You can't tell where the toasted synthetic fabrics end and the fused organic material begins. There is nothing you can do for him now.	這畫面實在慘不忍睹。你根本分不清烤焦的合成布料在哪裡結束，融化的血肉又從哪裡開始。你現在幫不了他了。
You see a man dressed in a lab coat. He appears to be ailing in a major way.	你看到一個穿實驗袍的男人，他的狀況顯然糟透了。
A large laser hole has been burned in his uniform, giving you a nice view of previously unexposed tissue. Struggling painfully, he props himself up on one elbow.	他的制服上被雷射燒出一個大洞，讓你把原本藏在裡面的組織看得一清二楚。他痛苦地掙扎著，靠一隻手肘撐起身子。
You can do nothing more for the fused flesh-heap of a man.	這團燒融的血肉，你再也幫不上什麼忙了。
In his present condition (dead) he can't make any use of the data cartridge.	以他現在的狀態(死人一個)，資料匣對他一點用也沒有。
If you give the keycard to the dead scientist, you won't be able to use the special elevators.	把磁卡留給這個已經死掉的科學家，你就沒辦法用那些特殊電梯了。
The widget apparently has no power to raise the dead.	這個強力磁鐵顯然沒有起死回生的能耐。
The handy dandy translation gadget will not enable you to communicate with the dead.	這台方便好用的翻譯機，可沒辦法讓你跟死人溝通。
His audible forms of communication will be limited to what he can convey through the venting of bodily gases.	他現在唯一能發出的聲音，大概就只剩排氣了。
He didn't smell all that great when he was alive.	他活著的時候，味道也沒多好聞。
The smell of freshly sheared copper fills the air around the damaged scientist.	這位科學家的殘骸周圍，瀰漫著一股剛削下來的銅腥味。
You wouldn't want to do that. Trust me.	你不會想做那種事的，相信我。
This is a Model DX Cartridge Retrieval Unit. Its function is to retrieve and return cartridges from and to the storage unit. It is currently %s.	這是一台 DX 型資料匣取存裝置，功能是從儲存單元存取資料匣。它目前的狀態是 %s。
You can't reach it. Even if you did, the pinchers look quite nasty.	你搆不到它。就算搆得到，那對夾爪看起來也挺兇的。
It doesn't respond to human voice commands. It only works through the data archive console.	它不理會人類的語音指令，只能透過資料庫控制台操作。
I wouldn't be violating his airspace if I were you.	換作是我，可不會靠他那麼近。
You figure the robot probably works for batteries.	你猜這台機器人大概是靠電池運作的。
You decide that the cartridge is too important to give back to the robot.	你認定這個資料匣太重要了，不能還給機器人。
You see no slot on the robot that would fit the keycard.	你在這台機器人身上找不到能插磁卡的插槽。
The widget, being magnetic, sticks to the robot's outer casing. You remove it again with some difficulty.	這個強力磁鐵本身有磁性，一下就吸在機器人外殼上，你費了好一番功夫才把它拔下來。
Since the robot does not speak, the translator has nothing to translate.	這台機器人根本不會說話，翻譯機也沒東西可翻。
You can see a well-lit room above.	你能看到上面有個燈火通明的房間。
You seem to be on the wrong level to do that.	你現在好像不在對的樓層，做不了這件事。
You need to go to the top level.	你得先上到最頂層。
You're currently loitering on one of the upper deck hallways aboard the Starship Arcada.	你目前在阿寇達號星艦的上層甲板走廊間閒晃。
You frisk the scorched body. Other than carbonized materials, your search reveals nothing. Boy, I hope this isn't becoming a new hobby.	你搜了搜這具燒焦的屍體。除了碳化物之外什麼都沒搜到。老天，希望這不會變成你的新嗜好。
You have just stumbled into a small, dark, and very cluttered utility closet. Many things fall and most of them land on you. It doesn't say much for your cleaning prowess.	你一頭撞進一間又小又暗、亂七八糟的雜物間。一堆東西掉了下來，大部分還砸到你身上。看來你打掃的功力也沒多好。
You're startled by the sound of an alarm. Breaking through it, the intercom crackles with the frightened voice of a technician shouting that the Arcada has been boarded by unknown intruders. The transmission ends abruptly in a soundstorm of white noise, soon overtaken by the cold din of silence.	一陣警報聲把你嚇了一跳。廣播系統劈哩啪啦地響起，傳來一名技師驚慌的聲音，大喊阿寇達號已經被不明入侵者攻佔。通話突然被一陣雜訊風暴打斷，隨後只剩下一片冷冽的死寂。
You hear the overly cheerful voice of the ship's computer say: "Destruct sequence is engaged! %d minutes till detonation."	你聽見艦上電腦用過分歡快的語氣說道：「自毀程序已啟動！還有 %d 分鐘就會引爆。」
The light is off. Were it on, you'd notice something called illumination.	燈是關著的。要是開著，你就會注意到一種叫做「照明」的東西。
The sign would yield no smell even if you did have the energy to find a step ladder (which you don't).	就算你有力氣去找個梯子(其實你沒有)，這塊牌子聞起來也不會有什麼味道。
This is Stuart, one of your crewmates. He appears to be non-functional. You used to kid him about it when he was alive but now it's true.	這是史都華，你的組員之一。他現在看起來已經「當機」了。他活著的時候你老拿這個梗虧他，現在倒是真的成真了。
You have to come out of the closet first.	你得先走出這間儲藏室才行。
Though you look like a cartoon character, you're not Stretchman.	雖然你看起來像卡通人物，但你可不是什麼「橡皮人」。
Funny, no response.	奇怪，沒反應。
On second thought, maybe you shouldn't wipe your nose on Stuart's clothes.	想想還是算了，你大概不該拿史都華的衣服來擦鼻涕。
Oh, that's really sick. You really should seek professional help.	喔，這也太噁心了。你真的該去看醫生了。
It's unlikely Stuart will be spending any money in the forseeable future.	短期內史都華大概不會花什麼錢了。
Stuart was never much help to you, but now he's ignoring you entirely.	史都華以前就幫不了你什麼忙，現在更是完全不理你了。
Stuart doesn't plan to use one of the special elevators anytime soon.	史都華短期內應該不會用到那些特殊電梯了。
You wave the widget over Stuart's body. He's still dead.	你拿強力磁鐵在史都華的屍體上晃了晃。他還是死的。
Even using the translator gadget, you can't communicate with Stuart. He's still dead.	就算用了翻譯機，你也沒辦法跟史都華溝通。他還是死的。
This is an elevator to one of the lower levels.	這是一部通往下層樓的電梯。
Pressing your nose to the elevator door merely serves to cool off your nostril hairs. The door has no fragrance.	把鼻子貼在電梯門上，頂多只能讓你的鼻毛涼快一下。這扇門沒什麼味道。
People are going to start wondering about you if you keep applying your tongue to unusual places.	你再這樣到處舔奇怪的地方，大家真的會開始懷疑你有問題。
Nothing is visible because of the darkness in here. It's one of the reasons that this is your favorite room aboard the Arcada.	這裡黑得什麼都看不見，這也是你最愛阿寇達號這個房間的原因之一。
This is the access device to your favorite area of the ship - the closet.	這是通往你在艦上最愛地點——儲藏室——的出入裝置。
The light's flashing. Hmm, let's see...That seems to ring a distant bell. Oh yeah, now you remember! It means that all living things now aboard the ship could die due to some disastrous situation that currently exists. Whatever the case, some personal hide preservation is in order.	燈在閃。嗯，讓我想想……好像有點印象。對了，你想起來了！這代表艦上目前發生了某種災難，所有活著的東西都可能因此喪命。不管怎樣，現在該做的是先保住自己這條命。
Since the sign is recessed into the wall you can do nothing with it. A nice, distinct hand print now remains on the alert sign.	這塊牌子是嵌進牆裡的，你拿它沒轍。倒是警示牌上，現在留下了一個清清楚楚的手印。
You take a whiff and notice a smell common to electronics which haven't had power applied to them in a quite a while.	你聞了一下，聞到一股很久沒通電的電子產品常有的味道。
Boy, was that a bad idea. Your tongue now bears the residue left behind by adventurers who, like yourself, have shown a need to press various and sundry organs against the sign.	老天，這下慘了。你的舌頭上現在沾滿了殘留物——那些跟你一樣，忍不住要拿各種器官去貼這塊牌子的冒險者留下的痕跡。
You search Jerry's body and find %s	你搜了傑瑞的屍體，找到 %s
He smells like Jerry.	他聞起來就像傑瑞。
I don't think you really want to taste Jerry. But then, who knows?	我看你應該不會真想嚐嚐傑瑞的味道吧。不過，誰知道呢？
Jerry won't be needing any cash soon	傑瑞短時間內應該用不到什麼現金
If Jerry ever knew how to read this cartridge, he's not telling now.	就算傑瑞以前知道怎麼讀這個資料匣，他現在也不會說了。
You really shouldn't put the keycard back -- you're going to need it later.	你真的不該把磁卡放回去——你晚點還用得到。
Jerry is beyond the need for a widget.	傑瑞已經用不著什麼強力磁鐵了。
Jerry doesn't appear to be saying anything for the translator gadget to translate.	傑瑞看起來沒說什麼話，翻譯機沒東西可翻。
You can't do that from your current position.	你現在這個位置做不了這件事。
You can't do that from this level.	在這層樓，你做不了這件事。
This is an elevator to one of the upper levels.	這是一部通往上層樓的電梯。
Your search of %s reveals nothing even you'd carry.	你搜遍了 %s，連你這種什麼都撿的人都找不到半樣東西。
You can't mess with anything that's not on your floor.	不是你這層樓的東西，你就別亂碰。
Dead people sure are boring!	死人還真是無聊透頂！
Gee, He doesn't smell bitter, taste him.	咦，他聞起來不苦耶，嚐嚐看。
Hmmmm, still not bitter, just like you thought.	嗯……還是不苦，跟你想的一樣。
You owed Dave a couple of Buckazoids, but there's not much point in repaying them now.	你欠戴夫幾個太空幣，不過現在還他也沒什麼意義了。
Dave seems somehow disinterested in the cartridge.	戴夫對這個資料匣，似乎完全提不起興趣。
Dave never had a keycard, and he sure doesn't need one now.	戴夫從來沒有磁卡，現在更是用不著了。
Dave is remarkably unresponsive to your offer of a widget.	戴夫對你遞出的這個強力磁鐵，完全沒有反應。
Dave has given up speaking for the rest of his life. Even the translator gadget won't help here.	戴夫這輩子是不會再開口說話了，就算翻譯機也幫不上忙。
You can't manipulate anything not on your level.	不在你這層樓的東西，你動不了。
Hey keep your tongue to yourself, slimeball.	喂，把你的舌頭收好，噁心鬼。
Hey, she's wearing that really great perfume again, Eau DePain.	嘿，她又噴上那款超讚的「苦水香水」了。
It's unlikely Blanche would appreciate the gesture.	布蘭琪大概沒辦法欣賞你這番心意。
Blanche pays as much attention to you as she ever has.	布蘭琪一如既往地不理你。
Blanche shows as much interet in the keycard as you might expect her to, being dead and all.	畢竟人都死了，布蘭琪對這張磁卡的興趣，正如你所預期的——一點都沒有。
Your shiny new widget is not making much of an impression of Blanche, that's for sure.	你那個閃亮亮的新強力磁鐵，顯然沒有讓布蘭琪留下什麼印象，這是肯定的。
The translation gadget does not appear to work if there's no speech to translate, and Blanche is remarkably quite lately.	如果沒有話可翻，翻譯機似乎也派不上用場——而布蘭琪最近可安靜得很。
This elevator goes down.	這台電梯往下開。
This elevator goes up.	這台電梯往上開。
Your search of the body reveals nothing.	你搜遍屍體，什麼都沒找到。
Gosh, Randy's even quieter in this state.	天哪，蘭迪這種狀態下更安靜了。
Randy's recently re-exposed and re-heated lunch smells pretty good. You start to regret having slept through lunch.	蘭迪剛翻出來、重新加熱過的午餐聞起來還挺香的，你開始後悔自己把午餐時間睡掉了。
Although it's darn tempting, all this tension has your stomach churning. The last thing it needs is more stomach acid, especially from someone else's stomach.	雖然真的很誘人，但這股緊張感已經讓你胃翻攪個不停。你的胃現在最不需要的，就是再多一點胃酸——尤其是別人胃裡的胃酸。
Randy, usually a sucker for a Buckazoid, is showing a remarkable lack of interest.	蘭迪平常看到太空幣就走不動路，這次卻異常地沒興趣。
Randy ignores your efforts to ask him about the cartridge, maybe because he's dead.	蘭迪完全不理你問資料匣的事，也許是因為他已經死了。
Randy doesn't seem to want the keycard. His present condition may have something to do with this.	蘭迪好像不想要這張磁卡，可能跟他目前的狀態脫不了關係。
Whatever this thing does, reanimating the dead does not appear to be one of them.	不管這東西是做什麼用的，讓死人復活顯然不在它的功能清單裡。
Even you don't need a translator to get the message that Randy is D-E-A-D.	連你都不必靠翻譯機，也看得懂蘭迪已經死—透—了。
Normally a pleasant guy to talk with, Hugh is pretty darn boring now.	休平常是個很健談的人，現在卻無聊到不行。
Either you have a taste for sweat or you didn't smell him before you tried to taste him.	不是你口味特殊愛汗味，就是你舔他之前根本沒先聞一下。
Hmmm. I think Hugh might have missed a shower or two. Or perhaps his body got sweaty from the heat of that laser blast.	嗯……我猜休可能好幾天沒洗澡了。或者，是被那發雷射轟出來的熱氣給薰出一身汗。
Your money doesn't hold much interest for Hugh at this point	你的錢，對休來說，此刻已經沒有意義了
Hugh offers you no help with the cartridge.	休沒辦法幫你查資料匣的事。
If Hugh could speak, he'd tell you he doesn't want the keycard. He might also have something to say about your intelligence.	要是休還能開口，他大概會說他不想要這張磁卡，順便也會酸你的智商兩句。
It's possible Hugh's only pretending disinterest in the widget. It's also possible he's still dead.	休也許只是裝作對這個強力磁鐵沒興趣。也可能，他還是老樣子——死的。
Blatant, messy death requires no translation.	死得這麼慘烈又明顯，用不著翻譯。
Widgets don't talk.	小裝置不會講話。
It smells magnetic.	聞起來有磁性。
It tastes quite metallic.	嚐起來滿有金屬味的。
Hey, flow through ventilation! You'd best avoid those guys in the future.	嘿，那股氣是從通風口灌進來的！你以後最好離那些傢伙遠一點。
It's a star. You don't do anything with it. If you get close enough though, it will do anything it wants to you.	那是一顆恆星。你對它做不了什麼。不過只要你靠得夠近，它要拿你怎麼樣都行。
If you want to talk to a star, call the Elvis hotline.	想跟明星聊天喔？打去「貓王專線」試試看啊。
It's a TV picture, remember?	這只是電視畫面而已，別忘了。
It's tuned as well as it will come in. Let's face it, that guy's gonna be ugly no matter how you adjust it.	它已經調到能收到的最佳畫質了。老實說，不管你怎麼調，那傢伙看起來都醜。
Alas, it is speechless.	唉，它沒法說話。
Sure. Just go up and do any old thing you want. They look friendly.	喔對啊，你儘管走過去，想幹嘛就幹嘛，他們看起來人超好的。
These guys carry weapons. How wise do you think that is?	這些傢伙可是帶著武器的，你覺得這樣做聰明嗎？
You'd need to be closer for that.	你得再靠近一點才行。
Sorry. It's just an incredible facsimile and not capable of functioning!	抱歉，這只是個做得惟妙惟肖的複製品，根本沒辦法運作！
Boy, you're lonely!	老兄，你也太寂寞了吧！
I don't think it's a good idea to be doing that kind of thing to someone else's joystick.	我看你還是別亂碰別人的搖桿比較好。
Hey, you don't know were this thing has been!	嘿，你根本不知道這東西去過哪些地方！
Though you've been known to have a fondness for manipulating small rodents, this one is obviously decorative (at least in someone's mind).	雖然大家都知道你喜歡摸小老鼠，但這隻顯然只是裝飾用的（至少某人是這麼想的）。
I'm glad, for your sake, that no can see what you're trying to do.	看在你的份上，還好沒人看到你在幹嘛。
Funny, it doesn't smell like a rodent.	奇怪，聞起來不像老鼠耶。
Good thing that isn't a real mouse or you'd be hacking up furballs.	還好這不是真老鼠，不然你早就吐出一堆毛球了。
Do you know how many hours you've spent cleaning view screens because of acts like that!	你知道自己花了多少小時，就是在擦掉你這種行為弄髒的螢幕嗎！
BOING! Right back in your face those words did come.	咚！那些話就這樣彈回來，正中你的臉。
Smells like viewdex with pneumonia-f.	聞起來就像得了F型肺炎的Viewdex機。
Unfortunately, it tastes like viewdex with pneumonia-f!	很不幸，嚐起來也像得了F型肺炎的Viewdex機！
These wires are way out of reach. Besides, you don't need them.	這些電線根本搆不到，而且你也用不著。
Still looking for someone to understand you and see you for what you really are?	還在找一個真正懂你、看見真實自己的人喔？
You can't smell them way up there.	它們掛得那麼高，你聞不到。
They're too far away to taste.	離太遠了，嚐不到。
As much as you feel like pounding out a colonically stimulating version of 'chopsticks', you realize that it's time to get serious about surviving. (At least, we think you do.)	你很想敲一段讓人腸胃翻攪的「筷子曲」，但你也明白，該是正經求生的時候了。（至少，我們是這麼希望的。）
The keyboard has no sampler. That is what you meant to try, wasn't it?	這鍵盤沒有取樣功能。你該不會是想試試這個吧？
It smells like lots of fingers pressed around this thing.	聞起來像是一堆手指在這上面摸來摸去。
It tastes like lots of unclean fingers pressed around this thing.	嚐起來像是一堆不乾淨的手指在這上面摸來摸去。
The incredibly huge cords are affixed to the deck and can't be moved.	這些粗到誇張的電纜線固定在地板上，動不了。
Come to your senses.	清醒一點吧。
It smells like vinyl-encased wiring.	聞起來像是包了塑膠外皮的電線。
You must have something more important to do than going around sucking on vinyl insulation.	你應該有更重要的事情要做，而不是到處吸塑膠絕緣皮。
You slide the keycard into the slot. The lock releases with a satisfying click, and the elevator doors slide open.	你把磁卡插進插槽，鎖「喀」一聲應聲彈開，電梯門緩緩滑開。
The bay doors are currently open.	艙門目前是開著的。
The bay doors are currently closed.	艙門目前是關著的。
You overhear a couple of strange guys conversing nearby.	你偷聽到附近有幾個怪傢伙在交談。
Through this window you can see down into the pod bay. A pod sits waiting on the launch track. The large bay doors are currently %s.	透過這扇窗，你可以看到下方的逃生艙艙房。一艘逃生艙正停在發射軌道上待命。那扇大艙門目前是%s。
There are only a couple of buttons that look like they do anything.	看起來能用的按鈕就只有那幾個。
You already have two other buttons to choose from.	你已經有另外兩個按鈕可以選了。
These are locked down. They won't help you anyway.	這些都鎖死了，反正也幫不上忙。
None of these buttons are operational at this time.	這些按鈕目前都沒有作用。
A spacesuit hangs in the closet. A helmet sits on the top shelf.	櫃子裡掛著一套太空裝，最上層的架子上放著一頂頭盔。
You notice some sort of gadget in the drawer.	你注意到抽屜裡有個像是小裝置的東西。
There is nothing inside the drawer. You push the button and the drawer slides neatly back into place.	抽屜裡什麼都沒有。你按下按鈕，抽屜俐落地滑回原位。
There are no controls on this panel. It is populated only by gauges and read-outs.	這面板上沒有任何控制裝置，只有一堆儀表和讀數顯示。
Does that artificial gravity do the job, or what.	這個人工重力還真夠力，是吧。
That concludes your experiment on the effects of vacuum on the unprotected human body. Wasn't that fun!	你這場「沒穿裝備直接暴露在真空中會怎樣」的實驗到此結束。好玩吧！
The massive bay doors are %s.	那扇巨大的艙門目前是%s。
You can't open the Bay doors from this room.	你沒辦法從這個房間打開艙門。
Some alien anchorbeing is broadcasting a message about the stolen Star Generator.	某個外星「主播生物」正在播報星辰產生器遭竊的消息。
A blank monitor hangs from the ceiling.	天花板上掛著一台沒畫面的螢幕。
You exit the escape pod.	你走出逃生艙。
Remove your seatbelt first. It works better.	先解開安全帶，這樣比較好用。
Please press the desired button on the inset.	請按下面板上你想要的按鈕。
This option works better with the power on.	開電源後這個選項才比較管用。
You will need to leave the Launch Bay first.	你得先離開發射艙房才行。
This option works only when clear of the Arcada.	只有在遠離阿寇達號之後，這個選項才有用。
Nothing much will happen without power.	沒開電源的話，不會有什麼反應。
Buckle up for safety, buckle up.	為了安全繫上安全帶，繫上安全帶。
As you slide the throttle forward, you can feel the Arcada start to shake.	你把節流閥往前推，感覺到阿寇達號開始震動起來。
Guess those doors are as strong as they look.	看來那些門真的跟外表一樣堅固。
Through the open bay doors you can see a plethora of stars.	透過打開的艙門，你可以看到滿天星斗。
Your view is limited by the closed bay doors.	艙門關著，擋住了你的視線。
You don't need that right now.	你現在用不到這個。
THIS BUTTON IS NOT TO BE PUSHED AT ANYTIME.	這個按鈕任何時候都絕對不准按！
This is the power button for the escape pod.	這是逃生艙的電源按鈕。
Gee, all of a sudden the engines have grown quiet. Boy, you sure were zooming along for quite some time.	天啊，引擎突然安靜下來了。老兄，你可真是飆了好長一段時間。
Of course, the zooming part is over now since you've run out of fuel. You'll just float along on inertia with no control of your attitude or destination.	當然啦，飆速的部分已經結束了，因為你的燃料用光了。接下來你只能靠慣性漂流，沒辦法控制姿態或目的地。
Yep, you're still drifting hopelessly through space. Bummer, eh?	沒錯，你還在太空裡漫無目的地漂流。有夠衰的，對吧？
Hunger grows to a level where your body decides to start feasting on itself. In your last conscious thoughts it dawns on you that navigation of some sort might have been a big helper here.	飢餓感終於強到讓你的身體開始「自己吃自己」。在意識消失前的最後一刻，你才驚覺，早知道學點導航技術就好了。
Please stay seated until the space pod has come to a complete stop. Thank you for your cooperation.	請在太空艙完全停妥前留在座位上，謝謝合作。
The pod has gone through some changes. All systems seem to have died and the windshield is now embossed with a lovely mosaic pattern.	這艘逃生艙經歷了一番「大改造」：所有系統似乎都掛了，擋風玻璃現在還多了一層漂亮的馬賽克裂紋。
The inside of the Arcada's escape pods is not exactly packed with luxurious appointments. However, when it comes to saving one's posterior, it's as good as a Rolls.	阿寇達號逃生艙的內裝說不上豪華舒適，不過講到保住你的屁股，它可比勞斯萊斯還管用。
The pain fades away along with any sense of belonging to the community of the living. Your powerless pod drifts through space for eons, eventually being plowed by some primitive deep space probe. Knowing that your insurance deductible was much too high anyway, you gain a new appreciation for death.	痛楚漸漸消退，連同你屬於「活人世界」的那份歸屬感一起。失去動力的逃生艙就這樣在太空裡漂流了千秋萬世，最後被某艘原始的深空探測器一頭撞上。想到自己的保險自付額本來就貴得離譜，你反而對死亡有了全新的體悟。
Please press the desired button.	請按下你想要的按鈕。
Thank you for flying Arcada Getaway Podlines! It's nearly been a pleasure serving you. Tell a friend (if you've got one).	感謝您搭乘「阿寇達脫逃艙運」！為您服務差不多算是一種榮幸。要記得告訴朋友喔（如果你還有朋友的話）。
This has been rendered inoperable due to the shock of that less-than-graceful landing.	在那次「毫不優雅」的降落衝擊下，這東西已經徹底報廢了。
The fuel supply has expired.	燃料已經耗盡了。
This button just doesn't work the same since the accident.	這顆按鈕自從那次意外後，就一直不太對勁。
You have a feeling you shouldn't have pressed that button.	你有種預感，剛才不該按那顆按鈕的。
Ouch! I think we've got some serious organ damage here! All of them, of course, could be easily replaced in the time period from which you've just arrived. However, a quick scenery check reveals that you are now in the Dark Ages. The only transplant you'll get here is from carcass to spit over flame.	哎唷！看來你的內臟嚴重受損了！這些器官在你原本那個時代其實都能輕鬆換新，可惜你現在人在黑暗時代。這裡唯一的「器官移植」，就是把你的屍體串起來架在火上烤。
As you draw a few final lungfuls of oxygen through your newly-acquired sucking chest wound, you gleefully notice your final resting place is near beautiful Nottingham Castle - universally renowned for its inclusion in Sierra's 'Conquests of the Longbow'.	你透過新添的胸口破洞吸進最後幾口氧氣，卻開心地發現自己命喪的地方，離美麗的諾丁漢城堡不遠——那正是因為在 Sierra 出品的《Conquests of the Longbow》裡出現過而聲名遠播。
Oh, my goodness! You're shocked to hear some highly inflammatory language making its way into your auditory canals. Must be some uncivilized ruffians in the nearby pub.	天哪！你驚訝地聽見一連串火爆的粗話鑽進耳朵裡，一定是附近酒吧那些沒教養的傢伙在鬧事。
Well, you're dead again. We even warned you not to push that button. You have no one to blame but yourself for having to sit through a plug for another fine Sierra product. Maybe you'll follow directions next time. Thanks for playing (and all that stuff).	好啦，你又死了。我們都警告過你別按那顆按鈕了。現在得乖乖看一段其他 Sierra 好產品的廣告，也只能怪你自己。下次記得乖乖照指示做。謝謝遊玩（諸如此類的話）。
The lack of fuel allows you to float aimlessly through space.	燃料耗盡讓你只能在太空裡漫無目的地飄。
You are already thrusting through space.	你已經在太空中全速推進了。
You have no need to remove your seatbelt.	你沒必要解開安全帶。
Hey, this baby saved your life. The view out the window, however, might make you regret it.	嘿，這寶貝救了你一命。不過窗外的景色，可能會讓你後悔活下來。
Dials galore populate the instrument console of the pod cabin.%s	逃生艙艙房的儀表板上，滿滿都是各種轉盤。%s
This is the pod's instrument console. Dials, gauges, and a couple of controls fill out the board.%s	這是逃生艙的儀表板，上面滿是轉盤、儀表和幾個控制鈕。%s
This is the lucky escapee's seat.%s	這是幸運逃生者的座位。%s
Through the fractured pod window, you see utter desolation spread out before you. You suddenly feel very lonely.	透過逃生艙破裂的窗戶，你看見眼前是一片荒蕪，突然覺得好孤單。
The window allows you an unrestricted view of the vast nothingness of space.	這扇窗讓你把浩瀚太空的一片虛無看得清清楚楚。
The rugged landing liberated the survival kit from its mounting fixture.	這次硬著陸把求生包從固定架上震了下來。
Within the survival kit are the necessities for surviving a brief stay in a less-than-hospitable environment.	求生包裡裝的是，在惡劣環境下撐一陣子的必需品。
You can't get that now.	你現在拿不到那個。
Nice lights, huh?	燈光不錯吧？
This is a radar used by the Autonav system.	這是自動導航系統用的雷達。
This button WASN'T to be pushed at anytime. Now that it's dead go crazy and push away.	這顆按鈕本來說什麼都不准按。不過反正它現在壞了，你要按幾下都隨便你。
This is the power button for the escape pod.%s	這是逃生艙的電源開關。%s
Erosion has drilled a small hole into the side of this section of vertebrae. What could be in there?	風化侵蝕在這節脊椎骨的側面鑽出一個小洞，裡面會有什麼呢？
You don't have time for that. You're much too busy running for your life currently.	你沒空做這個，現在你正忙著逃命呢。
This hole isn't of the edible variety.	這個洞不是可以吃的那種。
The dark hole merely echoes your wondrous words.	這個漆黑的洞只是把你的金玉良言原封不動地回音給你聽。
You pick up a faint scent of something organic. Maybe there's someone else on this Ken-forsaken planet.	你聞到一絲若有似無的有機物氣味，說不定這顆被肯拋棄的鬼行星上還有別人。
Being in closer proximity would be helpful.	再靠近一點會比較有幫助。
Cautiously, you decide to investigate further.	你小心翼翼地決定再深入調查看看。
That should teach you not to be messing around in strange holes.	這下你該學乖了，別亂摸奇怪的洞。
It's the hole you were jettisoned from when you were expelled from the cavern area.	這就是你被逐出洞穴區時，被彈射出來的那個洞。
The cave is very small and empty, not unlike your grey matter.	這個洞穴又小又空，跟你的腦袋倒是挺像的。
There's nothing you can do as there is no visible means of entry.	這裡看不到任何入口，你什麼都做不了。
Your shout produces no response.	你大喊了一聲，什麼回應都沒有。
It smells empty.	聞起來空空的。
It tastes calcium-rich.	嚐起來鈣質豐富。
I'd say that the widening of those cracks is an excellent indication that this thing is not a truly stable unit. And don't you hate the way it makes your brain bounce around like a handball in all that spare cranial space?	我看這些裂縫越裂越大，正好說明這東西一點也不穩固。而且你不覺得討厭嗎，你的腦袋在那一大片空蕩蕩的顱腔裡晃來晃去，活像顆手球。
No doubt about it! There's going to be an accident (of one kind or another) on this shaky piece of calcium-rich matter.	肯定沒錯！這塊搖搖欲墜的鈣化骨頭，遲早會出點什麼意外。
You've always got to push things to the limit, don't you? We warned you, but NO! YOU had to do it just one more time. Well, just wait 'til your father gets home!	你就是什麼事都要玩過頭，對吧？我們警告過你了，但是不行！你偏偏要再來一次。好啊，等你老爸回家有你好看的！
If nothing else, it makes a pleasant thud.	至少，它摔下去的聲音還挺悅耳的。
It was not known that you are a master of the protrusion toss! That was a fine effort.	沒想到你是丟骨頭高手！這一手真漂亮。
It's the snapped spinal protrusion you dislodged - resulting in its present position on the sand.	這是你弄斷、震落的脊椎骨凸起物，就這樣掉在沙地上了。
It must be a snapped spinal protrusion just sitting here, without, as yet, having succumbed to the nearly unresistable attraction of gravity.	這根斷裂的脊椎骨凸起物就這麼卡在這，還沒被幾乎無法抗拒的重力給拉下去。
You've done all the relocation of this thing that your limited physique is capable of.	憑你這身有限的力氣，這東西能移動的部分，你都搬完了。
I'll bet that if you COULD reach it from here, you WOULD pull that sucker down on your very own head.	我敢說如果你搆得到，你一定會把這東西拉下來砸在自己頭上。
Hmm. It smells like a smashed vertebral protrusion. Of course, you're not a leading expert on the subject, so you might want a second opinion.	嗯……聞起來像是斷裂的脊椎骨凸起物。當然啦，你又不是這方面的權威專家，最好找個人再確認一下。
Hmm. It smells like a vertebral protrusion you once knew.	嗯……聞起來像是你曾經認識的那根脊椎骨凸起物。
Not much to report aurally.	聽覺上沒什麼好報告的。
Gee! I thought everybody knew what sun-dried gigundasaurus bone smelled like.	哎呀！我還以為大家都知道曬乾的超巨龍骨頭聞起來是什麼味道呢。
It would be like licking a dehydrated peach pit.	感覺就像在舔一顆脫水的桃核。
The only talking ribs you'll ever see are in fast-food commercials.	你這輩子唯一會看到會講話的排骨，大概只有速食廣告裡那種。
These teeth are in to stay.	這些牙齒是拔不下來的。
Many years of sandblasting by the Keronian elements have given the skull a smooth finish.	柯羅娜星多年來的風沙洗禮，把這顆頭骨磨得光滑無比。
Check out the claws on this sucker. We're talking major manicure action. Can't you imagine what it must have been like to serve as one of many hundreds of live meals the gigundasaurus must have shredded and refined internally in it's lifetime.	看看這傢伙的爪子，修剪起來可是一大工程。你能想像當年身為超巨龍一生中撕碎、消化的成百上千頓活體大餐之一，會是什麼滋味嗎？
Can't you just feel the points of those talon-like claws slowly pressing through the thin outer-armour we call skin, popping through and separating ribs, and pushing aside anything it didn't pierce on the way, only to meet mid-torso.	你能感覺到那尖銳的爪尖，慢慢刺穿我們稱之為皮膚的那層薄薄外殼，一路戳破、撐開肋骨，把沿途沒刺穿的東西都推開，最後在軀幹中央會合嗎。
The claws are much too large - not to mention much too deep in the sand - for you to do anything with.	這爪子太大了，而且埋在沙裡太深，你拿它一點辦法也沒有。
Even without the fleshy matter which once enveloped parts of this claw, it won't be moving as a result of anything you could do.	就算包覆這爪子的血肉早已不在，它也不會因為你做什麼而移動半分。
You notice a fine spray of glistening, metallic jelly decorating the walls. Otherwise, it's still the same old homey cave-in-a-skull.	你注意到牆上濺了一層亮晶晶的金屬色黏液，除此之外，這還是那個熟悉又溫馨的頭骨山洞。
This skull makes a darn comfortable little cave if you ignore the disturbing human-size remains in the back.	只要別看後面那些令人不安、跟人差不多大的殘骸，這顆頭骨其實是個挺舒服的小山洞。
You shiver at the sight of the spider droid entering the cave on its spindly legs. The cold metallic body searches for something to get up close and personal with. This could be interesting.	看到蜘蛛機器人踩著細長的腳走進洞裡，你不禁打了個寒顫。那冰冷的金屬軀體正在找東西親密接觸，這下有意思了。
Now THAT was cool! That killed two problems with no stones.	這下真是帥呆了！一顆石頭都沒用，就順便解決了兩個麻煩。
Orat, always in the mood for a snack, snatches the can out of the air with his spacious oral cavity, chews and swallows it. He notices a rumbling deep within his abdomen.	永遠都有心情吃點心的歐拉特，張開他那寬敞的大嘴把罐子從空中接住，嚼一嚼就吞下肚，接著他注意到肚子深處傳來一陣咕嚕聲。
It's too late for that! You'd best jam!!	現在做什麼都太遲了！你最好拔腿就跑！！
OH, NOOOOO!!!	喔，不——！！！
Orat has transformed you into a new piece of recreational equipment. Along with finding this treatment extremely rude, you don't survive it.	歐拉特把你變成了一件全新的休閒器材。這種待遇不但沒禮貌到極點，你也沒能活著撐過去。
It's tough to make friends around here. Relax, stretch out, restore, and let's get back to it. There's adventuring to be done!	在這裡交朋友還真不容易。放輕鬆，伸展一下筋骨，讀取存檔，我們重新來過。還有冒險等著你呢！
It's too late for that now. Orat has already tuned his taste buds to your flavor frequency!	現在做什麼都太遲了，歐拉特的味蕾已經鎖定你的頻率了！
That thing? The knife can barely cut through rancid grell lard, much less the thick hide of Orat.	那把刀？它連臭酸的格瑞爾油脂都快切不動了，更別說歐拉特那身厚皮。
You think you can buy this guy off? HA!	你以為能用錢打發這傢伙？哈！
The data cartridge seems to strike the orat as a big so what.	這個資料匣，歐拉特看了完全是一副「所以呢」的表情。
The widget does not appear edible to the big smelly monster. On the other hand, you do.	這個強力磁鐵看起來不像能讓這隻臭烘烘的大怪物下嚥，不過你看起來倒是可以。
Growwwwrrrr! Hmmm. Sounds the same in any language, doesn't it.	嗚嗚嗚嗚嗷嗚——！嗯，看來不管什麼語言，聽起來都一樣呢。
Throwing him your survival kit does not seem the best strategy for your survival.	把求生包丟給牠，好像不是什麼保命的好招。
Does he look like a vegatarian to you?	你看牠像素食主義者嗎？
Though normally known for his intellectually stimulating conversation in the monster and beast community, Orat seems limited to grunts in the way of response to your probing questions.	雖然歐拉特在怪物與野獸界向來以談吐風趣、發人深省聞名，但面對你追根究柢的提問，他似乎只會發出哼哼聲回應。
The stench? Phew! Not even a text adventure would attempt that description.	那股臭味？呼！就連文字冒險遊戲都不敢形容那是什麼味道。
You wouldn't want to do that. From the stench, you can make an educated guess, and it isn't a pleasant one.	你不會想這麼做的。光聞那股臭味，你大概猜得到答案，而且絕對不是什麼好答案。
You reach down and take the Orat part in your hand. Some of it oozes to fill the space between your fingers.	你伸手拿起那塊歐拉特的殘骸，有些黏液滲出來，填滿了你指縫間的空隙。
You notice a fine spray of glistening, metallic jelly decorating the walls.	你注意到牆上濺了一層亮晶晶的金屬色黏液。
The walls are blank. This place could use some sprucing-up. Perhaps a nice little wall hanging or a velvet Elvis painting could warm the look of the place a bit.	牆上光禿禿的，這地方需要好好裝飾一下。掛幅小壁飾，或是那種俗豔的貓王絨布畫，說不定能讓這裡看起來溫馨一點。
There's nothing on the walls that you want or need.	牆上沒有你想要或需要的東西。
Just leave those depressing remnants of unfortunate explorers alone, will you?	那些倒楣探險者留下的悲哀殘骸，你就別去碰了吧？
They have surprisingly little to say. And if they did, would you really want to stay around to listen.	牠們其實沒什麼好說的。就算有，你真的會想留下來聽嗎。
While you might be in the mood for a little skull, you've got more important business to tend to.	就算你現在很想把玩一下這顆頭骨，也還有更重要的事等著你去辦。
Any scent these skulls may once have had is long gone, compliments of the the incredibly hot, dry climate.	這些頭骨原本可能有的氣味，早就被這裡酷熱乾燥的氣候徹底消滅了。
You have trouble moving your own carcass around. You sure can't move something that weighs several times more than you. Besides, you left your truss back on the Arcada.	你連自己這副身子都搬得吃力，更別說搬動比你重上好幾倍的東西了。而且你的護腰工具還留在阿寇達號上呢。
No odor is detectable.	偵測不到任何氣味。
You've tasted better.	你嚐過更好吃的東西。
While potentially an even conversational match for you, the rock has no speech mechanism.	雖然論聊天程度，這塊石頭搞不好跟你不相上下，但它畢竟沒有發聲構造。
Other than the cave's special aroma, you smell nothing.	除了洞穴特有的那股味道，你什麼都聞不到。
Give it a rest. It's going to be raw soon.	夠了啦，再這樣下去要磨到又紅又痛了。
Nothing to do there.	那裡沒什麼好做的。
Your words echo about the cavern, apparently not destined to fall on the ears of others.	你的話在洞穴裡迴盪，看來注定沒有別人聽得見。
It smells like a musty old cave. They need Cave-B-Nu(tm).	聞起來像個發霉的舊山洞，這裡真該噴點「山洞芳新(tm)」。
Nothing worth tasting there.	那裡沒什麼值得嚐的。
Having an adequate personal collection of natural Keronian adhesive, you choose to leave this sticky gunk where it is.	你自認已經收藏了足夠的天然柯羅娜黏膠，於是決定讓這坨黏稠物待在原地。
This stalagmite has obviously been broken loose previously and set back in place.	這根石筍顯然先前已經被折斷過，後來又被放回原位。
The being responsible - most likely your Keronian counterpart - tried to fool everyone else by using some sticky gunk to hold it together. (Like that would actually fool anyone!.)	始作俑者——很可能是你在柯羅娜星的同類——想用黏稠物把它黏回去，藉此矇騙大家。（好像真的有人會被騙一樣！）
You've already taken the stalagmite.	你已經拿走這根石筍了。
You almost wish you had a table or breadboard to sand.	你幾乎希望手邊有張桌子或砧板可以拿來磨一磨。
You flex those incredible muscles you wish you had, but you're barely able to snap loose the previously fractured stalagmite tip.	你使出想像中那身驚人的肌肉，好不容易才把早已裂開的石筍尖端折斷。
I'll bet you're getting to truly hate this elevator.	我敢說你現在對這台電梯已經恨之入骨了吧。
Hey! What's the deal here?! That elevator doesn't lower - it sucks!	嘿！這是怎麼回事？！這台電梯才不是慢慢降下去——它是用吸的把你吸下去！
Although you imagine yourself a buff individual, you could effect no change in the tube door.	雖然你自認一身肌肉，但你對這扇管道門完全起不了作用。
With professional pride, you observe that the door polish these guys use tastes different than your favorite brand.	你帶著職業般的自豪發現，這些傢伙拿來擦門的亮光劑，嚐起來跟你愛用的牌子不一樣。
The scent of Berzzleweeze Berry rises to be sampled olifactorally. Must be their polish.	一股「博茲莓」的香氣飄了上來，供你的鼻子品鑑一番，想必是他們用的亮光劑味道。
These are stalagmites. They stand silently, just as they have done for so many centuries.	這些是石筍，它們幾世紀以來都是這樣靜靜地佇立著。
They are as solid as rocks and resistant to any manipulation.	它們跟石頭一樣堅固，任你怎麼弄都不為所動。
It said to tell you that it's in a meeting and won't be out all day. Please check again in another version or two.	它要我轉告你，它現在在開會，一整天都不會出來。麻煩你等下一兩個版本後再來看看。
The stalagmite has no smell.	這根石筍聞起來沒什麼味道。
It didn't have a taste but its texture gave your tongue that nice rough-out leather look.	嚐起來沒什麼味道，不過那粗糙的質地，讓你的舌頭多了一層「絨面皮革」的手感。
These are stalactites. They just hang there politely minding their own business.	這些是鐘乳石，就這麼乖乖掛在那邊，管好自己的事，不干涉別人。
You can't. Not without the ladder. (See nose message.)	辦不到，沒有梯子不行。（參見「鼻子」的訊息。）
You can't. Not without the ladder. (See tongue message.)	辦不到，沒有梯子不行。（參見「舌頭」的訊息。）
You can't reach any of them without the ladder.	沒有梯子，你一個都碰不到。
What do you mean, you don't have the ladder?	什麼叫你沒有梯子？
Oh, sorry! We don't let you have one of those until Space Quest III.	喔，抱歉！這個要等到《宇宙傳奇III》才會給你喔。
Did I mention that Space Quest III was the Software Publisher's Association Award-winning Best Adventure Game for 1989?	我剛剛有提到《宇宙傳奇III》拿下了1989年軟體出版商協會的最佳冒險遊戲獎嗎？
You don't care? Sorry. Never mind.	你不在乎喔？好啦，當我沒說。
It's an unconsolidated mixture of rock fragments and pebbles.	這是一堆鬆散的碎石和小石子，沒什麼結構可言。
Unless you get into the masonry field or concrete business they will be of no use.	除非你以後想做泥水或水泥生意，不然這些東西一點用都沒有。
YAaachooo!!! Quit sniffing gravel! It makes me sneeze.	哈啾！！！別再聞碎石了啦！害我一直打噴嚏。
Oh, that's disgusting. Keep running your tongue along the floor like that and you're bound to catch something you don't want.	噁，這也太噁心了吧。你這樣一直用舌頭舔地板，遲早會惹上什麼髒東西。
No one here cares what you have to say.	這裡沒有人想聽你講話。
You get a hint of sulfur in the musty air.	你在這股霉味中聞到一絲硫磺味。
It's a grate monster. At the moment ,he's stuck on something - fortunately not you.	這是隻章魚怪，牠現在被什麼東西纏住了——還好不是你。
It's a grate monster. I'll bet he's lonely and just wants to be your friend.	這是隻章魚怪，我猜牠只是太寂寞了，想跟你交朋友而已。
It smells grate.	聞起來還「鐵」讚的。
I don't think you want to get that close. Then again, maybe you do.	我猜你應該不會想靠那麼近吧。不過……也許你就是想找死。
You now have a chance get your buns out of here. You'd better take advantage of the opportunity.	你現在有機會可以開溜了，最好把握這次機會。
Get closer.	靠近一點。
This is the upper pathway.	這是上層通道。
A path is visible there, but you can't seem to access it from here.	那邊看得到一條路，但你從這裡好像過不去。
This is the lower pathway.	這是下層通道。
There is a path there which you don't seem to have access to from here.	那邊有條路，不過你從這裡好像走不過去。
It's more cave floor.	就是一片洞穴地板而已。
The grate is made of metal and seems to be fastened securely to the floor. A strange tentacled beast lurks at the bottom of the pit.	這片柵欄是金屬做的，看起來牢牢固定在地上。坑底潛伏著一隻詭異的章魚怪。
The grate is made of metal and seems to be fastened securely to the floor. It is too dark to see down through the grate. However, an odd smell emanates from the depths of the pit.	這片柵欄是金屬做的，看起來牢牢固定在地上。裡面太暗了，看不清楚柵欄下方，不過坑底深處飄來一股怪味。
This critter isn't interested in your money - he perfers raw, bleeding flesh.	這隻怪物對你的錢一點興趣都沒有——牠比較想吃鮮血淋漓的生肉。
You doubt this hideous creature could help you read the cartridge.	你很懷疑這隻醜陋的怪物能幫你讀取資料匣。
The monster is much less interested in the widget than in stripping the flesh from your bones.	比起那個強力磁鐵，這隻怪物更想把你啃到只剩骨頭。
The disgusting slimy, slimy, slurping, slithering sounds from the grate would not be improved by running them through the translator gadget.	柵欄裡傳出那些噁心黏糊、滑溜溜、啪滋啪滋的聲音，就算拿去翻譯機轉一轉，也不會變好聽。
You might be able to cut off one head, but, meanwhile, the others would be turning you into fresh-ground turkey.	你或許能砍掉一顆頭，但同一時間，其他幾顆頭早就把你絞成新鮮火雞肉泥了。
You really don't feel like sharing your precious dehydrated water with snake-face here.	你實在不想把你那瓶珍貴的濃縮水，分給這位蛇臉怪。
He's hungry, but not THAT hungry.	牠是餓，但還沒餓成那樣。
Don't waste your time. It's already stuck and you've got better things to do.	別浪費時間了，那東西已經黏住了，你還有更重要的事要做。
You don't need to do that again.	你不需要再做一次。
Don't waste your time. You've got better things to do than throw your items in an empty pit.	別浪費時間了，把東西丟進空蕩蕩的坑裡，你還有更重要的事情可以做。
CRUNCH! CRUNCH! CRUNCH!	喀嚓！喀嚓！喀嚓！
You've been snatched out of existence by the tentacled beast lurking beneath the grate. You feel the painful sting of digestive fluids.	潛伏在柵欄下的章魚怪一把將你拖走，把你從這個世界抹除。你感覺到消化液刺痛的灼燒感。
Don't stop now. We're having so much fun watching you.	別停下來啊，我們看得正開心呢。
Maybe you should've kept that after all.	也許你早該把那東西留著才對。
It's already stuck and you have better things to do.	那東西已經黏住了，你還有更重要的事要做。
Don't waste your time. You've got better things to do.	別浪費時間了，你還有更重要的事要做。
You can't hear anything over the steam and that includes your own voice.	蒸氣的聲音太吵，你什麼都聽不見，連自己的聲音也一樣。
The sulfur in the air is much stronger in here. Each inhalation packs a bit of afterburn as well.	這裡的硫磺味更加濃烈，每吸一口都帶著一點灼燒感。
Not from here.	從這裡不行。
Well, Scott, it looks like Roger has done it again.	嗯，史考特，看來羅傑又搞砸了一次。
It sure does, Mark. Let's run that one again with the aid of our new How-He-Blew-It Cam(tm) and Chalkboard(tm).	沒錯，馬克。讓我們用最新推出的「他是怎麼搞砸的」特寫鏡頭(tm)和戰術黑板(tm)，再重播一次。
I have to say that carefully, Mark. Every time we mention something with a trademark or copyright, the lawyers come out to feed.	這句話我得說得小心一點，馬克。每次我們提到有商標或版權的東西，律師就會跑出來討飯吃。
Instant Replay!!!	即時重播！！！
Now, this is where Roger makes the fatal move.	好，就是這裡，羅傑做出了致命的一步。
And we can all see the result of that mistake.	而我們都看到了這個錯誤的下場。
I don't know about you, Scott. Personally, I like to know exactly what I'm messing with before I actually mess with it. I guess he'll know better next time. Ouch.	我是不知道你怎麼想啦，史考特。我個人的習慣是，動手之前先搞清楚自己在碰什麼東西。我猜他下次應該會學乖吧。唉喲。
Sure, you've died a few deaths before, but this one really burns you. Planets are depending on you. Seeing you do stuff like this is definitely making them nervous.	沒錯，你之前也死過幾次了，但這次真的挺讓人心痛的。可是有好幾顆星球在等你救命呢，看你搞成這樣，大家都替你捏一把冷汗。
This is the steam geyser that you plugged.	這就是你堵住的那個蒸氣間歇泉。
This is a pulsating steam geyser.	這是一座不斷噴發的蒸氣間歇泉。
I wouldn't be touching that directly. It's hot!	我勸你別直接摸那個，很燙的！
Yes, a good steam-cleaning might seem in order right now, considering all the the things you've dragged it over lately. It's the facial peel that is of concern.	沒錯，看你最近拖著它到處跑，現在來個蒸氣洗禮好像也不錯，只是要小心臉皮會被燙脫一層。
You get a whiff of sulfur in the steam-heated air.	你在蒸氣瀰漫的空氣中聞到一絲硫磺味。
"SSSSSS SSSSSSSSSSSS SSS SSSSSS SSSSS SSSSS SSSS" is its response.	「SSSSSS SSSSSSSSSSSS SSS SSSSSS SSSSS SSSSS SSSS」是牠的回應。
Why? Do you plan to practice some auto-surgery techiques? May we suggest a lobotomy?	為什麼？你是打算來練習自體外科手術嗎？要不要考慮直接來一台腦葉切除術？
It just steams up.	它就只是冒著蒸氣而已。
Bad idea.	這主意不太妙。
That piece of stalagmite sure makes a good plug!	這根石筍拿來當塞子還真是剛剛好！
Ooo. Bad idea. It's a bit hot.	喔喔，這主意不太妙，有點燙喔。
You poor, deprived being!	你這可憐的傢伙，什麼都沒享受過！
The smell of sulfur seems to be dissipating.	硫磺味似乎漸漸散去了。
This is an upper pathway in a slightly smaller chamber of the underground complex. Near the middle section of the path, the acid drops have formed a pattern of little holes. No, it's not a dot-to-dot puzzle.	這是地底建築群中一處較小密室裡的上層通道。通道中段附近，酸液滴出了一堆小洞，排成某種圖案。不，這不是連連看遊戲。
This is an upper pathway which is inacessible from here.	這是上層通道，但你從這裡到不了。
Your view is restricted by the closed door.	那扇關著的門擋住了你的視線。
You'll need to move further into the room to receive a better view.	你得再往房間裡面走，視野才會更清楚。
This is a slightly smaller chamber in the underground complex. There is a path above which is not accessible from here. There is a pool on the right side.	這是地底建築群中一處較小的密室。上方有條路，但這裡到不了；右側有一灘水池。
This is the lower ledge for this room. You can't reach it from here -- try going back down.	這是這個房間的下層岩架，你從這裡碰不到——試試看往回走下去。
It's an odd, closed door with no apparent mechanism for opening it.	這扇門很奇怪，緊閉著，看不出有什麼開門的機關。
You are unable to open the door by hand.	你沒辦法用手把門打開。
No amount of screaming will open this door.	就算你把喉嚨喊破，這扇門也不會打開。
Smells pretty much like a strange door which has stood next to a sulfur-spewing geyser for a long period of time.	聞起來就像一扇長年杵在噴硫磺間歇泉旁邊的怪門，還能有什麼味道。
It tastes like rotten Krebble eggs!.	嚐起來像腐爛的克瑞柏蛋！
That doesn't seem to have any effect on the door.	這樣做對這扇門似乎沒有任何效果。
You gaze intently at the greenish pool of liquid, the first real sign of moisture on the planet. The pool seems to have no bottom. The gentle dripping has a soothing effect on your frazzled nerves. A small plume of mist rises as each drop hits the pool's surface.	你盯著那灘泛綠的液體看，這是這顆星球上第一個像樣的水源跡象。這灘水池似乎深不見底，輕輕滴落的水聲讓你緊繃的神經稍微放鬆下來。每一滴水落在水面上，都會揚起一小陣霧氣。
You can't see anything from up here.	你在這上面什麼都看不到。
Drip, drip, drip. It must be talking to you.	滴、滴、滴。這一定是在跟你說話。
Nah, not here. Try using it somewhere else.	不行啦，這裡用不了，去別的地方試試看。
From tiny cracks in the ceiling several small drops of liquid succumb to the influence of gravity.	天花板的細小裂縫中，幾滴液體受不了地心引力，滴落了下來。
A light-green mist floats gently upward after each drop of liquid hits the surface of the pool.	每滴液體落到水面上，就會揚起一陣淡綠色的薄霧，緩緩往上飄。
From tiny cracks in the ceiling several small green drops fall in a gently rhythmic pattern that stimulates your alpha levels. They make a heckuva great rust remover, too.	天花板的細縫裡，幾滴綠色液滴以輕柔的節奏落下，讓你的腦波都跟著放鬆。順帶一提，這玩意兒拿來除鏽效果也是一流。
There's nothing you can do to these from here.	從這裡你對這些東西沒轍。
They're hard to catch, but you do get a slight burning sensation.	這些不好接，不過你確實感覺到一陣輕微的灼熱感。
They're hard to catch. You might need to get right under them.	這些不好接，你可能得直接站到它們正下方才行。
They're too busy falling right now.	它們現在正忙著往下掉呢。
You are unpleasantly surprised by a drop of searing acid which bores its way to your feet.	一滴滾燙的酸液毫無預警地燒穿到你的腳，讓你嚇了一大跳。
Now, that's some seriously deep pain.	這下可是痛到骨子裡了。
You lean over to drink from the tempting pool of liquid. As your lips touch the fluid, you feel a pain which could be likened to kissing a lit rocket nozzle. Now you know what they mean when they say 'Don't drink the water.'	你彎下腰，想喝一口這誘人的池水。嘴唇一碰到液體，你感覺到的痛楚，簡直像親吻一具正在點火的火箭噴嘴。現在你終於懂了，人家說「別喝那裡的水」是什麼意思。
You lean over the pool to get a good solid whiff, and WHOOA! Talk about clean sinuses!	你彎下腰，狠狠吸了一大口水池的味道，哇喔！這下鼻竇是徹底通了！
That's right. You have no head. That darn pool must be filled with acid. You obviously can't go on living that way.	沒錯，你已經沒有頭了。這灘該死的水池裡裝的一定是酸液，你這樣顯然是活不下去了。
Having seen no other intelligent(?) being for so long, you decide to save your voice.	這麼久都沒見到其他（算得上）有智慧的生物，你決定還是省點口水吧。
You detect a bit of sulfur in the air from the adjoining chamber. Each inhalation packs a bit of an afterburn as an extra, added bonus.	你在隔壁密室飄來的空氣中聞到一絲硫磺味，每吸一口都附贈一點灼燒感當作額外獎勵。
You have quite cleverly turned the beam upon itself, frying and fusing it into a state of inoperability.	你相當聰明地讓光束反過來打中自己，把它燒熔到再也無法運作。
You've found quite a number of forms to transform yourself into. This is the first time you've been wafer-style.	你已經變過不少種死法了，不過變成薄片狀，這還是頭一遭。
Well, Scott, it looks like Roger has done it yet another time.	嗯，史考特，看來羅傑這次又搞砸了。
It sure seems that way. For those who might have missed that last move by Roger, or if, like me, you just want another look at it, let's roll it again.	看起來是這樣沒錯。如果有觀眾剛剛錯過羅傑那招，或者像我一樣還想再看一次，那就讓我們重播一遍吧。
You've got to give some high marks for truly fine execution. We'll have to give it a strong 9.8.	這一招執行得相當漂亮，得給個高分才行，我們就打個9.8分吧。
The beams seem to form some sort of electronic barrier across the path.	這些光束似乎在通道上組成了某種電子屏障。
Somehow you get the impression that you shouldn't do that. If you really insist, however, try getting closer.	不知怎麼地，你有種不該這麼做的預感。不過如果你堅持要試，那就靠近一點看看吧。
It's a good way to get that nose job you've often considered.	這倒是個不錯的辦法，讓你終於做成那個一直想做的鼻子整形手術。
You're quite attached to your tongue and would like to keep it that way.	你對自己的舌頭還挺依依不捨的，希望能繼續留著它。
That doesn't seem like the thing to do here, try something else.	這裡好像不該這麼做，換個方法試試看吧。
No result.	沒有反應。
It's pretty darn dark in here.	這裡暗得要命。
There's not much you can do to it .	你對它做不了什麼。
Your words go unnoticed.	你說的話沒人理。
The place smells electric.	這裡有股電流的味道。
Go around licking rooms of others and you won't be getting invited back anywhere.	你這樣到處亂舔別人的房間，以後誰還敢邀你作客。
It's a hologram, pinhead - it doesn't need water.	這是全像投影啦，笨蛋——它才不需要水。
This isn't the object he wants to receive from you.	這不是他想跟你要的東西。
As soon as you enter the room, you find yourself surrounded by darkness. Suddenly, you become aware of the fact that you cannot move or speak. A strange, unknown force has taken over.	你才踏進房間，四周立刻陷入一片漆黑。你突然發現自己動彈不得，連話都說不出來——一股陌生的詭異力量，已經整個接管了你。
A massive holographic image appears before you.	一尊巨大的全像影像出現在你面前。
It begins to speak ....	它開始說話了……
"So, you have found your way to my hallowed chamber. Fortunately there is much more to you than meets the eye."	「哈，你找到了通往我這神聖密室的路。算你走運，你這傢伙深藏不露。」
"I have been monitoring your travels on our planet. It appears that you are up the proverbial estuary without a means of locomotion."	「我一直在監看你在我們星球上的行蹤。看樣子你是叫天不應叫地不靈，沒有代步工具可用啊。」
In other words, you're on the leather express, slapping the dogs, pounding the sand, you'd kill for a fine ride.	換句話說，你就是正港的十一路公車——兩腳走天下，一路踩沙，你現在願意拿命去換一台像樣的車。
"You are obviously in need of transportation."	「你顯然需要一台代步工具。」
"Let us see if you are worthy of our assistance."	「讓我們瞧瞧，你配不配得到我們的幫忙。」
"On the surface lives a beast called Orat. He proves to be a bit of an annoyance on occasion. Dispose of him and bring back evidence of your conquest. Only then will I deal with your plight. Good luck, strange one."	「地表上住著一頭叫做歐拉特的怪獸，牠三不五時就給人添點麻煩。去把牠解決掉，再帶著你戰勝的證據回來。到時候我才會理你的死活。祝你好運了，怪傢伙。」
"Bring to me evidence of the beast Orat's demise and we'll talk."	「把歐拉特斃命的證據帶來給我，我們再來談。」
With that, you find yourself transported back to the surface.	話一說完，你就被傳送回地表了。
With that you find yourself being transported back to the surface.	話一說完，你發現自己被傳送回了地表。
"Z jo jb! lvoo sd fj?"	「Z jo jb! lvoo sd fj?」
"Jow wfiemss ekk wkkedkl ll ewlwl lqqfr fo slljnccv kwetsdlk?"	「Jow wfiemss ekk wkkedkl ll ewlwl lqqfr fo slljnccv kwetsdlk?」
"Owr rjn maj jwwj? Pprdf rph pttqpt?"	「Owr rjn maj jwwj? Pprdf rph pttqpt?」
"wpfi, iw? Der op oio fr tnm dcv ermiyn lk mnb weevxmqyhj em tae."	「wpfi, iw? Der op oio fr tnm dcv ermiyn lk mnb weevxmqyhj em tae.」
As an apparent result of your inability to understand the alien tongue, the being has sent you back to the surface. You need some kind of help with that.	很顯然，你聽不懂外星話，那傢伙就把你送回了地表。看來你在這方面需要點幫忙。
Again, the massive holographic image appears before you.	那尊巨大的全像影像，再度出現在你面前。
"So, you have returned. Do you have proof of the destruction of Orat? If so drop it before me."	「哦，你回來了。你有歐拉特被消滅的證據嗎？有的話就放到我面前。」
Due to your apparent failure to respond properly, you find yourself transported back to the surface.	很顯然，你這次沒答對，直接就被傳送回了地表。
You find yourself transported back to the surface.	你被傳送回了地表。
"Dr, hgi hnhht hjutn. Kdfdrnlo ghfhr bb rhytt thrt ii mys aawr vcvvf xxc cdd."	「Dr, hgi hnhht hjutn. Kdfdrnlo ghfhr bb rhytt thrt ii mys aawr vcvvf xxc cdd.」
As an apparent result of your inability to understand the alien tongue, the being has sent you back to the surface. You need some kind of help with that. Something's not right.	很顯然，你聽不懂外星話，那傢伙又把你送回了地表。看來你在這方面需要點幫忙——有些地方不太對勁。
You drop the Orat part to the ground. The vision is silent as the dainty morsel SPLATs to the dry soil. You are startled by a rumbling. Suddenly, an oddly-shaped door comes into view and slowly opens.	你把歐拉特的殘骸丟到地上。那個幻影一語不發，只見那塊小小的碎片『啪』一聲摔進乾燥的沙土裡。一陣隆隆巨響把你嚇了一跳，接著一扇造型古怪的門緩緩浮現，並慢慢打開。
You hear a voice, different this time, beckoning you to step forward.	你聽到一個聲音，這次不一樣了，招手要你往前走。
Before you floats a huge head. It appears to be a holographic projection of some sort, its source unknown.	你面前飄浮著一顆巨大的頭顱，看起來是某種全像投影，來源不明。
You can have no effect on the hologram.	你對這個全像投影一點辦法都沒有。
It has no smell.	它聞起來沒有味道。
It has no taste.	它嚐起來沒有味道。
It responds to actions, not words.	它只對行動有反應，對你講的話沒反應。
The big alien head is a hologram, pinhead. What does it need with money?	這顆外星大頭是全像投影啦，笨蛋。它要錢幹嘛？
The big alien head only wants one object, and this ain't it.	這顆外星大頭只想要一樣東西，而這不是它要的。
This isn't the object he want to receive from you.	這不是他想跟你要的東西。
Appealing to its vanity will get you nowhere.	拍它馬屁也沒用。
Don't threaten this guy, okay?	別威脅這傢伙，好嗎？
When you step through, the door slides closed with a faint hissing sound. You are alone in a large room full of strange equipment.	你一走進去，門就『嘶』地一聲滑上關起來。你獨自站在一間堆滿奇怪設備的大房間裡。
Ooops! Had the darn thing in reverse. I hope nobody saw that.	哎呀！搞反方向了。希望沒人看到剛剛那一幕。
Who do you think you are - Michael Jordan?	你當自己是誰啊，麥可喬丹嗎？
No particular odor comes from that direction.	那個方向沒什麼特別的味道。
Quit messing around and do what you came here to do. Whatever THAT might've been!	別鬧了，快去做你來這裡要做的事——管他那件事到底是什麼啦！
You call up to the upper level, but no-one answers.	你朝樓上喊了一聲，但沒人回應。
You need to insert a cartridge for this to work correctly.	你得插入一個資料匣，這台機器才能正常運作。
The computer doesn't smell very interesting.	這台電腦聞起來沒什麼意思。
This tastes really dull. You decide you'd rather have a cheeseburger, and you wonder: do they have a Monolith Burger somewhere in this neighborhood?	這嚐起來超無趣的。你決定還是想吃個起司漢堡，順便納悶：這附近是不是哪裡就有一家巨石漢堡？
This computer is so ancient, it probably doesn't even respond to voice input.	這台電腦老到不行，搞不好連語音輸入都不認得。
From the smell of it, you'd guess that at least one Keronian uses it quite regularly to play one of your favorite computer games: "Name that Body Odor!"	從味道判斷，你猜至少有一個柯羅娜人常常用它來玩你最愛的電腦遊戲之一：『猜猜這是什麼體味！』
Licking the chair suddenly seems like a big waste of energy.	舔這張椅子，突然覺得超浪費力氣的。
The chair does not respond. What did you expect?	這張椅子沒有反應。你還期待什麼？
There's no way to force the portal open.	沒辦法硬把這扇門撬開。
You don't want to touch the pipes - they're probably hot.	你不會想碰這些管子的——搞不好燙得很。
Talking to pipes is considered a sign of insanity on the planet Kerona.	在柯羅娜星上，跟水管講話會被當成發瘋的表現。
Smells like some kind of duct tape.	聞起來像某種膠帶。
You'll get a nasty burn on your tongue if you try that.	你要是這樣試，舌頭肯定燙出水泡。
You can't reach them. The skylights are much to high.	你搆不到，那些天窗太高了。
You're truly starved for conversation on your intellectual.	你顯然是悶壞了，才會想找個跟自己程度差不多的東西聊天。
Try as you might, you can't smell the skylights from down there. Just as you are about to pass out from hyper- ventilation, you sensably decide to abandon this particular project.	你再怎麼努力，也聞不到站在下面的那些天窗。就在你快要因為過度換氣昏過去之前，你總算理智地決定放棄這個念頭。
Although the skylights look like gigantic oysters, I doubt very much if they would taste anything like them.	雖然這些天窗看起來像巨大的牡蠣，但你很懷疑它們吃起來會有牡蠣的味道。
It doesn't look as though it will budge.	看起來這東西動都不會動。
The skimmer platform has nothing to say to you.	沙漠飛車的平台懶得理你。
It smells a lot like everything else around here. Except more so.	它聞起來跟這附近其他東西差不多，只是味道更重一點。
That doesn't seem at all appetizing.	這看起來一點都不開胃。
It doesn't seem intelligent to mess with it.	亂動這個感覺不太聰明。
The generator doesn't respond. Perhaps it's based on some form of A.S. (Artificial Stupidity).	這台產生器沒反應。搞不好它裝的是某種『人工智障』(A.S., Artificial Stupidity)。
You catch scents of iron oxide, burning rubber and fusel oil. It makes you momentarily homesick for Mom's cooking.	你聞到一股氧化鐵、燒焦橡膠混雜工業酒精的味道。這味道讓你一時想起了老媽的廚藝，鄉愁都上來了。
This thing looks hot enough to fry your tongue like an egg.	這東西看起來燙到可以把你的舌頭煎成荷包蛋。
Even if you could reach it, there's no way you'd stick your hands near those things.	就算你搆得到，你也不會想把手伸近那些東西。
The Keronians have a place they put people who are in the habit of talking to steam vents.	柯羅娜人專門有個地方，關那些習慣跟蒸氣孔講話的人。
You detect no particular odor coming from the steam.	你聞不到這股蒸氣有什麼特別的味道。
You were never fond of broiled tongue.	你向來不喜歡烤舌頭這道菜。
You decide not to. They're so rusty, they might crumble and bring the whole place down.	你決定不要。這些東西鏽成這樣，搞不好一碰就垮，把整個地方都弄塌。
The cylinders don't answer, of course.	這些汽缸當然不會回答你。
You suspect that they smell like rusty metal, since that's what they are made of.	你猜它們聞起來像生鏽的金屬，畢竟它們本來就是金屬做的。
Licking the cylinder seems like a waste of time and tongue- power.	舔這個汽缸感覺是在浪費時間跟舌頭的力氣。
You get the feeling they might be hot.	你有種預感，這些東西可能很燙。
The Keronians are going to think you're loony if you keep talking to inanimate objects.	你再這樣跟沒生命的東西講話，柯羅娜人會覺得你瘋了。
All pipes wrapped in duct tape smell alike to you.	所有纏著膠帶的管子，聞起來對你來說都一個樣。
The thought of your tongue stuck, sizzling, to the hot steam pipe is not a pleasant one.	想到舌頭黏在滾燙的蒸氣管上滋滋作響，實在讓人開心不起來。
You tap on a gauge. The needle quivers, then returns to its original position.	你敲了敲儀表。指針抖了一下，又回到原本的位置。
Talking to pipes (or dials) is considered a sign of insanity on the planet Kerona.	在柯羅娜星上，跟水管(或儀表)講話會被當成發瘋的表現。
The gauge doesn't smell like anything in particular.	這個儀表聞起來沒什麼特別的味道。
Don't put your mouth on that - you don't know where it's been!	別把嘴巴湊上去——你根本不知道那東西碰過什麼髒東西！
The floor is made of polished slate. It is very smooth to the touch, slightly damp, and quite warm.	地板是拋光石板做的。摸起來很滑，有點濕氣，而且相當溫暖。
The floor doesn't respond to your witty reparte'.	地板才不會理你這套機智反駁。
A smell of damp, hot stone rises from the floor.	地板散發出一股潮濕、溫熱石頭的氣味。
Although the floor seems pretty clean, you'd rather not put it to the taste... er... test.	雖然地板看起來還算乾淨，你還是不想拿舌頭去『嚐』……呃，是說『試』一下。
A data cartridge.	一個資料匣。
It smells like it's loaded with data.	聞起來裡面塞滿了資料。
YUCKK! It tastes like... well, not data. That's for sure.	噁！嚐起來像……嗯，反正不是資料的味道，這點倒是肯定的。
The cartridge snaps neatly into the slot and the screen comes alive.	資料匣喀地一聲穩穩卡進插槽，螢幕跟著亮了起來。
LOADING	讀取中
Whoever shall read this: My name is Dr. Slash Vohaul, I am a scientist with The Star Generator Project aboard the Starlab Arcada.	「見信如晤：我叫史萊許·沃霍爾博士，是阿寇達號『星辰產生器計畫』的科學家。」
We have just successfully completed development and testing of The Star Generator. During this time I have come to believe that our progress has been monitored by others. I fear that the Sariens may have learned of our mission.	「我們剛順利完成了星辰產生器的研發與測試。這段期間，我漸漸相信我們的進度一直被人監視。我擔心沙利安人可能已經得知我們的任務。」
If my fears prove true, The Star Generator and the people of our universe are in serious jeopardy.	「如果我的擔憂成真，星辰產生器，還有我們宇宙裡所有人的性命，都將陷入嚴重的危機。」
The Star Generator is a miraculous device. Used as intended, it will help preserve life for eons to come.	「星辰產生器是一台奇蹟般的裝置。只要照原本的用途使用，它能幫助生命延續千秋萬世。」
Used as a device for evil, it would cause the destruction of millions of lives and enslave all who oppose the Sariens.	「但若被用來做壞事，它會摧毀數百萬條性命，並奴役所有反抗沙利安人的人。」
Encoded within this cartridge are all the plans and specifications for the construction of the Star Generator.	「這個資料匣裡，存有建造星辰產生器所需的全部藍圖與規格。」
Should any disaster befall the Star Generator project, scientists would be able to create a duplicate of the Star Generator with this information.	「萬一星辰產生器計畫遭逢什麼不測，科學家還能靠這份資料重建出一台一模一樣的星辰產生器。」
Please guard it with your life and return it to the Xenon ruling body as quickly as possible.	「請你拚了命也要保護好它，並儘快把它送回氙星的統治機構。」
Important note: The Star Generator is capable of self-destruction. This was introduced to the system as a precaution. To activate it one must enter the code: %4d	「重要提醒：星辰產生器具備自毀功能，這是系統為了預防萬一而設計的。要啟動自毀，必須輸入密碼：%4d」
A five minute time will begin to count down. Beware - anyone within five kilometers of the Star Generator will be in danger once the timer has been initiated. Please be careful and GOOD LUCK !	「屆時將會開始五分鐘的倒數計時。當心——計時器一旦啟動，任何在星辰產生器方圓五公里內的人都會身陷險境。請務必小心，祝你好運！」
You note with satisfaction that the skimmer smells exactly like you expected it to.	你滿意地發現，沙漠飛車聞起來正如你所預期的味道。
Raw skimmer is not one of your favorite dishes.	生的沙漠飛車不是你喜歡的菜色。
The skimmer doesn't appear to activate by voice. See if there's a key.	沙漠飛車看起來沒辦法用聲控啟動。找找看有沒有鑰匙。
Smells like fresh spray paint.	聞起來像剛噴的油漆味。
You're not that hungry.	你沒那麼餓。
The ladder has nothing to say to you.	梯子沒什麼好跟你說的。
You can't reach them.	你搆不到。
The faint scent of burning dust surrounds the tubes.	那些管子周圍瀰漫著一股淡淡的燒焦灰塵味。
Your tongue would probably stick to those like chops on a griddle.	你的舌頭舔上去，大概會像煎盤上的排骨一樣黏住。
Although bright, the glass tubes have little light to shed upon your current situation. In short, they are not sparkling conversationalists.	雖然這些玻璃管很亮，但對你目前的處境沒什麼幫助。簡單說，它們算不上什麼妙語如珠的對話對象。
Don't bother the guy - he's busy.	別煩這傢伙了，他很忙。
The underarm odor potential of this Keronian is truly staggering. Too bad this place has never heard of deodorant.	這個柯羅娜人腋下的味道潛力驚人，可惜這地方從沒聽過什麼叫除臭劑。
He's got a wrench, and he knows how to use it.	他手上有把扳手，而且很會用。
He doesn't seem interested in your money. This company must pay pretty well.	他對你的錢好像沒興趣，這家公司薪水想必開得不錯。
He's seen a million of these. So what?	這種東西他看過幾百萬次了，那又怎樣。
He's really too absorbed in his work to pay any attention to the widget.	他太專注在工作上了，根本沒空理會那個強力磁鐵。
Since this guy has nothing to say to you anyway, translating it will probably amount to about the same thing.	反正這傢伙也沒什麼話想跟你說，翻不翻譯結果都差不多。
He's just too busy to care that you're making such a generous gesture.	他忙到沒空在意你這麼大方的舉動。
The young Keronian is not interested in seeing your toys.	這個年輕的柯羅娜人沒興趣看你的玩具。
He probably doesn't want you to fool with it.	他大概不希望你亂碰那個東西。
When ARE you going to learn not to put strange things in your mouth?	你到底什麼時候才學得會，不要什麼奇怪的東西都往嘴裡塞？
There's no fuel odor - this puppy runs on fourteen D cells and a nine volt.	沒有燃料的味道──這小傢伙是靠十四顆一號電池加一顆九伏特電池跑的。
What's the point of talking to this thing?	跟這東西講話有什麼意義？
It's too far away, but don't worry; in this game you will undoubtedly get the shaft at least once.	太遠了搆不到，不過別擔心──這款遊戲保證會讓你至少栽在這根「軸」上一次。
Oh, let's not and just say we did, OK?	唉，不然這樣，我們就當作做過了，好嗎？
The smell of grease in this place seems to come from the shaft's general vicinity.	這地方的油漬味，聞起來是從那根軸附近傳來的。
There's nothing visible on the computer screen.	電腦螢幕上什麼都沒顯示。
The data is being replayed, but you never have much cared for re-runs, have you?	資料正在重播，不過你向來對重播沒什麼興趣，對吧？
You might need to insert a data cartridge for this thing to work.	這東西大概要插入資料匣才能運作。
He doesn't seem interested in shaking hands, though he certainly has enough of them.	他好像沒興趣跟你握手，雖然他的手還真不少。
He seems to have said everything he wants to say to you.	他該講的話好像都講完了。
That wouldn't be at all polite.	那樣做一點也不禮貌。
You're not really that rude.	你其實沒那麼沒禮貌。
All my needs are provided by the Company. I have no need of money.	公司什麼都幫我打點好了，我用不著錢。
Your data cartridge resembles the ones we use to store information.	你的資料匣看起來跟我們用來存資料的那種很像。
Be careful not to get that magnetic device too close to my hover platform. It could have a negative effect on the circuitry.	小心別把那個磁性裝置拿太靠近我的懸浮平台，不然電路搞不好會壞掉。
Since you understand him fine, you figure either the gadget is already working or he's speaking perfect Xenonian.	你聽得懂他在說什麼，看來不是這小裝置已經在運作，就是他氙星語講得超標準。
Thank you, strange one, but we have all the water we need here underground. you should save what little you have for the desert.	謝了，怪傢伙，不過我們在地底下水多得很，你手上那一點點還是留著在沙漠裡用吧。
Ah, a genuine Xenon Army Knife. My youngest son got one of those in his last package of Hackersnaxs.	啊，這是正牌的氙星軍刀。我小兒子上次買的一包駭客脆餅裡就附贈了一支。
If you could taste the steam, you might detect a bit of sulfur. But, since you can't, you don't.	要是你嚐得出蒸汽的味道，或許能嚐到一點硫磺味。可惜你嚐不出來，所以就沒嚐到。
The steam is too far away for you to smell directly. However, there is a trace of sulfur in the air.	蒸汽離得太遠，你聞不到。不過空氣中確實帶著一絲硫磺味。
This section is an Arcade sequence. Would you like to Play or Skip this sequence.	這一段是穿插的小遊戲。你要選擇「開始」還是「跳過」？
Maybe you could try playing the arcade sequence next time.	也許你下次可以試著玩玩看這段小遊戲。
Congratulations, you made it through without a scratch.	恭喜你，毫髮無傷地通過了。
That was pretty intense.	剛剛還真是驚心動魄。
Late Warning: The big rock cuts you no slack.	遲來的警告：那顆大石頭可不會放過你。
Had you eaten a few less doughnuts during the mission, you might have cleared that rock.	要是你這次任務少吃幾個甜甜圈，或許就閃得過那顆石頭了。
That would be unwise. The pod is still hot from the high-speed entry of the Keronian atmosphere.	這樣做不太明智，逃生艙才剛高速衝進柯羅娜星的大氣層，現在還燙得很。
The fractured windshield is of no value to you.	那片裂開的擋風玻璃對你沒什麼用。
The pod's windshield is cracked beyond repair. The built-in plasti-seal film between the glass layers managed to keep the shield in place with one minor exception, despite the shocks from the landing (if that's what you want to call it).	逃生艙的擋風玻璃已經裂到沒救了。玻璃夾層之間內建的塑膠密封膜，撐過了降落時的猛烈衝擊（如果那也算「降落」的話），讓整片玻璃大致還算完整──只有一個小地方例外。
That would be unwise. The pod drives are still hot and not suitable for handling by humans.	這樣做不太明智，逃生艙的推進器還燙著，不適合人類徒手碰觸。
The rocks are useless. At the slightest touch, they crumble to dust.	這些石頭沒什麼用，輕輕一碰就碎成粉末。
Your sense of the ridiculous keeps you from walking off the edge and falling to a certain death on the treacherous rocks below.	你多少還有點自知之明，才沒有直接走出邊緣，摔到下面那堆危險亂石上必死無疑。
Whew! That was close.	呼，好險。
Whoa! Those big guys pack a powerful appetite. Did you feel the way that thing just chomped right through your skeletal system? That had to hurt! The grell burps in solitary satisfaction. He doesn't often get nice, warm meals like you.	哇喔！這些大傢伙食量真不是蓋的。你有感覺到剛剛那東西是怎麼一口咬穿你整副骨骼的嗎？那一定超痛的！格瑞爾滿足地打了個嗝，畢竟像你這種熱騰騰的美味大餐，牠可不常吃得到。
That's funny. Tiny is nowhere to be seen.	奇怪了，小不點怎麼不見蹤影。
No response from that.	那東西沒有反應。
You detect a bit of sulfur in the air here as well. You're getting quite tired of that smell, aren't you? I'm a friend. We can talk.	這裡的空氣中也帶著一絲硫磺味，你大概已經聞到有點膩了吧？我是朋友，我們可以聊聊。
Don't lick the air. You're libel to get more more than you bargained for.	別舔空氣，你可能會嘗到超乎預期的東西。
You proudly climb into your new used spacecraft. There is definitely something unique about it.	你得意洋洋地爬進你那艘全新的二手太空船，這艘船還真有種說不出的特別。
You turn the key excitedly.	你興奮地轉動鑰匙。
Drat! Where did mom and dad go wrong? You be the judge.	見鬼了！爸媽當初到底是哪裡教壞了？你自己評評理吧。
You can't do anything to this stucco-style ship house.	這棟灰泥風格的太空船屋，你拿它沒轍。
It responds not.	它毫無反應。
It's just like all the other buildings in this place, rank!	這裡的建築物全都長一個樣，又臭又爛！
You can't do anything to them. You're not in the proper union.	你對它們無能為力，你又不是那個工會的人。
In response, they hang limp.	它們只是軟趴趴地垂在那裡，算是回應了你。
Parts is parts and you don't have any need for them.	零件就是零件，你用不到。
It smells shippy.	聞起來有股太空船的味道。
No thanks, I have to drive.	不用了，謝謝，我還要開車。
You really don't want to get handprints all over a valuable antique like this one.	你才不想在這麼珍貴的古董上留下一堆手印。
Your shout produces no response. The ship is empty.	你大喊了一聲，沒人回應──這艘船是空的。
You're a nosy little beggar, aren't you?	你還真是個愛管閒事的小傢伙，對吧？
Didn't your mother tell you not to go licking other people's spaceships?	你媽沒教過你不要亂舔別人的太空船嗎？
They're way up there. You can't do anything from this distance.	它們在老高的地方，你這個距離根本搆不到。
I wouldn't mess with them if I were you.	換作是我，才不會去碰那些東西。
No answer is forthcoming.	沒有得到任何回應。
I'll tell ya, ol' buddy, %u buckazoids is as low as I can go on this baby.	老兄，跟你講實話，這台寶貝我最低只能算你 %u 枚太空幣。
Touching Tiny would be rude. However, you surmise from his scaly skin that he's probably about as slimy as his salespitches.	摸小不點是件很失禮的事。不過從他那身鱗片皮膚看來，你猜他大概跟他的推銷話術一樣滑溜。
Something smells fishy about this salesbeing.	這個推銷生物身上有種說不出的可疑味道。
Sushi, anyone? Na, Tiny looks like a tough cookie.	有人要來點壽司嗎？算了吧，小不點看起來可不是好惹的。
There's nothing here to buy.	這裡沒什麼好買的。
Maybe you could get Tiny to sell you something if you talked to him.	或許你找小不點聊聊，就能讓他賣你點東西。
It's a hole. In this game there's nothing you can do to one.	這是個洞。這款遊戲裡，洞就是洞，你拿它沒辦法。
The hole smells like freshly dug dirt.	這個洞聞起來像剛挖起來的泥土。
It's dirt, man!	就泥土啊，兄弟！
The void does not answer.	這片虛空沒有回應。
After carefully considering the hole matter, you decide not to throw anything down it.	你仔細考慮了一下這個洞的事，決定還是不要往裡面丟東西。
There's an old saying in these parts: "You don't touch a ship that isn't yours, you don't die."	這一帶流傳一句老話：「別碰不屬於你的船，就不會死。」
For some reason, this ship smells like freshly-dug dirt.	不知道為什麼，這艘船聞起來像剛挖起來的泥土。
No wonder it smells like dirt. It also tastes like it.	難怪聞起來像泥土，嚐起來也是。
The ship offers no response.	這艘船沒有任何回應。
There's no need for that.	沒必要這麼做。
It smells like boot bottoms.	聞起來像靴子底部的味道。
UGGH! It tastes like boot bottoms!	噁！嚐起來就像靴子底部！
It doesn't acknowledge your inquiry.	它沒有理會你的問題。
My, my. It would appear that your skimmer has become the property of another. I wonder who forgot to remove the key?	哎呀哎呀，看來你的沙漠飛車已經變成別人的財產了。真不知道是誰忘了把鑰匙拔起來呢？
Hi. My name's Roger. What's yours?	嗨，我叫羅傑，你叫什麼名字？
The ground here smells exactly like the ground anywhere else on this planet.	這裡的地面聞起來，跟這顆星球其他地方的地面一模一樣。
Don't lick the ground. You're libel to get more than you bargained for.	別舔地面，你可能會嘗到超乎預期的東西。
Because it has treads, your robot cannot negotiate the steps leading down into the bar. It will wait here for you (provided nobody steals it).	你的機器人裝的是履帶，沒辦法應付通往酒吧的階梯，只能在這裡等你（前提是沒人把它偷走）。
You stagger out of the bar after ignoring the bartender's advice. You're so sledged that you don't even notice that you're about to become prime prey for the many parasitic life forms in the area. You quickly pass out due to your low Keronian Ale tolerance.	你沒聽酒保的勸告，搖搖晃晃地走出酒吧。你醉得一塌糊塗，根本沒發現自己馬上就要變成這一帶各種寄生生物的頭號獵物。你的柯羅娜麥酒耐受度太低，很快就昏了過去。
While your body tries to sleep it off you lose every possession you own, including your skimmer. Soon, your body is stripped for parts. Obviously, you don't make it through the night.	就在你的身體努力想睡醒酒的這段時間，你身上所有的東西都被摸走了，連沙漠飛車也不例外。沒多久，你的身體也被扒得一乾二淨。很顯然，你撐不過這一夜。
While your body tries to sleep it off you lose every possession you own. Soon, your body is stripped for parts. Obviously, you don't make it through the night.	就在你的身體努力想睡醒酒的這段時間，你身上所有的東西都被摸走了。沒多久，你的身體也被扒得一乾二淨。很顯然，你撐不過這一夜。
After a truly stone-crushing journey, you have miraculously arrived safely in Ulence Flats. And just in time too, because the skimmer's power cell has been drained. It will take some time to recharge itself.	經過一趟真正屁股開花的顛簸旅程，你奇蹟似地平安抵達尤倫斯荒原。而且時間抓得剛剛好，因為飛車的電池已經耗盡，得花點時間才能重新充飽。
This place isn't quite what you had expected. It is semi-bleak at best.	這地方跟你想像的不太一樣，說好聽一點也只是半荒涼而已。
An odd-looking fellow is lounging against the wall of a nearby building, watching you with a great deal of interest.	一個模樣古怪的傢伙斜靠在附近一棟建築的牆上，饒富興味地打量著你。
"How'd ya like to unload it for the unheard-of price of 25 buckazoids?"	「用聞所未聞的 25 枚太空幣把它出手，你意下如何？」
"Do we have a deal, or don't we?"	「這筆交易做不做？」
It's no use. The sand skimmer's power cells still haven't charged themselves.	沒用的，沙漠飛車的電池還沒充飽。
You remove the skimmer's key from its dashboard.	你把鑰匙從飛車的儀表板上拔了下來。
You sure know how to push things.	你還真的很懂得得寸進尺。
He wants cash, not conversation.	他要的是現金，不是閒聊。
He won't take kindly to that.	他不會高興的。
You already have the keys.	你已經有鑰匙了。
The sand skimmer is a one-passenger mode of transportation and it looks like it has skimmed quite a bit of sand in its time. On its control panel is a small readout, currently dark, and a keyhole without a key in it.	這輛沙漠飛車是單人座的交通工具，看起來這輩子沒少在沙地上滑過。控制面板上有個小小的顯示螢幕，現在是暗的，還有一個鑰匙孔，裡面沒插鑰匙。
The sand skimmer is a one-passenger mode of transportation and it looks like it has skimmed quite a bit of sand in its time. On its control panel is a small readout, currently dark, and a keyhole with a key in it.	這輛沙漠飛車是單人座的交通工具，看起來這輩子沒少在沙地上滑過。控制面板上有個小小的顯示螢幕，現在是暗的，還有一個鑰匙孔，裡面插著鑰匙。
Alas, it does not respond.	唉，它沒有反應。
It smells warm after the long ride.	開了這麼久，聞起來還熱呼呼的。
You take a quick look, notice it hasn't been cleaned in awhile, and change your mind.	你瞄了一眼，發現它好一陣子沒洗了，於是打消念頭。
You decide it would be better not to tamper with it.	你覺得還是別亂動比較好。
Like most spaceships in your experience, this one won't talk to you.	就像你遇過的大部分太空船一樣，這艘也不會理你。
Smelling this ship seems like a giant waste of time.	聞這艘船簡直是浪費時間。
There's not much point in licking the ship - it's already quite clean).	舔這艘船沒什麼意義——反正它已經夠乾淨了）。
Better not - it'd probably fall over.	還是別這樣好了，它大概會倒下來。
You shout in the direction of the ship, but no one answers.	你朝著那艘船大喊，但沒人回應。
It mainly smells like the dust that's been accumulating on it for the past fifty years.	聞起來主要是這五十年來積下的灰塵味。
What a revolting idea!	這什麼噁心的主意！
The sign is very unusual. It looks as though the whole building has been constructed around the wreckage of a crashed spaceship.	這塊招牌很不尋常，整棟建築物看起來像是圍著一艘墜毀太空船的殘骸蓋出來的。
Or maybe the traffic around here is just really awful.	或者這附近的交通真的有夠爛。
The naked wiring you can see from here makes touching the sign seem unwise.	從這裡就看得到裸露的電線，摸這塊招牌感覺不太妙。
The Rocket Bar sign has nothing to say to you.	火箭酒吧的招牌沒什麼好跟你說的。
You detect the scent of neon and zapped bugs.	你聞到一股霓虹燈和電死蟲子的味道。
That doesn't seem either intelligent or appetizing.	這既不聰明也沒什麼胃口。
Why bother?	何必呢？
You detect a bit of sulfur in the air here as well. Can't get away from it on this planet, it appears.	空氣裡還聞得到一點硫磺味，看來在這顆星球上是躲都躲不掉。
Luck's turn has cost you dearly. As your dust particles gradually drift across Kerona's barren landscape, you reflect upon the irony of your fate. Many was the time you swept and dumped piles of dust very similar to your current state.	運氣一翻臉，你就死得慘兮兮。當你的塵埃顆粒緩緩飄過柯羅娜星的荒地時，你不禁感嘆起命運的諷刺——你這輩子掃過、倒過多少堆跟現在的你長得一模一樣的灰塵啊。
Searching through the pile of dust, you find %u buckazoids!	翻找那堆灰塵，你找到 %u 枚太空幣！
You find nothing but ashes, which filter through your fingers and blow away.	你什麼都沒找到，只有灰燼從指縫間流走，隨風飄散。
The mugger impresses upon you that he was quite serious.	那個搶匪讓你徹底見識到，他是玩真的。
"%d buckazoids? I guess it's better than nothing. Here, keep five for yourself. I gotta admit you look like you need it."	「%d 枚太空幣？也算聊勝於無吧。來，留五枚給你自己，我承認你看起來挺需要的。」
Well, he looked harmless before he pulled that blaster.	唉，他掏出雷射槍之前看起來人畜無害。
This being is about the size of a humanoid but has some odd features. He seems to have a friendly-looking mug.	這傢伙體型跟人形生物差不多，但長得有點怪。他那張臉看起來還算和善。
He just wants your buckazoids but will take your life if he has to.	他只想要你的太空幣，但必要的話他會要你的命。
Don't be so generous. You've already given him enough money.	別這麼大方，你給他的錢已經夠多了。
He hasn't offered to sell you anything yet.	他還沒開口要賣你任何東西。
He doesn't want that. He wants your buckazoids.	他要的不是這個，他要的是你的太空幣。
And you had better hurry!	你最好動作快點！
It's controlled from the inside. You can't do anything to it.	這是從裡面控制的，你在外面搞不出什麼名堂。
It smells like the outside of a building exposed to a filthy atmosphere for a long time.	聞起來就像一棟長年泡在髒空氣裡的建築物外牆。
Yuck! This place could use a good beam-cleaning.	噁！這地方真該用雷射好好清一清。
You can't reach it.	你搆不到。
It's just a mechanical arm, not a head.	那只是一隻機械手臂，不是頭。
I'm beginning to understand you a little better now. You snort some of the powder and feel a pain like that of a thousand krebble mites feasting on your nasal membranes. You won't want to be doing that again.	你現在稍微懂他多一點了。你吸了一點粉末，感覺就像有上千隻卡博蟲在你的鼻腔黏膜上大快朵頤。你不會想再來一次了。
No way!	想都別想！
You can't do anything to it.	你對它無能為力。
If you're talking to that you must be frustrated.	你會跟那東西講話，可見你有多挫折。
This is a seedy little place. Galactic riff-raff are seated at the bar. %s. There is a slot machine standing near the bar. You notice a sweeper in the corner of the room. It must get messy here. No one seems to notice or care that you have entered the bar.	這是個破破爛爛的小地方，吧台前坐著一堆銀河系的雜碎。%s。吧台旁擺著一台吃角子吃角子老虎，角落裡有台清潔機器人——這裡想必常常搞得亂七八糟。你走進酒吧，沒人多看一眼，也沒人在乎。
Sour beer and stale sweat.	酸掉的啤酒和發臭的汗味。
Why don't you just buy two or three drinks instead.	你何不乾脆買個兩三杯就好。
You've had a couple of drinks now. What do you think.	你已經喝了幾杯了，感覺怎麼樣。
Whoa!	哇喔！
You wisely (although somewhat belatedly) decide to heed the bartender's advice.	你很聰明地（雖然有點慢半拍）決定聽酒保的勸。
"Do you want a beer? It costs 2 Buckazoids."	「要來杯啤酒嗎？兩枚太空幣。」
"Want another drink?"	「要再來一杯嗎？」
"Listen, Mac, I shouldn't serve you any more. You're sledged! You'd better go sleep it off or something before you start making a public display of yourself."	「聽著，老兄，我不該再倒給你了。你已經醉茫茫了！你最好先去睡一覺醒醒酒，免得等一下在大家面前出糗。」
The bartender doesn't exactly jump at your request.	酒保對你的要求一點也不積極。
I would like to redeem this coupon for 5 buckazoids and a free beer.	我想用這張折價券兌換五枚太空幣和一杯免費啤酒。
Excuse me, my good man. I would like a drink.	不好意思，這位大哥，我想喝一杯。
Yo! How about a refill?	喂！再倒一杯如何？
Hmmm... It tastes better than it smells (thank goodness). Another one would be nice.	嗯……喝起來比聞起來好多了（謝天謝地）。再來一杯應該不錯。
Ah yes, that hits the spot. Just one more should do it.	啊，這味道真對了。再一杯應該就夠了。
As you sip another of the odd brews, you overhear someone at the bar speaking: "There I was cruising through sector %s when I spot this blip on the scanner."	你又啜了一口那杯怪酒，聽到吧台有人在講話：「我當時正巡航經過 %s 星區，突然在雷達上看到一個光點。」
"So, I head toward it, ya see, and right there in front of me sits the Deltaur. It's just sittin' there. My hearts start hyperwarping on me."	「所以，你知道的，我就朝那邊飛過去，結果代爾它號就這樣停在我正前方，動也不動。我那幾顆心臟當場就開始超速狂跳。」
"I figure my milliseconds are numbered. All I can think of doin' is getting my craft outta there. So, I'm reachin' for the throttle."	「我當下就知道自己命不久矣，毫秒都嫌多。我腦子裡只想著趕快把船開走，於是伸手就去抓油門。」
"All of a sudden there's this incredible flash of light, ya see. And just like that this little planetoid explodes into a ball of fire! I tell ya, I've never seen anything like it. I mauled the throttle and got outta there quick you bet."	「突然間一道強光閃過，你知道嗎？下一秒那顆小行星就直接炸成一團火球！我跟你講，我這輩子沒見過那種場面。我死命踩下油門，這才逃了出來，你放心。」
You feel a strange tingling sensation. The taste of the beer doesn't seem to be bothering you so much now, hee, hee.	你感覺到一陣怪異的刺麻感。啤酒的味道現在好像沒那麼難以下嚥了，嘿嘿。
Oh my, you're starting to feel a bit unstable.	哎呀，你開始覺得有點站不穩了。
You are supposed to walk out of the bar drunk, and pass out behind it. Waking up with an enormous headache and no earthly possessions. But for now you're normal.	照劇本你應該要醉醺醺地走出酒吧，然後在後面昏倒，醒來時頭痛欲裂，身上財物一件不剩。不過目前為止，你還算正常。
Looks to be something playing it already.	看起來已經有東西在播放了。
Wow, I guess you over-heated the poor old thing.	哇，看來你把這可憐的老東西給操過熱了。
You now have a tongue-load of iron shavings. Congratulations.	你舌頭上現在沾滿了鐵屑。恭喜你。
You'll have to get closer.	你得再靠近一點。
"Hi. The name's Wilco. Roger Wilco. What's yours?"	「嗨，我叫威爾科，羅傑·威爾科。你呢？」
"I am sometimes called Speaker to Cartoons, and sometimes Flayer of Soft Pink Mammals."	「有人叫我『卡通代言人』，也有人叫我『剝軟粉紅哺乳類皮者』。」
"Mind if I sit down?"	「介意我坐下嗎？」
"Buzz off, monkey-boy!"	「滾開啦，猴崽子！」
The thought of your tongue laid out in four neat slices like luncheon meat puts this idea right out of your head.	一想到自己的舌頭被切成四片、整整齊齊像午餐肉一樣擺著，你立刻打消了這個念頭。
Could be Rid-O-Fleaz Shampoo, or just a really manly after- shave.	可能是「去蚤淨」洗髮精，也可能只是男人味十足的鬍後水。
He might be insulted by an offer of money. You won't like him when he's insulted.	給他錢可能會冒犯他。你不會想看到他被惹毛的樣子。
Showing him the cartridge won't make him one bit friendlier.	把資料匣拿給他看，也不會讓他對你友善半分。
You can't see any reason to offer the widget to him.	你想不出有什麼理由要把這個強力磁鐵給他。
This guy makes himself pretty clear without translation.	這傢伙不用翻譯也表達得很清楚。
Reality check! Does this seem like a good idea to you?	醒醒吧！你真覺得這是個好主意？
Cats are notorious for not liking water.	貓最出名的就是討厭水。
If he decided to keep it, you wouldn't live to get it back.	他要是決定把這東西留下來，你大概沒命把它拿回去了。
He'll more than likely slice it up for practice, and then where'll you be, huh?	他八成會拿它來練習切東西，到時候你要怎麼辦，嗯？
That would be my first clue not to bother this guy again.	換作是我，看到這個就會學乖，不會再去惹這傢伙了。
He doesn't want to be bothered.	他不想被打擾。
Leave him alone.	別去煩他。
You'd rather not, really	你其實不太想這麼做，真的
You left your slug recipes in your other pair of pants.	你的蛞蝓食譜忘在另一條褲子裡了。
Forget it. This guy's not exactly a sparkling conversationalist.	算了吧，這傢伙聊天沒什麼看頭。
Ahh, the heady fragrance of Eau de Banana Slug.	啊，「香蕉蛞蝓」香水的濃郁氣息。
What could you possibly be thinking of?	你到底在想什麼？
You decide against getting slug secretions on the cartridge.	你決定還是別讓資料匣沾上蛞蝓的黏液。
He's not at all interested in your widget.	他對你的強力磁鐵一點興趣都沒有。
Slugspeak is seldom improved by translation.	蛞蝓話翻譯過後也沒好懂到哪去。
Do you really want to get slime on your knife.	你真的想讓黏液沾滿你的刀嗎。
He seems supremely disinterested in your water.	他對你的水完全提不起興趣。
You show him your jet pack. He shrugs. It's sort of a slug shrug. Spooky!	你把噴射背包給他看，他聳了聳肩——是那種蛞蝓式的聳肩。有夠詭異！
Do you really want to get slug slime all over these? I thought not.	你真的想讓蛞蝓黏液沾得到處都是嗎？我猜不想吧。
She'll make you SO sorry if you touch one of those.	你敢碰那個試試看，她會讓你後悔莫及。
Most extraterrestrials won't do that on the first date. Maybe you should just listen to them.	大部分外星人第一次約會都不會這樣，你還是聽她的話比較好。
"So - you come here often?"	「所以……妳常來這裡嗎？」
"Get outta my face, Pinky."	「滾開啦，小粉紅。」
You've decided she's not your type. Heck, she's not even your species!	你已經斷定她不是你的菜。拜託，她根本不是你這個物種！
She smells as great as she looks, but maybe a little less green.	她聞起來跟看起來一樣正，只是綠得沒那麼徹底。
You're certain she will misunderstand your generous gesture.	你很確定她會誤會你這番好意。
She ignores the cartridge, much as she ignores you.	她無視那個資料匣，就跟她無視你一樣。
The thought of showing her your widget fills you with deep feelings of inadequacey.	一想到要把強力磁鐵拿給她看，你就湧起一股深深的自卑感。
She remains unimpressed.	她依然無動於衷。
You can't imagine she'd care about your genuine Xenon Army Knife.	你很難想像她會在乎你那把正宗氙星軍刀。
Your dehydrated water couldn't possibly taste better than what she's drinking.	你那瓶濃縮水，喝起來絕對比不上她杯子裡那杯。
She's pretty nearly as interested in your jet pack as she is in you, which is to say not much.	她對你的噴射背包，興趣大概跟對你本人差不多——也就是沒什麼興趣。
She's seen lots of coupons bigger and better than yours.	她看過的折價券，比你這張又大又好的多得是。
His fur has the texture of a nylon bath rug that has been microwaved on HIGH.	他的毛皮摸起來，就像被微波爐用強火加熱過的尼龍浴室地毯。
"Can I offer you a Milk-Bone?" you inquire in an attempt to be friendly.	「要不要來根狗骨頭餅乾？」你想跟牠打好關係，這麼問道。
"Grrrrrrr!"	「嗚嗚嗚嗚嗚！」
You decide you just can't make friends with everybody.	你認清了一件事：不是每個人都能跟你當朋友。
Pretty much like wet dog.	聞起來就跟濕狗差不多。
This doesn't seem wise, even to you.	就連你自己都覺得，這樣做不太明智。
He shows absolutely no interest in the cartridge.	他對這個資料匣一點興趣都沒有。
He seems less interested in the widget than in that cute drink in his paw.	比起手裡那杯可愛的飲料，他對這個強力磁鐵興趣缺缺。
Since he isn't inclinded to talk to you, there's not much point trying to translate.	他根本不想跟你講話，翻譯了也沒用。
On second thought, maybe you'd just better keep it in your pocket.	想想還是算了，把它收回口袋裡比較保險。
He seems well taken care of in the drink department.	看來他在喝的方面被照顧得很周到。
You wonder why you're offering this giant hairball your new jet pack and are forced to admit you don't know.	你不懂自己幹嘛要把新噴射背包拿給這團大毛球，而且說真的，你也想不出理由。
You wisely decide that flashing your coupons at fur-face here would be a serious waste of your time.	你很識相地明白，在這張毛臉面前秀折價券，根本是浪費時間。
You decide you'd rather live.	你決定還是留條命比較實在。
He doesn't seem willing to accept this in trade for a beer.	他好像不打算拿這個換一杯啤酒。
The bartender only wants money.	酒保只認錢。
He doesn't want this - he wants money.	他要的不是這個——他要的是錢。
Threatening the bartender will probably get you Laze-O-Toasted. Try buying a drink instead.	威脅酒保大概只會讓你被雷射烤成焦炭。不如乖乖點杯酒吧。
No, dummy - he's supposed to gieve YOU drinks.	不對，笨蛋——該倒酒給你喝的人是他。
The bartender does not recognize your jet pack as currency. He wants to see Buckazoids.	酒保不認你的噴射背包當貨幣，他要看到的是太空幣。
Try it and this guy is likely to use his beer tap on your head.	你敢試試看，這傢伙大概會拿啤酒龍頭往你頭上招呼。
His armpits could etch glass.	他的腋下味道，濃到可以拿去蝕刻玻璃。
Maybe you'd better buy your own beer	你還是自己買杯啤酒吧
What's the use? You can't understand a word they're saying.	有什麼用？反正你一個字都聽不懂他們在講什麼。
Sniffing others is a ritual best left to dogs and other four-legged creatures.	聞來聞去這種事，還是留給狗和其他四腳動物去做吧。
The little purple guy doesn't seem to understand your offer of money.	這個紫色小傢伙好像聽不懂你要給錢的意思。
The cartridge doesn't interest him in the least.	這個資料匣他一點興趣都沒有。
He seems not to care about the widget.	他好像不在乎這個強力磁鐵。
Even translated, his speech is gibberish.	就算翻譯過了，他講的話還是有聽沒有懂。
He doesn't seem to be either interested or threatened by your knife.	你的刀，他既不感興趣，也不覺得害怕。
He doesn't seem to be thristy.	他看起來不怎麼渴。
Careful! You don't want to hurt the little guy.	小心點！你可不想傷到這小傢伙。
The little guy shows no interest in your coupon. Did you think he would?	這小傢伙對你的折價券完全沒興趣。你該不會真以為他會要吧？
The robot observes that your teeth haven't been cleaned in a long time.	機器人指出，你的牙齒已經很久沒清過了。
The robot observes that your nostril hairs could use trimming.	機器人指出，你的鼻毛該修一修了。
You'll only hurt yourself	你只會傷到自己
A faint odor of ozone lingers in the air near the business end of the device.	這個裝置的出力端還殘留著一股淡淡的臭氧味。
It's not likely you could taste it from here, or would want to, for that matter.	你不太可能從這裡嚐到味道，而且說真的，你也不會想嚐。
The "Slots-O-Death" machine seems to have met its match. It will no longer be a deadly temptation for unsuspecting space-farers such as yourself.	「奪命吃角子老虎」似乎終於棋逢對手了。它再也不會是像你這種懵懂太空旅人的死亡陷阱了。
Watch it or you'll get zapped.	小心點，不然你會被電到。
Hmmm...It smells vaguely like burnt flesh.	嗯……聞起來隱約有股燒焦肉味。
You Bet $%u You Have $%u	下注 $%u　持有 $%u
You step back and place the widget on the slot machine. Let's see what this baby can do.	你退後一步，把強力磁鐵貼到吃角子老虎上。來看看這寶貝能耍什麼把戲。
Eat Sand	去吃沙吧
No Way	門都沒有
Not A Chance	想都別想
It's Hopeless	沒救了
Tough Luck	算你倒楣
Suck Methane	去吸甲烷吧
So Sorry	真可惜
You Win $%u You Have $%u	贏得 $%u　持有 $%u
You step back nervously as the over-heated slot machine begins to sputter and smoke.	你緊張地退後，過熱的吃角子老虎開始噴煙冒火花。
YOU LOSE, HOMEBOY!	你輸了，老兄！
The pictures are protected by unbreakable windows.	這些照片有防碎玻璃保護著。
Very good! You got all that gunk off the glass. Licking the glass windows makes the pictures easier to see.	很好！你把玻璃上那些髒東西舔乾淨了。舔過的玻璃窗，看照片清楚多了。
A slight smell of ozone and charred meat permeates the machine.	機器裡瀰漫著一股淡淡的臭氧味和燒肉味。
You're supposed to put your money in the money slot.	你應該把錢投進投幣口才對。
Who are you trying to kid? You don't have any more buckazoids to gamble with. Hit the sand, pal.	你在唬弄誰啊？你已經沒有太空幣可以賭了，滾去外面的沙地吧，老兄。
With shaking hands, you insert your last buckazoid into the "Slots-O-Death" machine.	你顫抖著雙手，把最後一枚太空幣投進「奪命吃角子老虎」。
The "Slots-O-Death" machine will let you insert only three buckazoids per spin.	「奪命吃角子老虎」每次只讓你投三枚太空幣。
Insert a buckazoid into the slot.	把一枚太空幣投進投幣口。
Seated in the cruiser, you notice there are no controls within reach, just a button marked "LOAD". Tiny must have been serious when he said you would need a droid to fly this thing.	你坐進巡航艦，發現伸手可及的範圍內完全沒有操縱裝置，只有一個標著「LOAD」的按鈕。看來小不點說你需要機器人才能開這艘船，還真不是說著玩的。
And, since you are currently droidless, there seems to be nothing else to do but climb out.	而既然你現在沒有機器人，好像也只能爬出去了。
Once you are seated snuggly in the ship's compact cockpit, the robot moves into position, and you push the "LOAD" button.	你舒舒服服地坐進太空船的小巧座艙後，機器人就定位，你按下「LOAD」按鈕。
"Hey! Wait a minute! Where do you think you're goin' with my ship?!!"	「喂！等一下！你以為你要開著我的船去哪啊？！」
Darn the luck. You've crashed in the dunes and ended your life. The various inhabitants of the Keronian desert are now feasting on your remains. Guess that wasn't such a hot purchase.	衰到爆。你一頭撞進沙丘，小命就這麼沒了。柯羅娜沙漠裡的各路住民，現在正大快朵頤啃食你的殘骸。看來這筆買賣，一點都不划算。
Of course, with your 70 buckazoid rebate, that's just %u to you.	當然啦，扣掉你 70 枚太空幣的折扣，你只要付 %u 就好。
I'll tell ya, ol' buddy, %u buckazoids is as low as I can go on that baby.	老實跟你講，老兄，那艘寶貝我最多只能降到 %u 枚太空幣。
Tiny isn't a great conversationalist. He just wants to sell, sell, sell.	小不點不太會聊天，他滿腦子只想著賣、賣、賣。
Touching Tiny would be rude. However, you surmise from his scaly skin that he's probably about as slimy as his salespitch.	摸小不點很沒禮貌。不過從他那身鱗片皮膚看來，你猜他大概跟他那套推銷話術一樣滑溜。
Maybe you'd better take a closer look at Tiny's merchandise before making a purchase.	你買之前，或許該把小不點的貨仔細看清楚。
Actually, this ship is not bad-looking. It appears to be a Drallion cruiser. They have a reputation for quickness and reliability. You are surprised that someone of Tiny's caliber would be carrying it.	其實這艘船外型還不錯，看起來是德萊恩巡航艦，以速度快、耐操聞名。你很意外，像小不點這種等級的傢伙居然會有這種貨色。
Actually, this ship is not bad-looking. It appears to be a Drallion cruiser They have a reputation for quickness and reliability.	其實這艘船外型還不錯，看起來是德萊恩巡航艦，以速度快、耐操聞名。
There's a saying in these parts: "You don't touch a ship that isn't yours, you don't die."	這一帶有句老話：「不碰不是你的船，就不會死。」
Hmmm... needs salt.	嗯……還要加點鹽。
This ship smells a bit like space. It must've been there recently.	這艘船聞起來有點太空味，想必最近才剛從太空回來。
An interesting idea, but applying the jetpack to a spacecraft makes about as much sense as attaching a C-64 to a Cray-64.	想法是挺有趣，但把噴射背包裝到太空船上，就跟把 C-64 接到 Cray-64 上一樣莫名其妙。
Well, okay. If you really feel competent enough to assemble this thing, just do it. Start with the smallest box.	好吧，如果你真覺得自己有本事把這東西組起來，那就動手吧。先從最小的箱子開始。
Oops.	糟了。
It smells like a fine grade of light machine oil. You were expecting Hai Karate, perhaps?	聞起來像高級輕機油。你該不會是在期待「海克拉特」古龍水的味道吧？
Why on earth - or Kerona for that matter - would you want to do that?	你到底為什麼——不管是在地球還是柯羅娜星——會想做這種事？
Unfortunately, you AREN'T smarter than you look, so you'd best leave the incredibly complex robot parts alone before you hurt yourself. Too bad they don't give rebates to retrobates.	很遺憾，你並沒有看起來那麼聰明，所以還是離這些超複雜的機器人零件遠一點，免得傷到自己。可惜他們不會因為你笨手笨腳就給你打折。
You can tell this is definitely out of your league. You can't even open the boxes, much less assemble what's inside.	你看得出來，這絕對超出你的能耐。你連箱子都打不開，更別說組裝裡面的東西了。
Like many buildings on these backwater planets, this one is a quickie Construct-O-Foam job that won't last more than a couple of thousand years at the outside. They just don't make `em like they used to.	就跟這種鄉下星球上很多建築一樣，這棟也是「速成泡棉工法」隨便蓋一蓋，撐死也就撐個幾千年。現在的東西啊，就是做得不比從前扎實。
Talking to buildings is likely to get you arrested on this planet.	在這顆星球上，跟建築物講話大概會讓你被抓去關。
Why would you possibly care what this building smells like?	你幹嘛在乎這棟建築聞起來是什麼味道？
Oh, blecchhh!	噁，噁心死了！
No matter how you try to convince it otherwise, the sign will only say "Droids-B-Us Pickup."	不管你怎麼想說服它，這塊招牌永遠只會寫著「機器人量販店 取貨處」。
From here, you can discern no particular smell on the sign.	從這裡聞，你聞不出這塊招牌有什麼特別的味道。
If your neck was as long as a giraffazoid's, then maybe you could do that. But why would you want to?	如果你的脖子跟長頸鹿佐德一樣長，或許還做得到。但你幹嘛會想這麼做？
This isn't the real Gerry Giraffazoid, Roger - it's just a picture.	羅傑，這不是真的傑瑞·長頸鹿佐德——只是一張照片。
Gerry Giraffazoid's picture doesn't smell like much of anything.	傑瑞·長頸鹿佐德的照片，聞起來沒什麼特別的味道。
Trust me - that logo lacks any taste.	相信我——那個標誌一點味道都沒有。
Shaking hands could be a shocking experience.	握手可能會是很「觸電」的體驗。
The salesbug would appreciate it if you'd give him the money. It would make his job soooo much easier.	這隻推銷蟲會很感激你把錢給他，這樣會讓他的工作輕鬆許多許多。
A shodily manufactured jet pack is certainly not worth the price of one of these fine previously-owned droids. My advice, sir, is to come up with the cash or walk.	一個做工粗糙的噴射背包，絕對配不上這些上等二手機器人的身價。先生，我的建議是，拿出現金，不然就請便吧。
The robot doesn't speak, but you think you can see a bloodthirsty gleam in his metallic eye.	這機器人不會說話，但你覺得牠金屬眼裡似乎閃著一絲嗜血的光。
Course is plotted. Stand by for warp speed.	航線已設定完畢。準備進入超空間航速。
In the face of danger you decide to turn and run, leaving Xenon and the rest of the universe to fend for themselves against those bad boys of the universe, the Sariens. When things get tough, the cream rises to the top. I guess you know which stratum you occupy.	面對危險，你決定掉頭就跑，把氙星和宇宙其他角落丟給那群宇宙頭號惡霸——沙利安人自生自滅。俗話說，危難見真章。看來你也很清楚，自己是屬於哪個層級的貨色。
We have achieved escape velocity.	我們已經達到脫離速度。
It might help if you were to tell me where we are going. Please indicate our destination on the touch pad in front of you.	如果你能告訴我們要去哪裡，應該會有幫助。請在你面前的觸控板上指出我們的目的地。
If it doesn't matter to you, we can go to CES (Cosmic Electronics Show) on Rudicube 3. I just love seeing all of those new, big, shiny robots. You could buy me companion.	如果你不介意的話，我們可以去魯迪丘布三號參加宇宙電子展（CES）。我最愛看那些又新又大又閃亮的機器人了。你可以幫我買個伴。
OH, NO!!! We're headed straight for an asteroid belt!	喔，不！！！我們正朝著一個小行星帶直直衝過去！
Sensors indicate a large ship in this sector. I wonder who it could be? Will continue to scan for an I.D.	感測器顯示這個星區有一艘大型船艦。不知道會是誰呢？將繼續掃描以確認身分。
Whoa! That's a Sarien battle cruiser! We'd better stand off. If we get any closer, they'll detect us for sure and we'll be space sputum!	哇！那是艘沙利安人的戰鬥巡航艦！我們最好保持距離。再靠近一點，他們肯定會發現我們，到時候我們就會變成太空裡的一坨痰！
Let's head on out of here, okay boss?	我們還是快點離開這裡吧，老大，好嗎？
You drift endlessly through space wishing you had worn a jetpack to maneuver with. A you drift away never to be seen again the only thing you can think of to say is "Mommy!"	你在太空裡無止盡地漂流，心裡希望自己當初有穿噴射背包好操控方向。就在你漸漸飄遠、再也不會有人看見你的時候，你腦中唯一想得到能喊出的一句話就是：「媽咪！」
As you exit the ship, you carefully slide the jetpack on your back.	你走出太空船時，小心翼翼地把噴射背包揹到背上。
As you undo your seatbelts and exit the escape pod. You can feel yourself just start to uncontrollably drifting away.	你解開安全帶、走出逃生艙，才發現自己整個人不受控制，就這樣飄了出去。
The inhabitants of this vessel apparently do not appreciate your desire to sight-see. I guess it's a good idea not to be wandering around the outside this ship. You were a carbon-based being. Now your just carbon.	看來這艘船上的住客不太欣賞你觀光的興致。看樣子在船外閒晃真的不是什麼好主意。你原本是碳基生物，現在只剩下一堆碳了。
You are floating in space just outside the biggest darn spaceship you've ever seen. You see a door. Perhaps it is a way in?	你正漂浮在太空中，就在你這輩子看過最誇張的一艘太空船外面。你看到一扇門，也許是個入口？
It appears to be a standard airlock. There is a handle off to the side.	這看起來是標準的氣密艙門，旁邊有個把手。
Its too big to move by hand. There must be a better way.	這東西太大了，用手推不動，一定有更好的辦法。
Not through your helmet.	隔著頭盔可不行。
You would have to take your helmet off first, and that's not a very good idea.	你得先把頭盔脫掉才行，但這可不是什麼好主意。
It's a handle.	這是個把手。
You'd have to take your helmet off first and that would prove fatal.	你得先脫掉頭盔才行，不過那樣做絕對會要你的命。
"Outta my way!" beeps the rude little droid.	「閃開啦！」那個沒禮貌的小機器人嗶了一聲。
Bumping you, the droid causes you to come into contact with exposed wiring. Your heart, not to mention the rest of your body, doesn't react well to this (have you ever seen rhubarb pie without the crust?). Guess you'll have to be a little more clever next time.	機器人這麼一撞，你就這樣碰上了裸露的電線。你的心臟——更別說全身其他部位——對這件事反應非常不妙（你看過沒有派皮的大黃派長什麼樣子嗎？）。看來下次得聰明一點囉。
You missed a golden opportunity while that door was open. Oh well, what's new. All alone and by yourself, you grow incredibly hungry and begin sampling your own body parts. Finding that you have absolutely no taste, (like we didn't already know that) you end up shriveling away to nothing and dying in the process.	剛剛那扇門開著的時候，你錯過了大好機會。唉，反正也不是第一次了。你孤零零一個人，餓得受不了，開始啃起自己的身體。結果發現自己一點味道都沒有（這我們早就知道了），最後你就這樣枯萎成一團什麼都不剩，死掉了。
ALERT ! ALERT ! Organic contamination detected in airlock.	警報！警報！氣密艙內偵測到有機體污染。
Those laser shots are incredibly effective as your body will attest. Being in plain sight probably didn't help you much.	那些雷射砲火有多厲害，你的身體可以作證。站在那麼顯眼的地方，大概也幫不了你什麼忙。
This seems to be some sort of special door control panel. It requires some sort of special keycard which you obviously don't have.	這看起來是某種特殊的門禁控制面板，需要一種特殊磁卡才能用，而你顯然沒有。
There is nothing you can do to it without one of those keycards.	沒有那種磁卡，你對它一點辦法都沒有。
You would have to take your helmet off to do that and it's not a very good idea right now.	你得先脫掉頭盔才能這麼做，現在這麼做可不是什麼好主意。
You can't do that with a helmet on.	戴著頭盔沒辦法這麼做。
Your screams will do nothing in this airlock.	在這氣密艙裡，你怎麼叫都沒用。
That appears to have no noticeable affect on the panel.	這麼做對面板似乎沒什麼作用。
It appears to be some sort of high-tech fire droid.	這看起來是某種高科技滅火機器人。
There is nothing you can do to this droid. It's virtually indestructable.	你拿這機器人一點辦法都沒有，它幾乎是打不壞的。
If you could smell through your helmet you would know that this droid smells like smoke and fire.	要是頭盔能讓你聞到味道，你就會知道這機器人聞起來一股煙硝味。
Not out here.	在外面不行。
Intent on his cleaning duties, the little droid ignores your feeble attempts at a bribe.	這小機器人一心只顧著打掃，根本沒把你那沒誠意的賄賂放在眼裡。
The droid seems totally unconcerned with the data cartridge.	這機器人對資料匣完全沒興趣。
The widget and the droid do not appear to have any affect on one another.	強力磁鐵和這機器人似乎彼此都沒有反應。
This robot is not equipped with speech circuits, therefore there's nothing to translate.	這機器人沒有裝語音電路，根本沒什麼好翻譯的。
He doesn't seem threatened, does he?	他看起來一點都不怕，對吧？
Somehow you doubt the droid would have need of water.	你怎麼想都覺得這機器人應該用不到水。
It's much to busy to spend time talking to the likes of you.	它忙得很，沒空跟你這種人閒聊。
The airlock door looks unfortunately thick and sturdy.	這氣密艙門看起來厚實又堅固，真不巧。
This door is designed to withstand the vacuum of space. I seriously doubt that you could do anything to it.	這扇門是設計來抵擋太空真空的，我很懷疑你能拿它怎麼樣。
The door smells much like other doors you have sniffed in the past.	這扇門聞起來跟你以前聞過的門差不多。
The taste of the door - ferrous metal with just the slightest nuance of industrial-strength bulkead polish - reveals no new insights.	這扇門嚐起來——鐵金屬的味道，帶點工業級艙壁亮光劑的淡淡氣息——沒讓你多懂什麼新東西。
Shouting for help would be useless at best and fatal at worst.	大喊求救，往好處想沒用，往壞處想會要你的命。
It appears to be a decontamination unit, something like the ones used to zap Andromedan cockroaches aboard the Arcada. You wonder what it's here for.	這看起來是一台除污裝置，跟阿寇達號上用來電死仙女座蟑螂的那種很像。你很好奇它擺在這裡幹嘛。
Touching these things can be hazardous to your health.	碰這些東西對你的健康可能有害。
Ozone. Definitely ozone.	臭氧味，絕對是臭氧味。
After seeing what a decontaminator can do to an unwary cockroach, you've never had the least desire to lick one.	看過除污裝置怎麼對付一隻沒注意的蟑螂之後，你從此對舔這種東西完全沒有興趣。
You really don't want to attract its attention.	你真的不會想引起它注意。
That just doesn't seem to work here.	這招在這裡似乎不管用。
Well it looks like you won't be using that unit again.	看樣子這台裝置你是沒機會再用了。
Your overheating backpack lies smoking on the floor - you hope that it doesn't explode.	你那過熱的背包正冒著煙躺在地上——你只希望它別爆炸。
It's pretty much useless. No sense in wasting your time on it now.	這東西差不多沒用了，現在浪費時間在它身上不值得。
You don't want to go near it. It may explode.	你可不會想靠近它，它可能會爆炸。
The jetpack is soaked in foam fire retardant. I'd pass if I were you.	這噴射背包整個泡在滅火泡沫裡，換作是我就不會碰它了。
You can't vent your suit enough to do that in the airlock.	在這氣密艙裡，你的太空裝洩壓不夠，沒辦法這麼做。
You can't taste anything from here.	從這裡你什麼味道都嚐不到。
You can talk to it all you want, but it's still damaged beyond repair.	你要跟它講什麼都行，反正它已經壞到沒得修了。
The only item that might be useful is a blow dryer and you don't have one.	唯一派得上用場的東西是吹風機，可惜你身上沒有。
The only item that would be of any use right now would be a fire extingisher and you don't seem to have one right now.	現在唯一有用的東西是滅火器，看來你手邊沒有。
This seems to be some sort of special door control panel. It seems to require some sort of special keycard which you obviously don't have. You'll need to try something else.	這看起來是某種特殊的門禁控制面板，似乎需要一種特殊磁卡才能用，而你顯然沒有。你得換個辦法試試。
You would have to take off your helmet to do that. It's a poor idea at this time.	你得先脫掉頭盔才能這麼做，現在這麼做可不太妙。
Your screams will do nothing but let the Sariens know you're here.	你怎麼叫都沒用，只會讓沙利安人知道你在這裡。
You are in some sort of storage room.	你人在某個儲藏室裡。
You are in some sort of storage room. A large trunk occupies the center of the room. Perhaps one of the little Sariens is away at Enemy Eviscerating Training Camp.	你人在某個儲藏室裡，房間正中央擺著一個大箱子。也許哪個沙利安小兵正在「敵人開膛訓練營」受訓吧。
The vent grill is now open.	通風柵欄現在開了。
An air shaft protrudes from the wall above your head. It's covered by a vent grill.	頭頂上方的牆壁伸出一根通風管，上面蓋著一片通風柵欄。
You can't reach the vent and besides, you don't need to climb through the vent now that you have a Sarien uniform on.	你搆不到通風口，而且你現在穿著沙利安人制服，也用不著爬通風管了。
The vent is already open.	通風口已經開著了。
Standing in the open trunk won't give you any height advantage.	站在打開的箱子裡，高度也沒有增加多少。
It's already moved.	已經搬過了。
The trunk on the floor appears to be open. It looks big enough to hold a body.	地上這個箱子看起來是開著的，大小裝得下一具身體。
The trunk is unremarkable in every way.	這箱子怎麼看都平平無奇。
You don't need to mess with the trunk now.	現在不用再去弄這箱子了。
Your hands by themselves are incapable of opening it.	光靠你的手，打不開這個。
You feel a fresh breeze coming through the grill of the vent. If you were a lot taller, you could touch the grill itself.	你感覺到一陣涼風從通風柵欄吹來。要是你再高一點，就能摸到那片柵欄了。
It sounds like someone (or something) is approaching.	聽起來有什麼人（或什麼東西）正在靠近。
You hear footsteps approaching and they're getting close. You might only have seconds to do something!	你聽到腳步聲越來越近，可能只剩幾秒鐘可以行動了！
Bingo! He got you. You might consider not being around when these guys are shooting. Those things hurt.	中獎了！他打中你了。下次這些傢伙開槍時，你最好別待在附近，那東西打下去很痛的。
This is the ventilation system for the Deltaur. Around you, you can see ventilation shafts running in three different directions. A ladder provides access to all three directions. At the end of the shaft in the middle, you see a ventilation grill.	這裡是代爾它號的通風系統。你四周可以看到通風管往三個方向延伸，一座梯子連接這三個方向。正中間那條通風管的盡頭，你看到一片通風柵欄。
This is the ventilation system for the Deltaur. Around you, you see the ventilation shafts running in two directions with a ladder leading from one shaft to the other.	這裡是代爾它號的通風系統。你四周可以看到通風管往兩個方向延伸，一座梯子連接這兩條通風管。
Ouch! That grill is stuck tight. Its going to take more than that impervious head of yours to knock it open.	唉唷！這片柵欄卡得死緊，光靠你那顆刀槍不入的頭，可打不開它。
With a mighty (wimpy) kick you manage to hurt your foot. However, the vent grill opens.	你狠狠踹了一腳——其實遜斃了——成功把自己的腳踢得半死。不過，通風柵欄總算開了。
You are not close enough to the vent grill to open it.	你離通風柵欄不夠近，打不開它。
This is a vent grill which appears to lead to another room on the Deltaur. It appears to be closed.	這是一片通風柵欄，看起來通往代爾它號上的另一個房間，目前是關著的。
This is the vent grill you pried open to get in here.	這就是你撬開、鑽進來這裡的那片通風柵欄。
Nothing like a nice tongue load of dust.	沒什麼比舌頭上沾滿灰塵更棒的了。
It smells dusty.	聞起來一股灰塵味。
That doesn't help.	這樣沒用。
The little buggers are too fast.	這些小東西動作太快了。
It's just a ladder. Go crazy.	就只是一座梯子，你想爬就爬吧。
It's an interesting device. Two upright parallel tubes connect many shorter rungs spaced at regular intervals allowing one to change their elevation in a positive or negative direction.	這是個挺有意思的裝置：兩根直立平行的管子，中間連著許多間隔均等的短橫桿，讓人可以往上或往下改變自己的高度。
It tastes like smoething that might have been stuck to boot bottoms.	嚐起來像是黏在鞋底上的什麼東西。
That's not effective here.	這招在這裡不管用。
It's served its purpose already.	它已經完成任務了。
On the floor sits the trunk you rode here in.	地上放著你搭來這裡的那個箱子。
The vent grill is open. Its pattern, however, is permanently engraved upon your memory and your foot.	通風柵欄開著。不過它的紋路，已經永遠刻進你的記憶——還有你的腳裡了。
This is another vent grill.	這是另一片通風柵欄。
You don't need to bother with the vent now.	現在不用再管這通風口了。
Ahh! You've apparently acquired a taste for dust. I'll bet you're going to miss it when the game is over.	啊！看來你已經愛上灰塵的味道了。我敢打賭遊戲結束後你會很想念它。
It only makes you sneeze.	這只會讓你打噴嚏。
Behind the glass door of the machine, you can see a load of dirty Sarien uniform components.	透過機器的玻璃門，你可以看到一堆髒兮兮的沙利安人制服零件。
In the machine area are your old duds. Good thing you got rid of them. You'd be awfully conspicuous in them.	機器那邊放著你的舊衣服。還好你把它們甩掉了，穿著那些衣服，你可會顯眼得不得了。
No way would you consider repeating the experience.	你才不會想再經歷一次那種事。
See the nose message.	參見「鼻子」的訊息。
You're doing it again - clicking cursors on things to get funny messages. Stop that - this is a serious game!	你又來了——到處點滑鼠只為了看好笑的訊息。別鬧了，這可是一款嚴肅的遊戲！
That proves unfulfilling.	結果一點滿足感都沒有。
You don't need those. When, or should I say if, you get home, you can buy some new ones.	你不需要那些東西。等你回家的時候——或者該說「如果」你回得了家——再買新的就好。
Old fabris softener sheets rest on the floor here.	地上散落著幾張舊的衣物柔軟片。
Old fabris softener sheets rest on the floor here. Hey! There's an ID card there also.	地上散落著幾張舊的衣物柔軟片。嘿！那邊還有一張識別卡。
Your tongue is now wrinkle and static free.	你的舌頭現在不皺也不會有靜電了。
They smell spring fresh.	聞起來有股春天般的清新味。
That of no use.	那沒什麼用。
You can't do that from in here.	你待在這裡面，沒辦法這麼做。
Now, this is truly unpleasant. You're definitely seeing more than you want to. Check out those incredibly ugly boxers!	這下真的很尷尬了。你看到的東西絕對超出你想看的範圍。瞧瞧那條醜到爆的四角褲！
Uh, oh! It's one of those Sarien dudes you saw on the Arcada monitors. You might be in deep stuff now.	糟了！這就是你在阿寇達號監視器上看到的那種沙利安傢伙。你這下麻煩大了。
There's no need to go through that again!	沒必要再經歷一次那種事了！
Another helmet sits in the washer.	洗衣機裡還有一頂頭盔。
Ugh! It tastes like detergent.	噁！嚐起來像洗衣精。
You see a hint of scaley dandruff.	你看到一點鱗片狀的頭皮屑。
That's not helpful.	那沒用。
A large vent shaft protrudes from the left wall of the laundry room.	洗衣間左邊牆上突出一根粗大的通風管。
That's not a good idea.	這主意不太好。
It's just a shadow.	那只是個影子。
Various pipes, ducts and other innocuous pieces of equipment form pronounced shadows throughout the room.	各種管線、風管，還有一些無害的設備，在房間裡投下清晰的影子。
The floor's nice and shiny. Even if it wasn't, you don't have the spare to work on it.	地板亮晶晶的。就算不亮，你也沒空去處理它。
The floor's nice and shiny.	地板亮晶晶的。
Just what you thought - waxey build-up. You'd be ashamed if you were in charge of this floor.	跟你猜的一樣——一層蠟垢。要是這地板歸你管，你會丟臉丟到家。
It smells waxey.	聞起來有蠟味。
No result is forthcoming.	沒有任何反應。
This is almost certainly a cheap Sarien knock-off of the genuine Cleanse-O-Matic Rinse 'n Dip used to launder the crew uniforms aboard the Arcada.	這幾乎可以肯定是山寨版的沙利安貨，仿冒阿寇達號上用來洗船員制服的正牌「潔淨神通洗烘機」。
Quit goofing off and do something useful!	別鬼混了，做點正經事吧！
A faint miasma of Hijax liquid detergent hovers in the air near the machine.	機器附近瀰漫著一股淡淡的「海爵」洗衣精味道。
That's of no help.	那沒什麼用。
Whoa... what a ride!	哇賽……這趟真刺激！
Uh, oh! You hear someone coming.	糟了！你聽到有人過來了。
Darn static cling! Hey, look at that! By the most amazing stroke of luck, you've traded in your extremely conspicuous Xenon space suit for a Sarien officer's uniform complete with helmet.	討厭的靜電黏黏！嘿，你看看這個！運氣好到不像話，你那套顯眼到爆的氙星太空裝，就這樣換成了一套連頭盔都有的沙利安軍官制服。
Searching the pockets of your newly found disguise, you find the number of possessions you were packing has been greatly reduced. In fact, lost in that limbo void to where socks and baseballs disappear is everything but the data cartridge.	你搜了搜新換來的偽裝口袋，發現身上原本帶的家當少了一大半。事實上，除了資料匣之外，其他東西全都消失在那個專門吞襪子和棒球的異次元空間裡了。
Searching the pockets of your newly found disguise, you find the number of possessions you were packing has been greatly reduced. In fact, everything was lost in that limbo void to where socks and baseballs disappear except one lucky buckazoid.	你搜了搜新換來的偽裝口袋，發現身上原本帶的家當少了一大半。事實上，除了一枚走運的太空幣之外，其他東西全都消失在那個專門吞襪子和棒球的異次元空間裡了。
It sounds like someone is approaching this room!	聽起來有人正朝這個房間走過來！
You hear footsteps approaching. You only have seconds to do something!	你聽到腳步聲越來越近，只剩幾秒鐘讓你反應！
This vent is shut tight. You don't think anything short of kicking it from the other side could get it open.	這通風口關得死緊。你覺得除非有人從另一邊把它踹開，不然根本打不開。
You can't seem to reach the vent from here	你這個角度好像搆不到那個通風口
You can't get that from here.	你這裡拿不到那個。
It looks like a gas grenade.	看起來像顆瓦斯手榴彈。
It's a counter panel capable of opening to allow passage behind the counter.	這是個櫃檯板，打得開，可以讓人繞到櫃檯後面。
Naw. Bad idea.	唉唷，這主意不好。
The droid is to busy to chitchat.	這台機器人忙得沒空跟你哈拉。
I really have no idea why you feel I'd want to waste my enormous brain power contemplating a common data cartridge. You really are a dim-witted lifeform, aren't you?	我實在搞不懂，你怎麼會覺得我願意浪費我這顆超級大腦去研究一個普通的資料匣。你這種生物，腦袋真的不太靈光，對吧？
The droid is too busy.	這台機器人正忙著。
This is a storeroom where a great deal of the Deltaur's weaponry is kept. Various other weapons are firmly secured to the exterior of the small structure.	這是間儲藏室，代爾它號大部分的武器都放在這裡。其他各式武器則牢牢固定在這座小建築外側。
This is a storeroom where a great deal of the Deltaur's weaponry is kept. Various other weapons are firmly secured to the exterior of the small structure. On the counter, in front of the storeroom, is a loose gas grenade.	這是間儲藏室，代爾它號大部分的武器都放在這裡。其他各式武器則牢牢固定在這座小建築外側。儲藏室前的櫃檯上，擺著一顆沒固定好的瓦斯手榴彈。
This is a store room where a great deal of the Deltaur's weapons are kept. Various other weapons are firmly secured to the exterior of the small structure. On the counter, in front of the storeroom, are two loose gas grenades.	這是間儲藏室，代爾它號大部分的武器都放在這裡。其他各式武器則牢牢固定在這座小建築外側。儲藏室前的櫃檯上，擺著兩顆沒固定好的瓦斯手榴彈。
That yields no result.	這麼做什麼都沒發生。
This is a long S-shaped counter top that runs from one end of the armory to the other. At one end there is an opening, probably used to allow access to the other side of counter.	這是一張S形的長櫃檯，貫穿整間軍械庫。其中一端有個開口，看起來是讓人繞到櫃檯另一側用的。
It tastes very mica-like.	嚐起來很有雲母的味道。
It smells like you'd expect a counter to smell.	聞起來就跟你想像中的櫃檯味道一樣。
Funny, no taste.	奇怪，沒有味道。
It smells void.	聞起來，嗯，什麼味道都沒有。
You can't do anything to or with a shadow.	你對一個影子做不了什麼事。
You can carry only one grenade at a time.	你一次只能帶一顆手榴彈。
I wouldn't mess with him if I were you.	換作是我，才不會去惹他。
It's a pretty stupid-looking robot, but, then, looks can be deceiving (except in your case).	這台機器人看起來蠢蠢的，不過，人不可貌相——你除外。
I don't think it would take kindly to that action.	我看它不會太喜歡你這個動作。
You are on the wrong level to do that.	你不在對的樓層，做不了這件事。
My, aren't you the clumsy one. Because of your inability to walk without falling on your face, your helmet has been collected by the trash droid. Now you've blown your cover. The Sariens are sure to shoot first and ask questions later.	唉呀，你還真是笨手笨腳。你走路走到跌了個狗吃屎，頭盔就這樣被垃圾機器人撿走了。你的偽裝現在整個曝光，沙利安人絕對是先開槍再問問題的那種。
You are reluctant to tarnish the shiny gold casing.	你捨不得弄髒這層閃亮的金色外殼。
It smells expensive.	聞起來很值錢。
Not bad.	還不錯。
It does sort of look like a speaker, doesn't it. But it isn't.	看起來是有點像喇叭，對吧？但其實不是。
It looks fragile - better leave it alone.	看起來很脆弱，還是別碰的好。
A subtle ozone odor clings to the egg-shaped doodad.	這顆蛋形小玩意散發著一絲淡淡的臭氧味。
Tongue-zaps are no fun.	舌頭被電到可一點都不好玩。
It crackles and hums, but does not speak.	它劈啪作響，還嗡嗡叫，但就是不說話。
Somehow it doesn't seem wise to fiddle with it.	總覺得亂碰它不是什麼聰明的做法。
The static electricity clinging to the spectrofonic module tickles your tongue, not unpleasantly.	「頻譜音控模組」上殘留的靜電讓你舌頭有點酥麻，感覺還不賴。
It seems to be saying: `And now, live from the Sobodno Ballroom in beautiful downtown Knogsville, KSAR presents Boggo Snard and his orchestra in the Sarien Swing Hour.' Of course it could be some kind of code.	它似乎正在說：「現在為您做現場直播，地點是風光明媚的諾格斯維爾市中心索柏多諾舞廳，KSAR電台為您獻上波哥·斯納德樂團的《沙利安搖擺時間》。」當然，這也可能是某種暗號。
You're afraid to mess with it.	你不敢亂碰它。
You want to talk to a generator?	你想跟一台發電機講話？
You discover the lights are not flavored as you suspected.	你發現這些燈其實沒什麼味道，跟你猜的不一樣。
Smells like garbage, doesn't it?	聞起來像垃圾，對吧？
Oh, come on!	拜託，別鬧了！
You holler down the chute, but no one answers. You're relieved, somehow.	你對著滑槽大喊，但沒人回應。不知道為什麼，你反而鬆了一口氣。
Your on the wrong level to do that.	你不在對的樓層，做不了這件事。
You're not at home with the idea of touching this thing.	你對摸這東西這件事，完全提不起勁。
The electric charge around the globe tickles your nose hairs.	這顆球周圍的電荷讓你的鼻毛癢癢的。
You really don't want to lick this.	你真的不會想舔這個。
Yikes! I guess that was a bad idea, eh! I guess you'll be staying out of the garbage disposal in the future.	哎唷！看來這主意真的很爛，對吧！看來你以後會離垃圾處理機遠遠的。
Gee, that must have been a pretty powerful energy beam, seeing as how it reduced you to a pile of carbonized matter.	哎呀，那道能量光束威力一定不小，把你直接烤成了一堆碳渣。
Good shootin', Tex. You really did it now, Wilco. Don't you know that macromat field integrators are extremely fragile pieces of equipment and indiscriminatly shooting at them with a pulseray gun can be hazardous to your health?	神槍手，威爾科，你這下真的搞大條了。你不知道巨積場整合器是超級脆弱的精密設備，隨便拿雷射槍亂轟，會要你的命嗎？
This close to the Wally globes, all your nose hairs are standing on end.	離「瓦利球」這麼近，你的鼻毛全都豎起來了。
I don't think you want to do that.	我看你不會想這麼做。
Get real.	醒醒吧。
Smells sort of blue.	聞起來有點像藍色的味道。
Hmmmm. Soft.	嗯……軟軟的。
Fuzzy. Provocative. Well-seasoned.	毛茸茸的。有點挑逗。而且很夠味。
There's nobody in there.	裡面沒有人。
Your engineering expertise informs you that this is a carelessly discarded Williamson coil.	憑你的工程專業判斷，這是一個被隨手亂丟的威廉森線圈。
Of course it could also be a humongous escargot.	當然，它也可能是隻超級巨大的蝸牛。
Not knowing whether it's alive or not, you're not eager to touch it.	你搞不清楚這東西是死是活，實在不太想去碰它。
Garlic - chives - butter...	蒜頭……韭菜……奶油……
No time for chit-chat. You're here on a mission, remember?	沒空聊天，你可是身負任務來的，記得嗎？
You give the cleaning droid a shove. It appears to be in standby mode and doesn't budge.	你推了清潔機器人一把。它看起來正處於待機模式，動也不動。
The heady scents of petroleum distillates and Sarien refuse titillates your nostrils.	石油餾出物混著沙利安人垃圾的濃烈氣味，直衝你的鼻腔。
You can't be serious!	你不是認真的吧！
The droid does not speak to you. It's possible you've been snubbed.	這台機器人沒有理你。看來你可能被冷落了。
It smells like transparent.	聞起來像是透明的味道。
It tastes like shit.	嚐起來像大便一樣。
It tastes like built-up glass cleaner.	嚐起來像是一層厚厚的玻璃清潔劑。
Deciding to give your Sarien counterpart some work, you smudge the glass.	你決定讓你那位沙利安同行多點事做，故意把玻璃弄髒。
They smell globular.	聞起來圓滾滾的。
They taste globular.	嚐起來圓滾滾的。
Deciding to give your Sarien counterpart some more work, you smudge the globes with your dirty hands.	你決定再讓你那位沙利安同行多做點事，用髒手把那些球弄得髒兮兮的。
You can't shoot that from here.	你這裡打不到那個。
There's no need to use the remote now, the force field is already off.	現在不需要再用力場遙控器了，力場已經關掉了。
There is a force field around the Star Generator. You will need to turn if off first.	星辰產生器外圍有力場保護，你得先把它關掉才行。
The Star Generator is already set to blow, Roger! Maybe you oughtta do the same!	星辰產生器已經設定好要爆了，羅傑！你也差不多該跟著「開溜」了吧！
You can't do that from up here.	你在這上面做不了那件事。
Don't you think you've gassed this guy enough?	你不覺得已經薰他薰得夠多了嗎？
You could drop the cartridge on his big ugly head, but you might damage the data. Better find something more suited to the task.	你是可以把資料匣往他那顆醜到爆的大頭上砸下去，但這樣可能會把資料弄壞。還是找個更適合幹這件事的東西吧。
You think he might be more interested in it if he were alive.	你覺得要是他還活著，搞不好會對這東西更有興趣。
This is the biggest, toughest (not to mention ugliest) Sarien guard you have ever seen. At present he is diligently guarding the Star Generator from intruders such as yourself. He's wearing some sort of gadget on his belt, but from here you can't tell what its purpose might be.	這是你見過最壯、最凶悍（更別提最醜）的沙利安守衛。他此刻正盡忠職守地看守著星辰產生器，提防像你這樣的入侵者。他腰帶上掛著某種小裝置，但你這個角度看不出那是做什麼用的。
He's also wondering what your doing back there.	他同時也在納悶，你躲在後面到底在幹嘛。
You notice a remote control device on the guards belt.	你注意到守衛的腰帶上掛著一個力場遙控器。
The guard lies in a red heap on the floor, overcome by the toxic gas from the grenade. Some kind of electronic gadget is hanging from his belt.	守衛整個人紅通通地倒成一堆，被手榴彈的毒氣給撂倒在地。他的腰帶上還掛著某種電子小裝置。
This is a guy of few words, none of them for you.	這傢伙是個惜字如金的人，一個字都不打算跟你講。
I can not answer any questions without proper ID.	沒有適當的身分證明，我沒辦法回答任何問題。
This guy is more talkative dead than alive. He's dead silent.	這傢伙死後反而比生前愛講話——才怪，他安靜得跟具屍體一樣。
If you touch him, he might touch you back.	你要是敢碰他，他可能也會碰你一下喔。
The guard has nothing else of interest.	這守衛身上沒有其他有意思的東西了。
Oh no Roger! The guard has seen you and you're not wearing the helmet! You're in for it now Wilco!	糟了羅傑！守衛看到你了，你沒戴頭盔！威爾科，你這下慘了！
Boy, you're no Marshall Dillon, that's for sure. And you were so close. You'll need to react a little faster be little sharper than that. Well, throw a little bondo into that hole and get back in there.	少來了，你才不是什麼神槍手警長，這點無庸置疑，你只差了那麼一點點而已。下次得反應快一點、機伶一點才行。好啦，先拿補土把那個洞補一補，然後回去繼續幹活吧。
The Sarien warrior is guarding the stolen Star Generator so intensly, he didn't notice the gas grenade exploding.	那名沙利安戰士看守被偷來的星辰產生器看得太專心，根本沒注意到瓦斯手榴彈就在旁邊炸開了。
Actually, his walkman is cranked up too high.	其實是他的隨身聽開得太大聲了啦。
The dead Sarien guard might have noticed that, if he were alive.	那個死掉的沙利安守衛要是還活著，說不定會注意到吧。
You remove the device from the guard's belt. It looks like you have found the remote control that turns off the force field around the Star Generator.	你從守衛的腰帶上拿下那個裝置，看起來你找到了能關掉星辰產生器周圍力場的遙控器。
You press the stud on the remote and the force field around the Star Generator begins to deplete.	你按下遙控器上的按鈕，星辰產生器周圍的力場開始減弱。
Ouch! That stings just a tad. You'll obviously need to disarm that baby before trying that again.	哎唷！這下有點刺痛喔。看樣子你得先把那玩意兒解除，才能再試一次。
Sir, the destruct code is %d.	長官，自爆密碼是 %d。
It appears the shield is preventing you from getting to the Star Generator's control panel and boy is it hot. You'd better not try to get close to the Star Generator again.	看來這道護盾擋住了你靠近星辰產生器控制面板的路，而且燙得要命。你最好別再想靠近星辰產生器了。
The Star Generator is already set to blow Roger! You had better find someway to get a million miles from the Deltaur and quick!	星辰產生器已經設定好要爆炸了，羅傑！你最好想辦法趕快離代爾它號遠一點，越快越好！
Oh No! Your rotten aim has attracted the attention of one of the patrol guards. You're in for it now!	糟了！你這爛準頭引來了一名巡邏守衛的注意，這下你慘了！
Boy, you're no Marshall Dillon, that's for sure. And you were so close. You'll need to react a little faster be little sharper than that. Well, throw a little bondo into that whole and get back in there.	少來了，你才不是什麼神槍手警長，這點無庸置疑，你只差了那麼一點點而已。下次得反應快一點、機伶一點才行。好啦，先拿補土把那個洞補一補，然後回去繼續幹活吧。
Enter Code:	輸入密碼：
Self Destruct Engaged	自爆程序啟動
Invalid Code Entered	密碼輸入錯誤
Have a nice day	祝你有個美好的一天
You close your eyes in hopes your death will be quick, but, to your surprise, the guards do not notice you. In fact, you think your uniform is that of a higher-ranking Sarien officer worth sucking up to. Cool!	你閉上眼睛，希望死得痛快一點，沒想到守衛根本沒注意到你。看來你這身制服像是哪個階級比較高的沙利安軍官，還讓人想巴結咧。酷！
You hear a strange rumbling sound. Uh, oh. It seems that you didn't make it out in time. Be seeing you.	你聽到一陣奇怪的隆隆聲。糟了，看來你沒能及時逃出去。咱們有緣再見了。
There goes your ride, Roger. Too bad you can't call a taxi.	你的座車就這樣飛了，羅傑。可惜這裡叫不到計程車。
Out of the kindness of our hearts, we're just going to kill you off right now and save you the wait until the ship blows up. Be seeing you.	出於好心，我們決定現在就讓你痛快歸西，省得你在船爆炸前一直等。咱們有緣再見了。
It's an escape pod launch tube minus the escape pod. This presents a serious survival problem.	這是逃生艙的發射管，只不過裡面沒有逃生艙——這下你的存活問題可大了。
There's not much you can do without an escape pod.	沒有逃生艙，你也做不了什麼。
There's nobody here to talk to.	這裡沒有人可以說話。
Exhaust fumes from the escaped pod nauseate you, not to mention the tought that you're doomed.	逃生艙噴出的廢氣讓你反胃，更別提一想到自己死定了就更想吐。
I don't think licking the floor is the answer to your current dilemma.	舔地板應該解決不了你現在的困境吧。
It's definitely some sort of ...thing.	這絕對是某種……東西。
If you knew what it was, you might have a clue what to do with it, but since you don't, you don't.	如果你知道這是什麼，或許就知道該拿它怎麼辦——可惜你不知道，所以你不知道。
Nope. Not voice-activated.	不對，這東西不是語音控制的。
You're really 'way too busy for this, Roger.	羅傑，你現在真的沒空搞這個。
No time for funny messages, get off the ship!	沒空講幹話了，快點離開這艘船！
It's an elevator door.	這是電梯門。
This door is controlled by the elevator, there is nothing you can do to it from here.	這扇門是由電梯控制的，你在這裡對它無能為力。
It doesn't want to talk to you.	它不想理你。
It smells like the many elevator doors you've smelled in the past.	聞起來就跟你以前聞過的一堆電梯門一樣。
It tastes like the many elevator doors you've smelled in the past.	嚐起來就跟你以前聞過的一堆電梯門一樣。
It's the elevator that brought you down here.	這就是把你載下來的那台電梯。
It is not voice activated.	這不是語音控制的。
It smells like the many elevators you've smelled in the past.	聞起來就跟你以前聞過的一堆電梯一樣。
It tastes like the many elevators you've smelled in the past.	嚐起來就跟你以前聞過的一堆電梯一樣。
This must be the captain's personal escape pod!	這一定是艦長的私人逃生艙！
It's too late to do that now.	現在做這個已經太遲了。
The escape pod is not equipped with voice-recognition capability.	這艘逃生艙沒有語音辨識功能。
The ship could blow up in a million fiery pieces while you waste time licking the only thing that can get you off it in one piece!	這艘船隨時可能炸成漫天火花，你卻在這裡浪費時間舔唯一能讓你全身而退的東西！
You're wasting valuable time here.	你在這裡浪費寶貴的時間。
Well, Roger, you did it. You saved the galaxy, received your profession's most noble tribute and got the girl.	好啦，羅傑，你辦到了。你拯救了銀河系，得到了你這一行最崇高的表揚，還抱得美人歸。
Wait a minute - there wasn't any girl! Sorry. Well, you got the mop, anyway. From now on, Xenon's your oyster. All you have to do now is sit back and let the book and movie offers roll in. Who knows - maybe you'll even have a series.	等等——才沒有什麼美人！抱歉啦。不過你好歹拿回了那支拖把。從現在起，整個氙星都是你的天下了。你只要坐著等書約跟電影邀約自己送上門就好。誰知道呢，說不定你還能拍成影集。
And now, as the sun sets on the peaceful blue planet, Xenon, and Roger Wilco's first adventure (yes, I'm afraid there are more), we hope you will remain in your seat long enough to let us express OUR limitless appreciation.	此刻，夕陽緩緩落在這顆祥和的藍色行星氙星上，羅傑·威爾科的第一場冒險也告一段落（沒錯，很遺憾還有更多集在後頭）。我們希望你能在座位上多留一會兒，好讓我們表達由衷無盡的感謝。
Whew! You're off the Deltaur and safe at last. You can't ignore, however, a nagging feeling that you've forgotten something important. Now what could that be?	呼，你總算離開代爾它號，安全脫身了。不過你心裡總覺得好像忘了什麼重要的事，揮之不去。到底是什麼呢？
We hate to tell you this, but your dead again. At this rate you'll never see the end of the game.	很不想這樣說，但你又死了。這樣下去，你永遠看不到遊戲結局。
While you sit back and relax, soaking in the distant view as you excitedly approach Xenon, you have the uneasy feeling that you might have forgotten something.	你坐著放輕鬆，欣賞遠方的風景，興奮地接近氙星，心裡卻隱約覺得自己好像忘了什麼。
Congratulations. You did a great job - to a point. That is, if you overlook the fact that you forgot to set the self-destruct seqeunce on the Star Generator leaving it ready for the Sariens to use against Xenon and the rest of the universe. Nice try.	恭喜你，表現得不錯——只不過差了那麼一點：你忘了設定星辰產生器的自爆程序，讓沙利安人還能拿它去對付氙星跟宇宙其他地方。算你厲害。
Somebody wasted the CRT.	有人把這台CRT螢幕給砸爛了。
This is the Data Cartridge Retrieval System.	這是資料匣讀取系統。
Cartridge viewing on this system has been rendered impossible.	這套系統上的資料匣顯示功能，現在沒辦法用了。
Please enter a Cartridge Code Sequence before pressing "ENTER".	請先輸入資料匣代碼，再按下「ENTER」。
Cartridge found. Now retrieving.	找到資料匣了，正在讀取中。
That cartridge is currently out on loan. Please try again later.	那個資料匣目前外借中，請稍後再試。
Sorry, that cartridge is reserved. Please check again later.	抱歉，那個資料匣已經被預約了，請稍後再查詢。
Sorry, that cartridge was destroyed in a freak fusion accident. Check back with us in a few months. Purchasing should have a new one in by then.	抱歉，那個資料匣在一次離奇的核融合意外中被毀了。請過幾個月再來看看，到時候採購部應該會補到新的。
Ken took that one home. That means we'll never get it back, so don't bother checking back later.	肯把那個帶回家了，代表我們永遠拿不回來了，所以不用麻煩之後再回來查。
Cartridge title not found.	查無此資料匣名稱。
These buttons don't seem to be functioning properly.	這些按鈕好像運作不太正常。
"Howdy, bucko! Can I interest you in one of the finest little used space ships in the galaxy? You look like a man of discerning taste. This one, for instance, is just your speed... er... style, that is!"	「哈囉啊，兄弟！有沒有興趣看看銀河系裡數一數二的二手太空船啊？你這人一看就很有品味。就拿這台來說吧，簡直就是為你的速度……呃，我是說風格量身打造的！」
Oops, sorry, chief. I forgot, you've already purchased that ship. What was I thinking of?	「唉唷，抱歉啦老大。我都忘了你已經買過那艘船了，我在想什麼啊？」
Well, we're back for another look at this fine, fine, piece of jun... uh... spaceware. Right, chief?	「好啊，又回來看看這艘精緻無比的破……呃，太空好貨了，對吧，老大？」
"This is quite a unique little unit. Never been flown over Mach 3. It was owned by a little old lady from Glansadrom. You have to fly it to believe it. And she can be yours for only 99 buckazoids. One time offer only. TALK to me, friend!"	「這台可是獨一無二的寶貝，從沒飛超過三馬赫。之前的主人是格蘭薩德隆的一位小老太太。你得親自開開看才會相信。而且只要99枚太空幣就能帶她回家，機會只有這一次。跟我談談吧，朋友！」
"So how 'bout it, partner? Can I interest you in anything here? Can we do business, or what? I'm at your service. Talk to me, chief."	「那怎麼樣啊，夥伴？這邊有沒有什麼合你意的？咱們談得成生意嗎？我隨時候教。跟我聊聊吧，老大。」
"Hey, fella, waitup! S'long as you're headed in that direction, why don'tcha let me show you my other fine spacecraft? No obligation whatsoever to you, pal. Just tryin' to be helpful to one in need."	「嘿，老兄，等一下！你反正也是往那邊走，何不讓我帶你看看我另一艘好貨呢？完全不強迫你，兄弟，我只是想幫幫需要的人。」
"It's been a heckuva pleasure doin' business with you. Well, good luck. Come again!"	「跟你做生意真是一大樂事啊。祝你好運，歡迎再來！」
"Well, geez, guy! It seems it's developed some minor malfunction since we acquired it. We did have a small micro-meteoroid shower the other day. Maybe that was it! Yeah, that was probably it."	「哎呀，老兄！看樣子這台自從我們收進來以後出了點小狀況。前幾天是有一場小型微隕石雨啦，說不定就是那個造成的！對，八成就是那樣。」
"Much as I'd like to, I can't refund your money. Company policy. It's out of my hands. However, I can give you seventy buckazoids credit on any other ship in our fine line of used spacecraft. Look around, see what you like."	「我也很想幫你，但沒辦法退錢，公司規定，我也無能為力。不過我可以給你70枚太空幣的折抵額度，換購我們其他任何一艘優質二手太空船。四處看看，挑個喜歡的吧。」
Say, pal - I couldn't help noticing your skimmer. It's a genuine '86 Pleiades GL. I've been looking everywhere for one of these babies.	話說啊，朋友——我忍不住注意到你那台沙漠飛車，這可是貨真價實的86年昴宿星GL型耶。我到處在找這種寶貝呢。
"Fine. Be that way."	「好啊，隨便你。」
"Glad we could do business. I'll just take that key. Thank you kindly. Hope your stay in Ulence Flats is an interesting one."	「很高興能跟你做成生意。鑰匙就給我吧，謝啦。祝你在尤倫斯荒原玩得愉快。」
"Glad we could do business. Hope your stay in Ulence Flats is an interesting one."	「很高興能跟你做成生意。祝你在尤倫斯荒原玩得愉快。」
"Okay, buddy - you drive a hard bargain. This is my final offer and I'm only making it 'cause I can see you need it pretty bad."	「好吧，兄弟——你還真會殺價。這是我的最後一次開價，我肯開這個價，是因為看得出來你真的很需要。」
"I'll make it 30 buckazoids and I'll throw in this swell jetpack. It was previously owned by a little old Thark who only flew it back and forth to Phleebhut on Sunday. It works great in zero gravity. You'll love it."	「這樣吧，30枚太空幣，再送你這具超讚的噴射背包。之前的主人是個塔克族的老先生，禮拜天才會飛去弗利布特來回一趟而已。零重力下好用得很，你一定會愛上它。」
"Glad we could do business. I'll just take that key. Thank you kindly."	「很高興能跟你做成生意。鑰匙給我吧，謝啦。」
"Glad we could do business."	「很高興能跟你做成生意。」
"In addition, I'd like you to have these coupons good for discounts and free merchandise from some of our local merchants. As a representative of the Ulence Flats Chamber of Commerce, I hope you enjoy your visit to our friendly little community."	「另外，這幾張折價券送給你，可以在我們當地一些店家換折扣或免費商品。身為尤倫斯荒原商會的一份子，希望你喜歡這個友善的小地方。」
"Say there, pal. It's come to my attention that you're in the market for some transportation."	「嘿，朋友。我聽說你正在找代步工具啊。」
"I may be able to help. If you'll follow me, I'd like to show you a fine little piece of machinery that'll knock your eyes out."	「說不定我能幫上忙。跟我來，我帶你看一台會讓你嚇到說不出話的好機器。」
Hold on Mac, I'll get to you when I can.	等一下啊老兄，我一有空就馬上招呼你。
I'm busy, wait your turn.	我現在很忙，排隊等一下。
I'll get to you in just a sec.	馬上就輪到你了。
Here is your 5 buckazoids and your free beer.	這是你的5枚太空幣，還有你的免費啤酒。
C'mon, bud. If you haven't got the money, hit the sand.	拜託喔，兄弟。沒錢就滾去外面吹沙子吧。
"Now, just take a gander at these beauties, sport. If ya see one ya like, just give a hoot. I'll stand right over here. No pressure. Absolutely none."	「來，瞧瞧這些寶貝，小伙子。看到喜歡的就吭一聲，我就站在這邊，完全不會給你壓力，一點都不會。」
"So how 'bout it partner? Can I interest you in anything here?"	「那怎麼樣啊，夥伴？這邊有沒有什麼合你意的？」
"Can we do business, or what? I'm at your service."	「咱們談得成生意嗎？我隨時候教。」
"I'd really like to help you out, bud. Just give me a chance to treat you right!"	「我真的很想幫你一把，兄弟。給我個機會好好照顧你！」
"My sole purpose in life is to make you happy."	「我這輩子唯一的目標，就是讓你開心。」
"Have I mentioned that I have another party or two who are ready to deal? Not that I'm pressuring you or anything, partner. Just so you know.	「我有跟你提過還有一兩組人也準備要下手了嗎？我不是在給你壓力啦，夥伴，只是讓你知道一下。
Hey, wait a sec, sport. Follow me and I'll show you the greatest ship you've ever seen. Truly unique! You'll be the envy of all your friends. The girls'll love it.	嘿，等一下，小伙子。跟我來，我帶你看你這輩子見過最棒的船。獨一無二！你朋友看了都會眼紅，馬子也會愛死它。
"Don't let appearances fool ya. This baby may be a relic, I mean, a classic, but she's as dependable as the day we got her. And just think, you'll be the only one in the quadrant with one. I guarantee it!"	「別被外表騙了。這寶貝雖然有點年紀，我是說，算是經典款啦，但她可靠得跟我們剛拿到她那天一模一樣。你想想看，整個星區就你有這一台，我掛保證！」
She's a beaut, isn't she? This little baby can do a spin around the planet in just under an hour. Look at the lines in that body work. They just don't make 'em like this any more, ya' know what I mean? And she's a real bargain at 185 buckazoids.	她很漂亮吧？這小妞繞行星一圈不用一個鐘頭。你看看那車身線條，現在已經沒人做得出這種貨色了，你懂我意思吧？才185枚太空幣，真的划算。
Of course, minus your 70 buckazoid credit, that would come to 115 buckazoids.	當然啦，扣掉你的70枚太空幣折抵額度，就是115枚太空幣。
"Well, there's a man with a good eye. This here is the keenest little scrambler in the hemisphere. Top of the line. Handles like a charm. Perfect for cruising the asteroid fields."	「唷，真有眼光啊。這台可是這半球裡數一數二犀利的飛船，頂級規格，操控起來順到不行，最適合在小行星帶裡巡航了。」
"And she's got all the thrust a guy could need. I tell ya, she's an outright steal at 214 buckazoids."	「她的推力更是應有盡有。老實跟你說，214枚太空幣根本是白撿的價錢。」
Of course, minus your 70 buckazoid credit, that would come to, uh... 144 buckazoids.	當然啦，扣掉你的70枚太空幣折抵額度，那就是……呃，144枚太空幣。
"It's been a heckuva pleasure doin' business with you. It's a good thing you've already got a pilot droid, 'cause you need one to help you fly that thing. Well, good luck. Come again."	「跟你做生意真是一大樂事。還好你已經有導航機器人了，因為你需要一台才能開得動那玩意兒。祝你好運，歡迎再來。」
"It's been a heckuva pleasure doin' business with you. Oh, by the way, you're gonna need a droid to help you fly that thing. Well, good luck. Come again."	「跟你做生意真是一大樂事。對了，你會需要一台機器人才能幫你開那玩意兒。祝你好運，歡迎再來。」
"I still have that other, fine ship just to the south of here. Whad'ya say, sport, shall we go give her another look-see?"	「我南邊那邊還有另一艘好船呢。怎麼樣，小伙子，要不要再去瞧一瞧？」
"So, what are ya tryin' to pull? If you don't have the cash you can hit the sand. Go on, get out of here. You're wasting my time!"	「你到底想幹嘛啊？沒錢就滾去外面吹沙子吧。走啦，別在這裡浪費我的時間！」
"I tell ya, I think you've made a wise decision. She's a beauty. The keys are in her. If you have any problems don't hesitate to come back and tell us about 'em."	「老實跟你說，我覺得你這個決定很明智。她漂亮得很，鑰匙就插在裡面。有什麼問題儘管回來跟我們說一聲。」
Thanks, pal. I can't say how long I've wanted one of these.	多謝啦，老兄。這個我想要好久好久了，久到我自己都數不清。
All riiiight! Is this that new Earth Wars movie?	太讚了吧！這該不會是新出的《地球大戰》電影吧？
"Yeah, I've heard about how your kind likes to skin my kind. If you only knew what WE do to monkeys on MY planet, you'd think twice about waving that little sticker in my direction. But, hey, I'd still like to sell you somethin'. What d'ya say?"	「對啊，我早聽說你們這種生物很愛剝我們的皮。要是你知道我們星球怎麼對付猴子，你拿那張小貼紙在我面前晃啊晃的時候，就會多想兩秒了。不過，嘿，我還是很樂意賣你點東西啦。你說怎樣？」
Thanks a bunch, guy! This planet really dries me out. I feel like a you-know-what outa water.	太感謝了，老兄！這顆星球把我整個榨乾了。我現在整個人就像離了水的……你知道的，那個什麼東西。
Hey! I'm not responsible. That ship was in A-1 shape when I sold it to you. I swear it! Hey, wait a minute. That's not from any of MY ships. What are you tryin' to pull here?	喂！這可不能怪我。這艘船賣給你的時候好得很，我發誓！嘿，等一下，這根本不是我哪艘船上的東西。你到底想耍什麼把戲？
Right, guy. Like I need a stupid rock. Do I look like I was hatched just yesterday?	得了吧，老兄。我才不需要什麼笨石頭。你當我是昨天才孵出來的喔？
What do you want to do, make faces at him to scare him away?	你想幹嘛，對他扮鬼臉把他嚇跑？
Oh, crud! It's one of the Sarien guards. I don't think you're going to enjoy this visit.	喔，糟了！是沙利安守衛。我看你這趟拜訪應該不會太愉快。
Go ahead. Walk on up and give it a try.	去啊，儘管走上去試試看。
You probably thought that was actually going to work. Ha!	你該不會真的以為那招會成功吧。哈！
You carbon based life forms are soooo annoying. My counterpart at Ulence Flats on Kerona told me about this one pesky humanoid in a grungy blue space suit who just kept pestering him. Oh why does commiting genocide seem such a good idea right now.	你們這些碳基生物有夠煩的。我在柯羅娜星尤倫斯荒原的同事跟我提過，有個穿著髒兮兮藍色太空裝的討厭人形生物，一天到晚纏著他。喔，現在滅絕你們整個種族聽起來怎麼這麼吸引人啊。
Go away, I'm not talking to you.	走開，我沒在跟你講話。
I'm not talking to you.	我沒在跟你講話。
I'm still not talking to you.	我還是沒在跟你講話。
Oh... welcome to the Weapons Dispensary, I guess. I've got an IQ of 5000 but they feel I'm only good enough to fetch weapons, like some whimpering puppy dog.	喔……我猜，歡迎光臨軍械供應處。我的智商有五千，但他們就是覺得我只配去幫忙拿武器，跟隻搖尾乞憐的小狗沒兩樣。
You'll have to show me your ID card so I can scurry off and fetch your weapon. Why they don't just wire me into the ship's systems - so I would know who you are without an ID card - is beyond even my supreme intellect.	你得先給我看你的識別卡，我才能一溜煙跑去幫你拿武器。他們幹嘛不乾脆把我接上戰艦系統，讓我不用看識別卡就認得出你是誰——這問題就連我這種頂級智慧都想不透。
Oh dear, you carbon-based life forms can be soooo annoying. Even something with your incredibly low intelligence should know enough not to enter a restricted area. I guess I'll just have to destroy you to prevent you from reproducing more of your kind.	唉呀，你們這些碳基生物有夠煩的。就算智商低得跟你一樣，也該知道不能亂闖管制區吧。我看我只好把你毀掉，免得你們這種生物又多繁殖幾隻。
Oh dear... another intruder. If it isn't fetching weapons for so-and-so or checking ID cards, its vaporizing bothersome simians.	唉呀……又一個入侵者。要不是幫某某人拿武器、就是在查識別卡，不然就是把煩人的猿猴蒸發掉。
As my supreme intellect suspected, another obvious organic life form error. Let me say this verrrryyyy sllloooowwwlllly, THERE ARE NO MORE WEAPONS FOR YOU.	正如我的頂級智慧所料，又是一個明顯的有機生物錯誤。讓我說得非——常——慢——一——點，你——已——經——沒——有——武——器——可——拿——了。
Oh, how clever, you have an ID card and, my my what a ehem... lovely photo of a pre- proto, organic biped you have too. I guess I'll use my vast resources to fetch your silly weapon for you. Please wait here if you can handle such a simple command.	喔，真聰明啊，你有識別卡，而且，唉唷唉唷，呃……上面那張原始雙足生物的照片還真是「好看」。我看我就動用我的龐大資源，去幫你拿那把蠢武器吧。如果你應付得了這麼簡單的指令，就請在這裡等著。
Hmm... are you sure you don't already have your weapon? Organics like you have such a 'tricky' memory. Are you sure you didn't do something silly like accidently eating it or something? Oh never mind. Don't overtax yourself. I'll just go check.	嗯……你確定你身上還沒有武器嗎？你們這種有機生物的記憶力還真是『高深莫測』。你確定沒做過什麼蠢事，比如不小心把它吃下肚之類的？喔，算了，別太為難自己了，我去查一下就好。
Oh dear, you again. Actually, looking at your past track record, I'm surprised you didn't take off your boot and start showing me that. I'd better do evolution a favor and prevent you from reproducing. Bye.	唉呀，又是你。老實說，看你以前的紀錄，我還很驚訝你沒脫下靴子拿給我看。我看我還是幫演化一個忙，阻止你們繁殖好了。掰。
Oh dear, how inconvenient. Another life form is in a restricted area. How your race manages not to vaporize itself into extinction is beyond me. I guess I'll have to be polite about this. Pardon me for terminating you.	唉呀，真不方便。又一個生物闖進管制區了。你們這個種族到現在還沒把自己蒸發滅絕，真是奇蹟。我看我還是禮貌一點好了。恕我要把你終結了。
Allow me to state the obvious. This is an entirely bullet-proof environment, designed to protect us from the acts of imbeciles who fire off rapid-action implements in an enclosed space. Nevertheless, don't do that again.	容我說句廢話。這裡是完全防彈的環境，就是設計來保護我們，免得有笨蛋在密閉空間裡亂開快速擊發裝置。不過，還是別再這樣做了。
Oh my, we are even below organic intellectual levels aren't we? Don't tell me, let me guess, your race evolved from belly button lint. Well, let's get this over with and do evolution a favor.	我的天，我們居然連有機生物的智力水準都不到，是吧？先別說，讓我猜猜，你們這個種族該不會是從肚臍垢演化來的吧。好啦，長痛不如短痛，就當幫演化一個忙。
Well... Are we going to do something or are you practicing to walk?	怎樣……我們到底要幹嘛，還是你在練習走路啊？
Heeelllllllllooo. Are we still conscious? You organic models can be soooo trying sometimes.	喂——喂。你還有意識嗎？你們這些有機款式有時候真的很磨人耐性。
That's ok. Just stand around mindlessly - I don't mind. I'm just a robot, slave to you ehem... superior organic life forms, and I've been endowed with infinite patience.	沒關係，你就儘管在那邊發呆吧，我不介意。反正我只是個機器人，服侍你們這些呃……高等有機生物的奴才，天生就有無限的耐心。
What's your name, soldier?	你叫什麼名字，士兵？
My name's 4563345389843734763043603209350759, sir, but everyone just calls me 45633453898437 for short.	報告長官，我的名字是4563345389843734763043603209350759，不過大家都簡稱我45633453898437。
How're you doing, son.	你好啊，小子。
Son, sir?	小子，長官？
Sir, are you going to attend the maturation and reproduction ceremony tonite?	長官，你今晚會去參加成熟繁殖典禮嗎？
Where might I find the Star Generator, soldier?	士兵，星辰產生器在哪裡？
I'm sorry sir, it's confidential. If I told you, I'd have to kill you. No offense, its just my job.	抱歉，長官，這是機密。要是我告訴你，就得殺了你。別介意，這只是我的職責。
Uh... Uh... No offense taken soldier. Good work. Just checking your alertness. Yeh, that's it, just checking your alertness.	呃……呃……不介意，士兵。做得好。我只是在測試你的警覺性。對，沒錯，就是在測試警覺性。
Sir, I cannot chitchat, so please MOVE ON!	長官，我不能閒聊，請你快走開！
Sure thing, you arrogant, green putz.	沒問題啊，你這隻自大的綠色蠢貨。
Halt! No one is allowed access to the Captain's personal escape pod.	站住！任何人都不准接近艦長的私人逃生艙。
In fact, come to think of it, I'm not even sure the Captain has access to the Captain's personal escape pod.	事實上，仔細想想，我甚至不確定連艦長本人能不能接近艦長的私人逃生艙。
Yeah. Ok. Sure bud. Just don't tax those green brain cells.	對啦，好啦，沒問題，老兄。可別把你那些綠色腦細胞給累壞了。
You wish you could sing like that.	你多希望自己能唱成那樣。
They may look like a couple of geeks, but they have good taste in music.	他們看起來像一對怪咖，不過音樂品味倒是不錯。
Don't they ever wash those suits.	他們那身衣服到底洗不洗啊。
They don't have the time to talk to you, they're on a mission from God.	他們沒空跟你聊天，他們正肩負著上帝交付的使命。
Unlike any band you've ever seen, these guys aren't interested in tips.	跟你看過的其他樂團不一樣，這些傢伙對小費完全沒興趣。
he isn't interested in the data cartridge.	他對這個資料匣沒興趣。
He doesn't seem interested in the widget.	他看起來對這個強力磁鐵沒興趣。
The lyrics of this song are gibberish, even translated.	這首歌的歌詞就算翻譯過了，還是像天書一樣。
You could wind up outside with a microphone stand wrapped around your neck.	你搞不好會被人拿麥克風架纏著脖子扔到外面去。
They look like they get plenty to drink.	他們看起來喝得挺夠的。
You decide not to offer him your jet pack - he's already flying.	你決定不把噴射背包拿給他——反正他已經『飛』起來了。
There's no discount on the band. Sorry.	樂團沒有折扣這回事，抱歉。
You don't want to disturb them.	你不想打擾他們。
They don't have the time to talk to you.	他們沒空跟你講話。
No thanks.	不用了，謝謝。
Her taste in clothes is almost as bad as her taste in music.	她的穿衣品味幾乎跟她的音樂品味一樣糟。
You'd love to, but those spikes look deadly.	你很想啊，但那些尖刺看起來會要人命。
She doesn't have the time to talk to you.	她沒空跟你講話。
If you think that's going to work on her, you're loony.	你要是覺得那招對她有用，那你真的是瘋了。
She doesn't find the cartridge any more interesting than the rest of you.	她對這個資料匣，並不會比對你其他東西更有興趣。
She could care less about the widget.	她對這個強力磁鐵一點興趣也沒有。
You can understand her fine already.	你已經聽得懂她在講什麼了。
She apparently has no interest in male competence symbols.	她顯然對象徵男性能力的東西沒興趣。
She just keeps on singing as you hold out the canister of dehydrated water.	你拿出那罐濃縮水，她卻只顧著繼續唱歌。
With a toss of peroxide hair, she rebuffs your offer of a jet pack.	她甩了甩那頭漂白過的頭髮，拒絕了你遞上的噴射背包。
The coupon probably doesn't apply in this situation.	這張折價券大概在這種情況下用不上。
Don't touch.	不要碰。
Get real!	醒醒吧你！
I guess having a long beard means not having to take a bath.	我猜留長鬍子大概就表示不用洗澡了。
Unlike any bar band you've ever seen, these guys aren't interested in tips.	跟你看過的任何酒吧樂團都不一樣，這些傢伙對小費沒興趣。
He isn't interested in the data cartridge.	他對這個資料匣沒興趣。
He doesn't have the time to talk to you.	他沒空跟你講話。
From the way he keeps feeding the slot machine, it would seem he has plenty of money.	看他一直往吃角子老虎裡塞錢，看來他手頭挺闊綽的。
All he really cares about is playing the slot machine.	他真正在乎的只有玩吃角子老虎。
He doesn't care about your widget. Did you expect him to?	他才不管你的強力磁鐵，你還真以為他會在意喔？
He's far too engrossed in his present activity to pay attention to your gadget.	他正忙著手上的事，根本沒空理你的小裝置。
He only has eyes for the slot machine.	他眼裡只有那台吃角子老虎。
He's much too busy winning to take a drink.	他忙著贏錢，根本沒空喝一杯。
You show the little blue alien your terrific new jet pack. He's not particulary impressed.	你把你那台超讚的新噴射背包秀給那個藍色小外星人看。他沒什麼特別的反應。
If he can't use it in the slot machine, he doesn't want it.	只要沒辦法拿去吃角子老虎上用，他就沒興趣。
Please enter a Navigational Grid Code before pressing "ENTER".	請在按下「ENTER」鍵前，先輸入導航方格代碼。
Invalid code. A complete set must be entered.	代碼無效。必須輸入完整的一組代碼。
Okay, I'm plotting our course.	好的，我這就開始規劃航道。
Sorry. That is an incorrect code. Please try again.	抱歉，這組代碼不正確，請再試一次。
Those unexpected asteroid belts will get you every time. Now you know why your ship is, or was, the only one in this sector. Get a life (restore) and let's try to do this right.	這些突如其來的小行星帶，每次都能要你的命。現在你知道，為什麼你的太空船是（或曾經是）這星區裡唯一的一艘了。去讀檔重新做人吧（也就是 restore），這次咱們好好來一遍。
This is strange. The sensors are returning phantom images. There seems to be another ship in the vicinity, but its location is tough to pinpoint.	這就怪了，感應器回傳的都是幻影。附近好像還有另一艘船，可是很難定位它的位置。
Hey! What's the deal with this guy. That was truly an unfriendly act. Perhaps you strayed into a sector you shouldn't have.	喂！這傢伙是怎樣。那動作真的很不友善耶。你該不會誤闖了不該進來的星區吧。
You realize that putting the keycard on the cartridge was a pretty dumb idea.	你發現把磁卡放在資料匣上真的是蠢到家的主意。
You put the keycard on the gadget. Nothing happens.	你把磁卡放到小裝置上，什麼事都沒發生。
The kit will open easily enough without the use of a keycard.	這個包根本不用磁卡就能輕鬆打開。
Touching the keycard to the knife fails to produce any noteworthy results.	把磁卡碰一下刀子，沒有任何值得一提的結果。
Your keycard is now wet.	你的磁卡濕了。
The keycard does not work with the piece of glass.	磁卡和玻璃碎片配不起來。
Despite your valiant attempts to cram the keycard into the rock, it fails to work.	儘管你很努力想把磁卡塞進石頭裡，還是沒有用。
Good going, now the keycard has orat-goo on it.	很好，現在磁卡上沾滿了歐拉特黏稠物。
You can't seem to think of any good reason to do that.	你想不出有什麼理由要這麼做。
You jam the keycard into the buckazoid. No result.	你把磁卡硬塞進太空幣裡，沒有任何結果。
You peruse the jetpack in search of an orifice to accept the keycard, but find none.	你仔細檢查噴射背包，想找個能塞磁卡的孔，卻什麼都沒找到。
You can't imagine why you are putting the keycard on the widget.	你完全想不通自己幹嘛把磁卡放到強力磁鐵上。
Thinking better of it, you decide not touch the plant with a non-tefloid coated surface.	你想了想，還是決定不要用沒鍍特氟龍塗層的表面去碰那株植物。
You wouldn't want to ruin the coupon, thus missing out on the fine bargain it represents.	你可不想把折價券弄壞，白白錯過它代表的超值優惠。
You join the keycard and cartridge, but nothing happens.	你把磁卡和資料匣兜在一起，卻什麼事都沒發生。
The cartridge appears to have no effect on your gadget. Maybe it's just as well.	資料匣對你的小裝置似乎沒有任何作用。也許這樣也好。
You can't put the cartridge in the kit.	你沒辦法把資料匣放進求生包裡。
You leave a scratch on the outside of the data cartridge.	你在資料匣外殼上留下一道刮痕。
The outside of the cartridge gets a little wet, but it's probably still okay.	資料匣外殼稍微濕了一點，不過應該還是沒事。
The broken glass leaves a slight scratch. Nothing appears to be damaged.	碎玻璃留下了一道淺淺的刮痕，看起來沒什麼損壞。
Careful! You'll damage the information in the cartridge!	小心！你會把資料匣裡的資料弄壞的！
You don't want to touch anything to the orat part.	你不想拿任何東西去碰那塊歐拉特殘骸。
Putting the data cartridge on the keys proves singularly unrewarding.	把資料匣放在鑰匙上，什麼收穫都沒有。
You realize that putting the cartridge on your money was a pretty dumb idea.	你發現把資料匣放在錢上，真是蠢斃了。
You carefully balance the data cartridge on the jet pack. Very interesting! But schtupid!	你小心翼翼把資料匣架在噴射背包上。真有意思！但蠢得可以！
These don't work together.	這兩個兜不起來。
You put the cartridge on the widget. Nothing happens.	你把資料匣放到強力磁鐵上，什麼事都沒發生。
The plant leaves a sticky residue on the data cartridge. Yuchh!	植物在資料匣上留下一層黏答答的殘留物。噁！
You set the cartridge down on your coupon, and decide that whatever happens, it will make a pretty good paperweight.	你把資料匣放到折價券上，心想不管怎樣，這樣壓著剛好可以當鎮紙。
The gadget does not seem to be designed to read the cartridge.	這個小裝置看起來不是拿來讀資料匣的。
Touching the keycard with the gadget produces no visible effect.	用小裝置碰磁卡，沒有任何看得出來的反應。
The gadget won't go into the kit.	小裝置塞不進求生包裡。
You put the gadget on the knife. Nothing happens.	你把小裝置放到小刀上，什麼事都沒發生。
You wet the gadget and shine it up a bit, but that probably won't affect its performance.	你把小裝置弄濕、擦亮了一點，不過這樣應該不會有什麼差啦。
You realize that putting the gadget on the glass was probably a waste of time.	你發現把小裝置放到玻璃碎片上，大概只是浪費時間。
You tap the gadget against the rock. It's not very exciting.	你拿小裝置敲敲石頭，沒什麼特別的。
When you touch the gadget to the orat part, it gets some ooky red stuff on it.	你拿小裝置碰歐拉特殘肉，上面沾了一些噁心的紅色東西。
Now the gadget is on your keys. Isn't this exciting?	現在小裝置放到你的鑰匙上了。是不是很刺激啊？
The gadget appears to have no effect on the buckazoids.	小裝置對太空幣好像沒有任何作用。
The gadget doesn't appear to operate the jet pack.	小裝置似乎沒辦法操作噴射背包。
The gadget and the widget should probably not be near one another.	強力磁鐵跟強力磁鐵，大概最好不要靠太近。
When you touch the gadget to the plant, it gets some purple goo on it.	你拿小裝置碰植物，上面沾了一些紫色黏稠物。
The gadget and the coupons do not have any sort of meaningful relationship.	小裝置跟折價券之間，扯不上任何關係。
You set the survival kit on the cartridge. After a while, you take it off again.	你把求生包放到資料匣上，過一會兒又拿了下來。
Putting the survival kit on the keycard seems particularly pointless.	把求生包放到磁卡上，感覺特別沒意義。
Putting the survival kit on the gadget is probably a waste of time.	把求生包放到小裝置上，大概是浪費時間。
The knife can now survive well enough without the aid of the survival kit.	這把小刀不靠求生包也活得好好的。
The survival kit cannot help the dehydrated water in any way.	求生包對濃縮水一點忙都幫不上。
Setting the survival kit on the glass might break it.	把求生包放到玻璃碎片上，可能會把它壓破。
All attempts to balance the survival kit on the rock end in failure.	想把求生包平衡放在石頭上，怎麼試都失敗。
Putting the survival kit on the orat part does not produce the expected results (whatever they were).	把求生包放到歐拉特殘肉上，沒有出現預期中的結果（不管那預期是什麼）。
Setting the survival kit on the skimmer key yields no favorable results.	把求生包放到飛車鑰匙上，沒什麼好結果。
Nothing happens when you put the kit on your money.	把求生包放到錢上面，什麼事都沒發生。
They don't work well together	這兩個兜不太起來
Putting the survival kit on the widget proves largely fruitless.	把求生包放到強力磁鐵上，基本上是白費工夫。
Setting the survival kit on the plant squashes it somewhat.	把求生包壓在植物上，多少把它壓扁了一點。
You manage to put the survival kit on the coupon, successfully wasting time and effort.	你成功把求生包放到折價券上，成功浪費了時間跟力氣。
You make a deep scratch in the cartridge casing. Hopefully, the information is undamaged.	你在資料匣外殼上刮出一道深痕。希望裡面的資料沒事。
You relentlessly stab the keycard with the knife. You feel much better now.	你拿小刀狠狠捅磁卡，捅完感覺舒坦多了。
The knife scratches the gadget, but it will probably still work.	小刀在小裝置上劃了一下，但應該還是能用。
You ventilate the kit with the knife.	你拿小刀往求生包上戳出幾個通風孔。
You wouldn't want to puncture the container.	你應該不會想把這個容器戳破。
The knife makes a mark on the glass.	小刀在玻璃碎片上留下一道痕跡。
The knife scratches the rock and leaves little white marks.	小刀刮過石頭，留下幾道白色刮痕。
You easily cut a tiny sliver from the orat part, and wonder why you bothered.	你輕輕鬆鬆從歐拉特殘肉上削下一小片，然後納悶自己幹嘛這麼做。
Why would you want to cut your keys?	你幹嘛想切你的鑰匙？
Why would you want to cut your money? Did you think you'd double its value?	你幹嘛想切你的錢？難道以為這樣能讓它變兩倍？
You scratch your initials into the casing of the jet pack: R W. How satisfying!	你在噴射背包外殼上刻下你的縮寫：R W。爽快！
You cut a chunk of metal from the widget. It dulls your knife somewhat.	你從強力磁鐵上切下一塊金屬，小刀也跟著變鈍了一些。
You cut a tiny piece from the plant sample. Now your knife has sticky purple goo on it. Blecchhh!	你從植物樣本上切下一小片，小刀上沾滿黏答答的紫色黏稠物。噁！
You decide you'd rather not cut these - they could be worth money.	你決定還是別切這些——它們可能值錢。
You decide it's better not to get the cartridge wet.	你覺得資料匣還是別弄濕比較好。
You spray some water on the keycard. Nothing much happens.	你在磁卡上噴了點水，沒什麼特別的事發生。
A wise man once said: Happiness is a wet gadget.	有位智者曾說過：幸福，就是擁有一個濕答答的小裝置。
Having gone to the trouble to take the water out of the kit, you decide not to put it back in.	你費了一番功夫才把水從求生包裡拿出來，決定不再放回去了。
Putting water on your knife might rust the blade.	把水灑在小刀上，刀刃可能會生鏽。
You spray a little water on the glass. It shines up real nice.	你在玻璃碎片上噴了點水，變得亮晶晶的。
You spray some water on the rock. Now it's wet.	你在石頭上噴了點水，石頭濕了。
You wash the orat part. It's not one bit less disgusting.	你把歐拉特殘肉洗了一下，噁心程度完全沒有減少。
You wonder why you're wasting your time putting water on your keys.	你納悶自己幹嘛浪費時間把水灑在鑰匙上。
Your money is now slightly soggy.	你的錢現在有點濕濕軟軟的。
I don't think I'd put water on this - you might mess something up.	我看還是別往這上面澆水——可能會把事情搞砸。
Egad! You've wet your widget!	天啊！你把強力磁鐵弄濕了！
It's too late to water this plant. It's dead, Jim.	現在澆水對這株植物來說太遲了，它已經死透了，兄弟。
Now your coupons are damp.	現在你的折價券濕答答的了。
You scratch your initials on the cartridge. It's somehow satisfying, though meaningless.	你在資料匣上刻下你的縮寫。雖然沒什麼意義，卻莫名有成就感。
Touching the glass to the keycard produces no visible effect.	拿玻璃碎片碰磁卡，沒有看得出來的反應。
You tap the glass against the gadget. Tink, tink. If you had three gadgets, you could play a song.	你拿玻璃碎片敲小裝置。叮、叮。如果你有三個小裝置，說不定可以敲出一首歌。
The glass won't go into the survival kit.	玻璃碎片塞不進求生包裡。
You decide trying to cut a knife with a piece of glass is unintelligent.	你覺得拿玻璃碎片去切小刀，根本蠢斃了。
You wonder why putting the glass on the water seemed like a good idea.	你納悶自己怎麼會覺得把玻璃碎片放到水裡是個好主意。
Touching the rock with the glass produces no visible effect.	拿玻璃碎片碰石頭，沒有看得出來的反應。
You manage to slice off a bit of the orat part. it's as repulsive as the rest of it.	你成功削下一小塊歐拉特殘肉。跟其他部分一樣噁心。
You have no reason to try to cut the key with the glass.	你沒理由拿玻璃碎片去切鑰匙。
The glass might cut your money.	玻璃碎片可能會割破你的錢。
The surface of the jetpack is proves unyielding to the ravages of the glass.	噴射背包的表面，玻璃碎片拿它一點辦法都沒有。
The glass will scrape the widget, but you can't imagine why you'd want to.	玻璃碎片會刮到強力磁鐵，但你實在想不出幹嘛要這麼做。
You shave off a piece of the plant with the glass, then wonder why.	你拿玻璃碎片削下一片植物，然後納悶自己幹嘛這麼做。
Cutting the coupons with the glass would render them unredeemable.	拿玻璃碎片剪折價券，會讓它們沒辦法兌換。
The rock sits quietly on the cartridge and does nothing.	石頭靜靜躺在資料匣上，什麼都沒發生。
The rock has no effect on the keycard.	石頭對磁卡沒有任何作用。
The rock taps against the gadget with a satisfying `clink.'	石頭敲在小裝置上，發出一聲滿足的「叮」。
The rock is too big to fit in the kit.	石頭太大，塞不進求生包。
Suddenly poking your knife with a rock seems so childish.	突然想拿石頭戳小刀，感覺實在太幼稚了。
Now you have a wet rock.	現在你有一顆濕石頭了。
You don't want to scratch your nice shiny glass, do you?	你應該不想刮花你那漂亮亮晶晶的玻璃碎片吧？
Seeing the disgusting results, you wonder why you put the rock on the orat part.	看到這噁心的結果，你納悶自己幹嘛把石頭放到歐拉特殘肉上。
You put the rock on your money. Sure enough, the money doesn't blow away.	你把石頭壓在錢上。果然，錢不會被風吹走了。
The rock does not stick to the magnetic widget. You infer the absence of ferrous metal.	石頭沒有黏到強力磁鐵上。你推斷這東西不含鐵。
Like everything that touches the plant (including you) the rock comes away gooey.	就像所有碰過植物的東西（包括你自己），石頭也沾得黏答答的。
When the orat part touches the cartridge it leaves behind a red smear.	歐拉特殘肉碰到資料匣，留下一道紅色汙漬。
You successfully smear orat-gunk all over the keycard.	你成功把磁卡抹得到處都是歐拉特的黏液。
The sticky red orat part leaves a trail of orat bodily fluids on your gadget.	黏答答的紅色歐拉特殘肉，在你的小裝置上留下一道體液痕跡。
When the orat part touches your survival kit, it leaves a red smear.	歐拉特殘肉碰到你的求生包，留下一道紅色汙漬。
The red stuff from the orat part is now all over your knife handle.	歐拉特殘肉上的紅色東西，現在沾滿了你的刀柄。
Wetting the orat part doesn't improve its looks or smell.	把歐拉特殘肉弄濕，並不會讓它變得好看或好聞一點。
The orat part smears your piece of glass.	歐拉特殘肉把你的玻璃碎片弄髒了。
Now the rock has orat slime on it. Yucchhh!	現在石頭上沾了歐拉特黏液。噁！
You'd prefer not to coat something you have to touch with orat slime.	你應該不想把自己常拿的東西，沾滿歐拉特黏液。
When the orat part touches your money, some disgusting red goop rubs off.	歐拉特殘肉碰到你的錢，蹭上了一些噁心的紅色黏液。
You make some neat designs on the jetpack with the orat slime.	你拿歐拉特黏液在噴射背包上，畫出一些還不錯的圖案。
The orat part sticks wetly to the widget. It's disgusting!	歐拉特殘肉濕黏黏地黏在強力磁鐵上。噁心死了！
The orat part and the plant get red and purple goop all over each other. It makes you wish you hadn't done that.	歐拉特殘肉跟植物互相沾得又紅又紫、黏成一團。你開始後悔自己幹了這件事。
The skimmer keys do not appear to affect the cartridge.	飛車鑰匙對資料匣，似乎沒有任何影響。
The keys do not open the gadget.	鑰匙打不開小裝置。
The kit is not locked, and therefore does not require the use of any keys.	求生包沒有上鎖，所以用不著鑰匙。
You tap the keys on the knife. Nothing much happens.	你拿鑰匙敲小刀，沒什麼特別的事發生。
Now you have wet keys. Was that what you wanted?	現在你的鑰匙濕了。這就是你要的結果嗎？
The keys make a clinking sound on the glass, and that's about it.	鑰匙敲在玻璃碎片上發出叮噹聲，也就這樣了。
The keys jingle obligingly against the rock.	鑰匙很配合地在石頭上發出叮噹聲。
Why would you want to get your keys anywhere near this nasty thing?	你幹嘛想把鑰匙拿去靠近這噁心的東西？
Putting the skimmer keys on your money was a pretty dumb idea.	把飛車鑰匙放到你的錢上，真是個蠢主意。
The keys, being brass, do not stick to the magnetic widget.	這鑰匙是黃銅做的，貼不到強力磁鐵上啦。
The keys touch the plant and come away gooey. What did you expect?	鑰匙碰到植物，沾得黏答答的。你是在期待什麼？
The cartridge has no need of your money.	資料匣才不需要你的錢。
You don't need to buy it - you already have it.	你不用買啦，東西已經是你的了。
You really don't want to give money to the gadget.	你真的不會想把錢給那個小裝置吧。
The survival kit won't hold your buckazoids.	求生包裝不下你的太空幣。
Why would you want to do that?	你幹嘛要這樣做？
You put the Buckazoids on your water. Now they're wet.	你把太空幣放到你的水上，現在幣都濕了。
Nothing much happens when you put your money on the glass.	把錢放到玻璃碎片上，什麼事都沒發生。
You put your money on the rock. So what?	你把錢放到石頭上。然後呢？
You touch your money to the orat part, and you're sorry you did.	你拿錢碰了一下歐拉特的部位，然後你後悔了。
You put your money on the keys. Nothing much happens.	你把錢放到鑰匙上，沒什麼特別的事發生。
The jet pack doesn't need money.	噴射背包不需要錢。
The widget doesn't need money.	這強力磁鐵不需要錢。
You touch your money to the plant. Now it's sticky.	你拿錢碰了植物，現在錢黏黏的。
You don't need to buy a coupon - you already have two of them.	你不用買折價券啦，你手上已經有兩張了。
Careful! You don't want to damage the data on this cartridge.	小心點！你可不想弄壞這個資料匣裡的資料。
The keycard and the jetpack were not designed to integrate.	磁卡跟噴射背包根本不是設計來搭在一起的。
Now the jet pack is on the gadget. Are you waiting for something to happen?	噴射背包現在放在小裝置上了。你是在等什麼事發生嗎？
The kit has no effect on the jet pack.	求生包對噴射背包沒有任何作用。
You realize that putting the jet pack on the knife was probably a dumb idea.	你發現把噴射背包放到小刀上，大概是個蠢主意。
You wonder why you are putting the jet pack on the water, and decide you must be pretty bored.	你納悶自己幹嘛把噴射背包放到水上，最後認定自己一定是無聊到爆了。
You put the jet pack on the glass. Nothing happens.	你把噴射背包放到玻璃碎片上，什麼事都沒發生。
What made you think the jet pack would have any effect on your money?	你怎麼會覺得噴射背包對你的錢會有什麼作用？
The jetpack attracts the magnetic widget, but you are able to separate them.	噴射背包被強力磁鐵吸住了，不過你還是把它們分開了。
Naw, keep that gunk off of the jetpack.	唉唷，別讓那坨黏液沾上噴射背包啦。
The jet pack appears to have no effect on the coupon.	噴射背包對折價券好像沒什麼作用。
You don't want to shoot the grenade. Trust us on this.	你不會想開槍打手榴彈的，相信我們這句準沒錯。
Shooting the remote control seems seriously stupid.	拿槍打遙控器，這主意蠢到不行。
Better not shoot this - you might need it.	最好別開槍打這個，你可能還用得到它。
You have no malicious intent toward the cartridge.	你對這個資料匣沒有任何惡意。
It's all the money you have. You wouldn't want any harm to come to it.	這可是你全部的家當，你不會想讓它出事的。
You really aren't stupid enough to use the gas grenade on the pulse ray.	你還沒蠢到會拿瓦斯手榴彈去打脈衝雷射槍。
Even you wouldn't think this is a good idea.	就連你自己也不覺得這是個好主意。
You can't imagine the gas grenade having any effect on the Sarien I.D.	你實在想不出瓦斯手榴彈對這張沙利安人識別證能有什麼作用。
The remote control has no effect on the pulse ray.	遙控器對脈衝雷射槍沒有任何作用。
This gas grenade does not appear to be operated by remote control. Try dropping it on someone.	這顆瓦斯手榴彈看起來不是遙控操作的，試試看直接丟到誰身上吧。
You click the remote control on the I.D. It turns out to be a meaningless action, as you thought it might.	你拿遙控器對著識別證按了一下，結果就跟你猜的一樣，完全沒意義。
The pulse ray is not impressed by your Sarien I.D.	脈衝雷射槍才不會被你那張沙利安人識別證唬到。
You show your I.D. to the gas grenade. It does not respond.	你把識別證拿給瓦斯手榴彈看，它完全沒反應。
You show your I.D. to the remote control. Now it thinks your a Sarien, right?	你把識別證拿給遙控器看。這樣它就會以為你是沙利安人了，對吧？
You decide not to get the magnetic widget near the data cartridge.	你決定不要把強力磁鐵靠近資料匣。
You don't want to put the magnetic widget next to the keycard.	你不會想把強力磁鐵放到磁卡旁邊的。
It would be unwise to put the magnetic widget anywhere near this.	把強力磁鐵放到這附近，絕對不是什麼好主意。
The widget won't go into the kit.	強力磁鐵塞不進求生包裡。
The knife, being made of ferrous metal, sticks to the magnetic widget.	這把小刀是鐵製的，被強力磁鐵吸得死死的。
Now the widget is wet. It won't make any difference, though.	強力磁鐵現在濕了，不過這也沒差。
Tapping on the glass with the widget doesn't hold your attention for long.	拿強力磁鐵敲敲玻璃碎片，你很快就覺得無聊了。
Tapping on the rock with the widget proves unrewarding.	拿強力磁鐵敲敲石頭，一點收穫都沒有。
The widget touches the orat part and comes away with some sticky red stuff on it.	強力磁鐵碰到歐拉特的部位，沾了一些黏答答的紅色東西回來。
The keys, being made of brass, will not stick to the magnetic widget.	這把鑰匙是黃銅做的，不會被強力磁鐵吸住。
Touching your money with the widget produces no visible effect.	拿強力磁鐵碰你的錢，看不出有什麼效果。
You amuse yourself for a few moments sticking the magnetic widget to the jet pack and pulling it off again. Now, back to the game.	你把強力磁鐵黏到噴射背包上又拔下來，自己玩了好一陣子。好了，該回去正事了。
The widget touches the plant and comes away with a bit of sticky residue.	強力磁鐵碰到植物，沾了一點黏黏的殘渣回來。
The widget makes a great paperweight for your coupon, but that's about it.	強力磁鐵拿來壓折價券當鎮紙是不錯，但也就這樣了。
Putting the plant on the cartridge doesn't seem worth the effort somehow.	把植物放到資料匣上，感覺不太值得費這個功夫。
Why would you want a sticky keycard?	你幹嘛會想要一張黏答答的磁卡？
You'll get your gadget all sticky if you do that.	你這樣做會把小裝置弄得整個黏答答的。
The kit won't hold your plant sample.	求生包裝不下你的植物樣本。
You ask yourself why you are putting the plant on the knife. Finally you answer honestly, `I don't know.'	你問自己幹嘛要把植物放到小刀上。想了半天，你老實回答：『不知道。』
Putting the plant in water won't help it now.	現在把植物泡到水裡也於事無補了。
The shiny glass reflects the plant nicely.	這片亮晶晶的玻璃碎片把植物照得挺好看的。
You put the plant on the rock, but it does not take root.	你把植物放到石頭上，但它就是生不了根。
Now you've got orat bodily fluids all over your plant sample. But then, who can tell?	現在你的植物樣本上沾滿了歐拉特的體液。不過話說回來，誰看得出差別呢？
You can find no valid reason to gunk up the key to your ride.	你實在想不出有什麼理由，要把你座駕的鑰匙弄得黏答答的。
You touch the plant to your money. Now you have sticky money.	你拿植物碰了你的錢，現在你的錢黏黏的了。
You smear the gooey plant all over the jetpack. You have achieved a landmark in mess-making.	你把噴射背包抹得到處都是黏糊糊的植物汁液。恭喜你，在製造髒亂這件事上又締造了新猷。
Why would you want a sticky widget?	你幹嘛會想要一個黏答答的強力磁鐵？
You now have sticky coupons.	你現在手上的折價券黏答答的了。
Putting the coupons on the cartridge seems like a dumb idea.	把折價券放到資料匣上，感覺是個蠢主意。
You already have the keycard, a discount won't help.	磁卡你已經有了，打折也沒用。
Touching the gadget with the coupon produces no visible effect.	拿折價券碰小裝置，看不出有什麼效果。
The coupon has no effect on the kit.	折價券對求生包沒有任何作用。
You touch the knife with the coupon, but because the knife is closed, nothing much happens.	你拿折價券碰小刀，但小刀是收著的，沒什麼事發生。
Now you have a soggy coupon.	你現在手上的折價券濕答答的了。
You suddenly feel like touching the glass with the coupon might just be a waste of time.	你突然覺得，拿折價券去碰玻璃碎片大概只是在浪費時間。
Putting the coupon on your money does not increase its value one bit.	把折價券放到你的錢上，一點都不會讓錢變多。
The coupon sits on the jet pack Nothing further happens.	折價券擺在噴射背包上，沒有再發生什麼事。
You touch the coupon to the widget. The results are pretty much what you expected.	你拿折價券碰了強力磁鐵，結果跟你猜的差不多。
You now have gooey coupons.	你現在手上的折價券黏糊糊的了。
You hear footsteps.	你聽到腳步聲。
Failing to notice anyone or anything in the room, the Sarien guards decide to check elsewhere. Way to go, Roger!	沙利安守衛沒發現房間裡有任何人或任何東西，決定去別處查看。幹得好啊，羅傑！
Failing to notice anyone or anything in the room, the guard decides to check elsewhere. Way to go, Roger!	守衛沒發現房間裡有任何人或任何東西，決定去別處查看。幹得好啊，羅傑！
The aliens observe their handiwork briefly before looking for others to process in similiar fashion.	外星人短暫欣賞了一下自己的「傑作」，接著又去找下一個目標，準備如法炮製。
The alien observes his handiwork briefly before looking for others to process in similiar fashion.	那個外星人短暫欣賞了一下自己的「傑作」，接著又去找下一個目標，準備如法炮製。
As you lie on the floor in a smoldering, carbogelatinous heap, you just can't help but wonder why you bothered getting up this morning.	你倒在地上，變成一坨還冒著煙、黏糊糊的焦炭，忍不住開始納悶——今天早上到底幹嘛要起床。
Bad news travels fast - especially when it's in the form of a shock wave.	壞消息傳得快——尤其當它是用震波的形式傳過來的時候。
The explosion was pretty messy. It's a judgment call as to which one critically damaged you first. Was it the concussion? Or, maybe, the fragments of ship that were located more closely to the epicenter than yourself and attempted to escape THROUGH you?	這場爆炸搞得亂七八糟。到底是什麼先要了你的命，還真不好說。是震波本身？還是那些比你更靠近爆心、拚了命想「穿過」你逃出去的船體碎片？
Regardless of what got you first, enough molecular relocation (in bulk and in individual units) occurred to forever alter your form and place in the universe.	不管是哪個先解決你，反正發生的分子搬家（不管是整批還是單顆）已經多到足以永遠改變你的樣子，還有你在這個宇宙裡的位置。
Recompose yourself and let's see if we can't get off this scow more efficiently.	重新振作一下，這次我們想辦法更有效率地離開這艘破船吧。
You have %2d:%02d till the Arcada self-destructs.	距離阿寇達號自爆還有 %2d:%02d。
You're not going to be able to feel anything from this distance.	隔這麼遠，你什麼感覺都不會有的。
`Yodel-Ay-Hee-Hoo!' you call to the distant slopes. There is a slight delay, then a faint voice replies: `For pity's sake, fella - stop torturing that cat!'	『唷咧－嘿－吼！』你朝遠方山坡大喊了一聲。過了一會兒，一個微弱的聲音傳回來：『拜託行行好，兄弟——別再折磨那隻貓了！』
The tourist brochures you've seen assure you that the air in YoMammy Park is clear, clean and refreshing. Compared to the atmosphere down here a weak solution of sulphuric acid would be pretty refreshing.	你看過的觀光手冊上信誓旦旦說，呦馬麻公園的空氣清新乾淨、令人神清氣爽。可是跟這裡的空氣比起來，稀釋過的硫酸大概還比較讓人神清氣爽。
I wouldn't advise walking around here with your tongue hanging out.	奉勸你別在這裡吐著舌頭到處走。
It's true, what they say - the air here is thick enough to feel.	人家說的沒錯——這裡的空氣濃到你摸得到。
You shout into the sky, dislodging a chunk of Keronian atmosphere that narrowly misses your helmet.	你朝天空大喊一聲，震下一大塊柯羅娜星的空氣，差一點點就砸中你的頭盔。
Don't lick the air. You're libel to get more than you bargained for.	別去舔空氣，你可能會得到超乎預期的「驚喜」。
The droid emits a cheerful chirp, but has nothing further to say right now. Fortunately, you bought it as a pilot, not a conversationalist.	機器人開心地「嗶」了一聲，但現在沒有其他話要說了。還好你買它是要當飛行員，不是要找它聊天的。
Although small, the NAV-201 is surprisingly heavy. You don't think you'll be able to lift it.	NAV-201 雖然小，卻重得出乎意料，你覺得自己應該是抬不動的。
You wouldn't want to damage your droid. You wasted - I mean spent - much hardly-earned cash on it.	你不會想弄壞你的機器人的。你可是浪費——呃，我是說花——了好多辛苦賺來的錢在它身上。
There's nothing like the smell of a new used droid.	沒有什麼比得上一台「二手全新」機器人的味道了。
Like many things in your experience, it looks better than it tastes.	就像你經歷過的許多事情一樣，這東西中看不中吃。
Yikes! It looks like you hit that force field one too many times. Not only did it burn every follicle of hair from your sleek frame, but your aorta, if you could see it, now resembles the end of a red celery stalk.	哎呀！看來你撞那個力場撞太多次了。它不但把你全身光滑皮膚上的每一根毛都燒光，你的主動脈——如果你看得到的話——現在看起來就像一截切開的紅色芹菜梗。
Ouch! That hurt!	哎唷！好痛！
You are standing next to the protective barrier encircling Ulence Flats. Due to the fact that you are land-based, you are not able to pass.	你站在環繞尤倫斯荒原的防護屏障旁邊。因為你是用走的，沒辦法通過這裡。
You can't see that from down here.	你在下面看不到那個。
You can't see that from up here.	你在上面看不到那個。
You're darned if you can figure out what most of this stuff is for.	這堆東西大部分是幹嘛用的，你完全看不出個所以然。
What a perfectly useless-looking piece of decoration!	這裝飾品看起來根本一點用都沒有！
You are continually astonished by the Sarien decorative scheme.	沙利安人的裝潢品味，你每次看了都嘖嘖稱奇。
Interesting.	有意思。
Hmmm. Another one of those thingies.	嗯……又是那種怪東西。
Just another one of those fascinating bits of alien hardware.	又是一件讓人嘖嘖稱奇的外星機械。
Boy. These spaceship interior designers must be one strange lot.	唉唷，這艘船的室內設計師腦袋一定有洞。
You can't talk to that from down here.	你在這下面，沒辦法跟那東西講話。
You can't talk to that from up here.	你在這上面，沒辦法跟那東西講話。
This kind of behavior is likely to get you noticed by the Sariens.	你這樣搞下去，遲早會被沙利安人盯上。
It doesn't talk back.	它不會回話。
If you keep talking to inanimate objects, you're bound to attract attention.	你一直跟沒生命的東西講話，遲早會引人注意。
You begin to get the feeling that talking to things that don't talk back is a serious waste of time.	你開始覺得，跟不會回話的東西講話，根本是浪費時間。
It looks at you in amazement. What kind animated object would talk to inanimates.	它一臉驚訝地看著你——哪有活人會跟死東西講話的。
You can't do that from down here.	你在這下面，做不了那件事。
Never mind that now - you're in a hurry.	先別管那個了，你正趕時間呢。
You don't have time to stop and touch all this neat stuff - you've got a galaxy to save.	你沒空停下來把這些新奇玩意兒摸過一遍，你可是要去拯救整個銀河的。
You find you must fight the urge to dust and polish everywhere you go.	你發現自己走到哪都要拚命忍住想撢灰塵、擦亮的衝動。
You don't want to leave your fingerprints all over the ship, do you?	你該不會想把指紋印得整艘船都是吧？
You can't imagine what you'd do with it.	你實在想不出拿它能幹嘛。
Try as you might, you can affect no change.	任憑你怎麼試，都改變不了什麼。
You can't smell that from down here.	你在這下面，聞不到那個味道。
You can't smell that from up here.	你在這上面，聞不到那個味道。
The whole ship smells like Sariens.	整艘船都是沙利安人的味道。
You can't smell anything beyond the general smell of Sariens, which is unpleasant. These guys definitely need a change in diet.	你聞不到別的，只聞得到沙利安人那股難聞的體味。這些傢伙的飲食真的該改一改了。
An offensive smell permeates the entire ship.	一股嗆鼻的臭味瀰漫了整艘船。
The Sariens smell so horrible it's hard to smell anything else.	沙利安人臭到讓你聞不出其他味道。
You get no clues from the smell.	這味道給不了你任何線索。
You can't taste that from down here.	你在這下面，嚐不到那東西。
You can't taste that from up here.	你在這上面，嚐不到那東西。
Sarien cooties are everywhere.	沙利安人的髒東西到處都是。
You really don't want to put your mouth on that.	你真的不會想拿嘴巴去碰那個。
You can't imagine that's going to taste good.	你實在不覺得那東西會好吃。
If it smells like Sariens, how good do you suppose it's going to taste?	既然聞起來像沙利安人，你覺得它吃起來會好到哪去？
Don't put that in your mouth - you don't know where it's been!	別把那玩意兒放進嘴裡——你根本不知道它經歷過什麼！
You can't use that here.	這裡用不了那個。
You don't really want to show an Arcada data cartridge to the guys who blew the ship to smithereens.	你該不會想把阿寇達號的資料匣，拿給把那艘船炸成碎片的傢伙看吧。
He seems satisfied that you're a Sarien, all right.	他看起來完全相信你就是沙利安人。
Are you crazy! You haven't got time to talk to this guy. He's too busy doing his talking with his gun.	你瘋了嗎！你沒空跟這傢伙聊天啦，他現在只想用槍跟你「對話」。
You're not close enough to talk to the guard.	你離守衛不夠近，沒辦法跟他說話。
It's just another one of those ugly Sarien guards.	又是一個醜不啦嘰的沙利安守衛。
You can't do that from here.	你在這裡做不了那件事。
You'd better hurry up, Roger! You've got 20 seconds before you're turned into such tiny particles that they couldn't find you with an ion microscope.	羅傑，你最好快點！再過 20 秒，你就會被炸成連離子顯微鏡都找不到的碎粒。
A nice slug of water would sure hit the spot right about now.	現在要是能灌一大口水，那真是太爽了。
The heat of this place can sure dehydrate a person. You'd better get something to drink pretty darn soon.	這鬼地方的高溫真的會把人烤乾，你最好趕快找點東西喝。
The bones, though utterly dehydrated, still bear too much mass for the puny likes of you to displace.	這堆骨頭雖然乾到不行，但份量還是太重，憑你這種小身板搬不動。
While it might make one heck of a great soup bone, it bears no other appeal to your palate.	這骨頭拿去熬湯也許是一絕，但除此之外對你的味蕾沒有半點吸引力。
Your words hitch a ride on the Keronian breeze never to be heard again.	你的話搭上柯羅娜的微風，就這麼一去不回，再也沒人聽見。
These bones have had the smell baked right out of them by centuries of relentless, Keronian sun. Any soft tissue was long ago ingested by the local parasites.	這堆骨頭被柯羅娜毒辣的太陽曬了好幾世紀，早就被烤得一點味道都沒有。軟組織老早就被當地的寄生蟲啃光了。
You already have your allocation of adhesive herbs.	你手上的黏性藥草份額已經拿夠了。
You take a whiff of the plant and find it to be a regrettable experience. However, it does have an aroma reminiscent of a smell-a-vision movie production of 'Our Friend The Polymoss Shrub - Nature's Bondo'. You vaguely remember something about it having odd adhesive properties	你聞了聞這株植物，只能說是一次讓人後悔的經驗。不過它的氣味倒讓你想起一部嗅覺電影，片名是《我們的好朋友：多黏苔灌木——大自然的填縫膏》。你隱約記得這東西好像有種古怪的黏著特性
Do that and you'll never utter another stupid syllable in your life. On second thought...	這麼做的話，你這輩子再也說不出一句蠢話了。仔細想想……
You take a whiff of the plant and find it to be a regrettable experience. However, it does have an aroma reminiscent of a smell-a-vision movie production of 'Our Friend The Polymoss Shrub - Nature's Bondo'. You vaguely remember something about its having some incredible adhesive properties as well.	你聞了聞這株植物，只能說是一次讓人後悔的經驗。不過它的氣味倒讓你想起一部嗅覺電影，片名是《我們的好朋友：多黏苔灌木——大自然的填縫膏》。你隱約記得這東西似乎也有種驚人的黏著特性。
You snag a small cluster of leaves from the gooey plant.	你從那株黏答答的植物上，摘下一小叢葉子。
That stuff sticks worse than fortnight-old undergarments. It's a good thing your gloves are tefloid-coated.	這玩意兒黏起來，比穿了兩星期沒換的內衣還誇張。還好你的手套有特氟膠塗層。
Holy antiperspirant, dehydroman! The searing heat and dryness of this environment sucks the vital fluids from your body. Your mind begins to drift uncontrollably.	我的老天，止汗劑啊，脫水人！這裡毒辣的高溫和乾燥，正把你體內的水分一滴滴榨乾，你的意識開始不受控制地渙散。
"Mommy! Is that you? Mommy, how come all the other guys in class get new mops and I don't?"	「媽咪！是妳嗎？媽咪，為什麼班上其他人都有新拖把，只有我沒有？」
Mercifully (for all of us), you die before the hallucinations get too hokey. It won't be long before you look like a scaled-down version of the skeletal structure occupying several hectares nearby.	算你走運（其實是我們走運），你在幻覺變得太瞎之前就死了。用不了多久，你就會變成附近那具佔地好幾公頃的骸骨的縮小版。
Within a few hours, your gaunt corpse will have dried to a crisp, your powdered remains evenly distributed across the parched terrain by a searing gust.	幾個小時內，你乾瘦的屍體就會被曬得又乾又脆，一陣熱風會把你的粉末殘骸，均勻地灑滿這片焦乾的大地。
Mmmmm...That dehydrated water really hit the spot! That should keep you going a bit longer.	嗯……那瓶濃縮水還真是解渴！這樣應該能讓你再撐一陣子。
Out of the corner of your eye, you spot an object hurtling from the greenish atmosphere toward the parched surface you currently occupy.	你眼角餘光瞄到一個物體，從泛綠的大氣層直直朝你所在的焦乾地面墜落。
Rats! If the eyes don't deceive, that's a Sarien Spider Droid. They must have detected the escape pod leaving the Arcada. The Spider Droid must have been sent along to settle any unfinished business.	糟了！如果眼睛沒騙你，那是一台沙利安蜘蛛機器人。他們肯定是偵測到逃生艙離開了阿寇達號，才派這台蜘蛛機器人來「善後」。
After the jarring impact, small panels open through which legs sprout. You recall reading in an old issue of Space Piston magazine that this droid was designed to seek out organic life forms and self-destruct when close proximity to the target has been achieved.	落地的衝擊過後，幾片小艙蓋打開，伸出了好幾隻腳。你想起曾在舊一期的《太空活塞》雜誌上讀過，這種機器人是設計來搜索有機生命體，一旦接近目標就會自爆。
How convenient! You've been blown into handy, bite-sized chunks. I guess that Space Piston article wasn't fiction. There's nothing quite like stretching out and enjoying the wide-open spaces.	真是太「方便」了！你被炸成了一口一口好入口的碎塊。看來《太空活塞》那篇報導不是唬爛的。沒有什麼比得上四肢伸展、盡情享受這片「開闊天地」了。
You greet the droid with a pleasant "Hello."	你親切地跟機器人打了聲招呼：「哈囉。」
"Say, I've got this annoying itch on the back of my sphere. Do you think you could scratch it for me? I'd be forever grateful." it responds.	「說啊，我球體背面有個地方癢死了，你能幫我抓一下嗎？我會感激不盡的。」它這麼回答。
If you've got a taste for chrome, step on up and give it a try.	如果你嚐得慣鉻金屬的味道，儘管上前試試看。
You're not close enough to give it a good whiff if that's what you'd really like to do.	你離得不夠近，聞不到它的味道——如果你真想這麼做的話。
He seems unlikely to be willing to accept a bribe.	他看起來不太可能會收賄。
If you let him eat the data cartridge, this is going to be a real short game.	要是讓他把資料匣吃掉，這遊戲可就玩得超短的。
The good news is: the widget, being magnetic, will stick to the Spider Droid like ugly on an ape. The bad news is: The Spider Droid will have your widget and you won't.	好消息是：這個強力磁鐵本身有磁性，會死死黏在蜘蛛機器人身上，甩都甩不掉。壞消息是：強力磁鐵從此就是蜘蛛機器人的了，不再是你的。
Your attempts to translate the Spider Droid's clacking and whirring prove futile.	你想翻譯蜘蛛機器人那些喀啦喀啦、嗡嗡的聲音，結果完全是白費工夫。
Dropping your survival kit on the Spider Droid might prove hazardous to your survival.	把求生包丟到蜘蛛機器人身上，搞不好會危害到你自己的生存。
What a great idea! You could get him wet, then wait around for the next fifty years for him to rust out. On second thought, you decide to skip it.	好主意！你可以把它弄濕，然後在旁邊等個五十年，看它慢慢生鏽報銷。仔細想想，你決定還是算了。
You couldn't even make a scratch on this guy.	你連在這傢伙身上刮出一道痕都做不到。
You attemp to drop the piece of plant down onto the Spider Droid, but it sticks to your fingers. Better try something else.	你想把那片植物葉子丟到蜘蛛機器人身上，結果它黏在你手指上甩不掉。還是換個辦法吧。
You find yourself reluctant to part with this dainty souvenir of the plant Kerona.	你發現自己捨不得丟掉這片來自柯羅娜星、小巧精緻的紀念品。
If it could survive atmospheric entry and the jarring landing, you surely can't upset it.	它連衝進大氣層、重摔落地都撐得過去了，你這點手段肯定動不了它。
Chills run down your spin as you realize he has no concept of the word son.	你一想到牠根本不懂「兒子」這個詞是什麼意思，不禁打了個寒顫。
You don't even want to begin to imagine what that might be about!	那到底是怎麼一回事，你根本連想都不敢想！
You wonder when game designers are ever going to stop using that same old, worn out cliche about people killing you after telling you something secret.	你不禁納悶，遊戲設計師到底什麼時候才會不再用「說出秘密就被滅口」這種老掉牙的爛梗。
END	完
Space Quest Roger Wilco in The Sarien Encounter The First in the Semi-popular Series Version %s The following hard-working, self-sacrificing people, who probably deserve a lot more money for their unreal efforts, made this thing possible:	宇宙傳奇：羅傑·威爾科之沙利安人的遭遇　半紅不紫系列首部曲　Version %s　以下這些辛勤工作、犧牲奉獻的人，光靠他們那些「不真實」的努力，理應多拿一點薪水才對，是他們讓這一切成為可能：
THE ARTISTS - Doug Herring, Vasken Nokhoudian, Nate Larsen, Arturo Sinclair, Deena Krutak, Eric Kasner, Desie Hartman, Willis Wong, Jerry Jessurun, Russ Truelove, Jay Friedman, Diana Wilson, Jennifer Shontz, Andy Hoyos, Jane Cardinal, Maurice F. Morgan. MUSIC/SOUND EFFECTS - Ken Allen, Mark Seibert, Orpheus Hanley. SYSTEM DEVELOPMENT - Mark Hood, Chris Smith, Jeff Stephenson, Robert E. Heitman, Pablo Ghenis, Dan Foy, Larry Scott, Mark Wilden, Eric Hart, Chad Bye.	美術 - Doug Herring, Vasken Nokhoudian, Nate Larsen, Arturo Sinclair, Deena Krutak, Eric Kasner, Desie Hartman, Willis Wong, Jerry Jessurun, Russ Truelove, Jay Friedman, Diana Wilson, Jennifer Shontz, Andy Hoyos, Jane Cardinal, Maurice F. Morgan。音樂∕音效 - Ken Allen, Mark Seibert, Orpheus Hanley。系統開發 - Mark Hood, Chris Smith, Jeff Stephenson, Robert E. Heitman, Pablo Ghenis, Dan Foy, Larry Scott, Mark Wilden, Eric Hart, Chad Bye。
ADDITIONAL MATERIAL/SPECIAL CONTRIBUTIONS - Bridget McKenna, Gano Haine, Doug Herring, Jerry Shaw. THE NEARLY INCREDIBLE PROGRAMMERS - Jerry Shaw, Randy MacNeil, Dave Jamriska, Hugh Diedrichs, Christopher Carr.	額外資料∕特別貢獻 - Bridget McKenna, Gano Haine, Doug Herring, Jerry Shaw。近乎神奇的程式設計師 - Jerry Shaw, Randy MacNeil, Dave Jamriska, Hugh Diedrichs, Christopher Carr。
This elevator requires a keycard to enter.	這座電梯需要磁卡才能進入。
The %s looks like any other %s.	這個%s看起來跟其他%s沒兩樣。
The %s has nothing to say.	這個%s沒什麼好說的。
New save-game directory:	新的存檔目錄：
%s is not a valid directory	%s 不是有效的目錄
You must type a description for the game.	你必須輸入這次存檔的說明文字。
File: %s	檔案：%s
Your save game disk is full. You must either use another disk or save over an existing saved game.	你的存檔磁片已滿。你必須換一片磁片，或是覆蓋掉現有的存檔。
That game was saved under a different interpreter. It cannot be restored.	這個存檔是用不同版本的直譯器存的，無法還原。
Please insert your %s disk in drive %s.	請把 %s 磁片放進 %s 磁碟機。
Roger Wilco	羅傑·威爾科
It's you, Roger Wilco, janitor sub-extraordinaire.	就是你，羅傑·威爾科，一位掛著「傑出」招牌的遜咖清潔工。
This is your brain take-out container.	這是你外帶用的腦袋容器。
Let me out of here!\n(Quit)	放我出去！\n（結束遊戲）
I don't know WHAT\nI was thinking.\nLet's Play!	我剛剛到底在想什麼？\n算了。\n來玩吧！
Of course I'm sure!	當然確定啊！
Changed My Mind.\nLet's Play!	我改變主意了。\n來玩吧！
Who cares	誰在乎
Select this Icon to close this window.	點選這個圖示可以關閉這個視窗。
Select this Icon then select an inventory item you'd like a description of.	點選這個圖示，再點選你想查看說明的道具。
This allows you to do something to an item.	這樣可以對物品做些什麼。
This allows you to select an item.	這樣可以選取一個物品。
Cartridge	資料匣
It's a cartridge from the Arcada's Data Archive.	這是阿寇達號資料庫裡的一個資料匣。
This keycard fits an electronic lock someplace on the Arcada.	這張磁卡可以打開阿寇達號上某處的電子鎖。
Gadget	小裝置
This is some sort of gadget. You're not sure what it does exactly, but it has a switch.	這是某種小裝置，你也不確定它到底是做什麼用的，不過上面有個開關。
It's the cone shaped tip of a stalagmite.	這是石筍的錐狀尖端。
Survival Kit	求生包
A Survival Kit	一個求生包
Knife	氙星軍刀
It's a Xenon Army knife	這是一把氙星軍刀。
Dehydrated Water	濃縮水
The can label says "Pelvitron Dehydrated Water (H2) - All you add is air! Makes 10 gallons! Caution - Do not attempt to open or rupture container! Misuse could result in personal injury and/or flash flooding."	罐子上寫著：「佩爾維創牌濃縮水 (H2)——只要加空氣就好！可以做出十加侖！注意——請勿嘗試打開或弄破容器！誤用可能導致人身傷害及∕或瞬間洪水氾濫。」
Broken Glass	玻璃碎片
It's that highly reflective piece of broken cockpit glass.	這是駕駛艙那塊反光度超高的玻璃碎片。
Orat Part	歐拉特部位
This cute little item is an Orat part - you're not sure what part though.	這個可愛的小東西是歐拉特身上的一部分——不確定是哪個部位就是了。
Skimmer Key	沙漠飛車鑰匙
This key operates the skimmer.	這把鑰匙可以發動沙漠飛車。
Keronian Ale	柯羅娜麥酒
Ummm! Keronian Ale!	嗯嗯，柯羅娜麥酒！
Jetpack	噴射背包
This is a used jetpack. Real used.	這是個用過的噴射背包。是真的用過頭了。
Pulseray Laser Pistol	雷射槍
It's a pulseray laser pistol. Remember, this isn't a play toy!	這是一把雷射槍。記住，這可不是玩具！
Grenade	瓦斯手榴彈
You have a small innocuous looking grenade.	你有一顆看起來人畜無害的瓦斯手榴彈。
Remote	力場遙控器
This is a small single function remote control.	這是一個功能單一的小型遙控器。
Widget	強力磁鐵
It's a genuine Widget. You're not sure what it does but it's heavy, it looks cool, and it might be magnetic. Please keep this away from the game disks!	這是貨真價實的強力磁鐵。你不確定它是做什麼用的，只知道它很重、看起來很酷，而且可能有磁性。拜託離遊戲磁片遠一點！
Plant	植物
This is simply a piece of sticky, stinking, rotting, plant	這只是一小塊黏黏的、臭臭的、爛掉的植物
Bar Coupon	酒吧折價券
Hey kids! This bar coupon is good for 5 bucakzoids and a free Keronian Ale!	嘿，各位！這張酒吧折價券可以折抵5枚太空幣，還能換一杯免費的柯羅娜麥酒！
Droids-B-Us coupon	機器人量販店折價券
This coupon gives you a 20% discount at a Droids-B-Us near you! How helpful! Those suckers have the highest droid prices in this universe.	這張折價券可以在你附近的機器人量販店折抵兩成！超佛心的吧！那群傢伙的機器人價格可是全宇宙最貴的。
Sarien ID Card	沙利安人識別卡
In the pocket of this ugly outfit is a Sarien ID card. The name on the card is Butston Freem. You wonder if this is a common Sarien name (and if it is, you're glad you're not Sarien).	這件醜到爆的制服口袋裡，有一張沙利安人識別卡。卡上寫的名字是巴斯頓·弗利姆。你很好奇這是不是沙利安人的菜市場名（如果是的話，你還真慶幸自己不是沙利安人）。
Restore	讀取
Restart	重新開始
    Quit    	    離開 
  Space Quest I - The Sarien Encounter	  宇宙傳奇I：沙利安人的遭遇
This icon is for walking.	這個圖示是用來走路的。
This icon is for looking.	這個圖示是用來查看的。
This icon is for doing.	這個圖示是用來做動作的。
This icon is for talking.	這個圖示是用來說話的。
This window displays the current inventory item.	這個視窗顯示目前的道具欄物品。
This icon brings up the inventory window.	這個圖示會叫出道具欄視窗。
This icon is for smelling.	這個圖示是用來聞味道的。
This icon is for tasting.	這個圖示是用來嚐味道的。
This icon brings up the control panel.	這個圖示會叫出控制面板。
This icon tells you about other icons.	這個圖示會告訴你其他圖示的用途。
Raises and lowers the level of graphics detail.	調整畫面細節的高低。
Adjusts sound volume.	調整音量大小。
Adjusts the speed of the your character's animation (within the limits of your computer's capability).	調整角色動畫的播放速度（在你電腦效能許可的範圍內）。
Saves your current game.	儲存你目前的進度。
Restores a previously saved game.	讀取之前存的進度。
Restarts the Game.	重新開始遊戲。
Exits the game.	離開遊戲。
Information about the game.	關於本遊戲的資訊。
Exits this menu.	離開這個選單。
Would you like to skip\nthe introduction or\nwatch the whole thing?	要跳過\n開場動畫，\n還是看完整段？
Skip it	跳過
Watch it	看下去
Restore a Game	讀取遊戲進度
Thank you for playing Space Quest I. As usual, you've been most entertaining.	感謝你玩了這一輪《宇宙傳奇I》。一如既往，你這趟真的很有笑點。
Animators:\n\nDouglas Herring\nVasken Nokhoudian\nNathan Larsen\nArturo Sinclair\nDeena Krutak\nDesie Hartman\nJerry Jessurun\nRussell Truelove\nDiana R. Wilson\n	動畫師：\n\nDouglas Herring\nVasken Nokhoudian\nNathan Larsen\nArturo Sinclair\nDeena Krutak\nDesie Hartman\nJerry Jessurun\nRussell Truelove\nDiana R. Wilson\n
Background Artists:\n\nDouglas Herring\nNathan Larsen\nArturo Sinclair\nEric Kasner\nWillis Wong\nJay Allan Friedmann\nJennifer Shontz\nAndy Hoyos\nJane Cardinal\nMaurice F. Morgan\n	背景美術：\n\nDouglas Herring\nNathan Larsen\nArturo Sinclair\nEric Kasner\nWillis Wong\nJay Allan Friedmann\nJennifer Shontz\nAndy Hoyos\nJane Cardinal\nMaurice F. Morgan\n
Programmers:\n\nJerry Shaw\nRandy MacNeill\nDave Jamriska\nHugh Diedrichs\nChristopher Carr\n	程式設計師：\n\nJerry Shaw\nRandy MacNeill\nDave Jamriska\nHugh Diedrichs\nChristopher Carr\n
Music Director:\n\nMark Seibert\n	音樂總監：\n\nMark Seibert\n
System Development:\n\nChris Smith\nJeff Stephenson\nRobert E. Heitman\nPablo Ghenis\nDan Foy\nLarry Scott\nJ. Mark Hood\nMark Wilden\nEric Hart\nChad Bye\n	系統開發：\n\nChris Smith\nJeff Stephenson\nRobert E. Heitman\nPablo Ghenis\nDan Foy\nLarry Scott\nJ. Mark Hood\nMark Wilden\nEric Hart\nChad Bye\n
Sound Effects:\n\nKen Allen\nMark Seibert\nOrpheus Hanley\n	音效：\n\nKen Allen\nMark Seibert\nOrpheus Hanley\n
Additional Written Material:\n\nBridget McKenna\nGano Haine\n	額外文案：\n\nBridget McKenna\nGano Haine\n
Space Quest 1 Theme Based on the\nOriginal Composition by Mark Crowe 	宇宙傳奇1 主題曲，改編自\nMark Crowe 的原創作品 
Quality Assurance:\n\nSharon Simmons 	品質保證：\n\nSharon Simmons 
"The Star Generator is in danger! The Arcada is under attack! You'd better get off this scow if you value your life, Wilco."	「星辰產生器有危險了！阿寇達號正遭受攻擊！威爾科，你要是還想活命，最好快滾出這艘破船。」
Black Holes	黑洞
Stars	恆星
Magnetic Fields	磁場
Van Allen Belts	范艾倫輻射帶
Astral Bodies	星體
Quasars	類星體
Binary Systems	聯星系統
Orbits	軌道
Galaxies	星系
Solar Flares	太陽閃焰
Moons	衛星
Plantary Formations	行星結構
Constellations	星座
Quadrants	象限
Asteroids	小行星
Pulsars	脈衝星
Gravity	重力
Meteors	流星
Solar Systems	太陽系
Warp Fields	曲速力場
The old scientist doesn't appear healthy. In fact, his small intestine is about to unwind onto the floor.	這位老科學家看起來不太妙。事實上，他的小腸正準備滑到地板上。
electric door	電動門
This is a door. Perhaps it leads elsewhere.	這是一扇門。或許通往別的地方。
It's an automatic door.	這是一扇自動門。
These panel lights are here just for decoration and don't actually have anything to do with the Data Archive Unit.	這些面板燈只是裝飾用的，跟資料庫主機一點關係都沒有。
These lights have something to do with the Data Archive Unit, though you don't really know what. They do seem to indicate that the unit is still operational.	這些燈跟資料庫主機有點關係，不過你也搞不清楚是什麼關係。看起來像是在顯示主機還在運作。
data retrieval droid	資料擷取機器人
holding a cartridge	手裡拿著一個資料匣
Data retreval console	資料擷取主控台
This is the operation console of the Data Archive Unit. There is a CRT and chair.	這是資料庫主機的操作主控台，上面有一台顯示器和一張椅子。
Computer	電腦
data cartridges	資料匣
The data cartridges are stored in these secure storage modules.	這些資料匣被存放在這些安全儲存模組裡。
main computer	主電腦
This is where the sophisticated electronics for the complete Data Archive System are housed.	這裡存放著整套資料庫系統的精密電子設備。
These things hanging from the ceiling, which look like blowfish-on-a-rope, are actually lighting fixtures for the operation console.	天花板上垂掛的這些東西，看起來像用繩子吊著的河豚，其實是操作主控台的照明燈具。
Through the metallic lattice you glimpse still another hallway below.	透過金屬格柵，你瞥見底下還有一條走廊。
That's not possible. It's so dark that you couldn't find your own navel lint. Surely you MUST remember that this was the criteria by which you came to choose this location for your nap... er... work station.	不行啦。這裡黑到你連自己肚臍上的棉絮都找不到。你該不會忘了吧，當初你選這裡打盹……呃……上班，看中的就是這裡有多暗。
elevator light	電梯燈號
You aren't on that level.	你不在那一層。
elevator door	電梯門
warning light	警示燈
panicking droid	驚慌失措的機器人
A somewhat spastic research droid blows by in a tizz. Perhaps you could provide some relaxation therapy instruction to reduce its level of tension.	一台有點神經質的研究機器人風風火火地衝過去，看起來慌張得很。也許你可以教它做點放鬆練習，舒緩一下緊張情緒。
This is another hallway aboard the Arcada. There is an elevator door nearby.	這裡是阿寇達號上的另一條走廊，附近有一道電梯門。
a keycard.	一張磁卡。
nothing.	什麼也沒有。
Jerry	傑瑞
It's all that remains of Jerry, one of the few technodudes aboard who sometimes tolerated your company. Your low clearance excluded you from visiting him during the performance of his duties in the elegant lower level airlock of the Arcada.	這是傑瑞僅存的遺骸，他是船上少數幾個還能忍受你陪伴的技術宅之一。你的權限太低，沒辦法去他執勤的地方找他——阿寇達號下層那間裝潢體面的氣密艙。
alert sign	警報標示
Gee! The sign seems to be flashing. Could it be a warning of some kind? Who knows? You're always slower than normal after a nap.	喔！這個標示好像在閃。該不會是什麼警告吧？誰知道呢？你睡完午覺後腦筋總是比平常更遲鈍。
These appear to be doors to an elevator.	這看起來是電梯的門。
More hallway extends through the Arcada. There is an elevator door nearby.	阿寇達號的走廊還在往前延伸，附近有一道電梯門。
David	大衛
A cursory glance indicates that Dave, a lab technician, is dead. Normally you wouldn't be able to tell, except that his intestines are hanging out of the scorched opening where his abdominal wall used to be. You remember that he was forced to serve in the Xenon National Guard (but he wasn't bitter).	隨便看一眼就知道，實驗室技師戴夫死了。照理說你根本看不出來，只不過他的腹壁已經燒穿一個大洞，腸子整條垂在外面。你記得他當年被強徵去服氙星國民兵役（不過他倒沒半點怨言）。
Blanche	布蘭琪
This is one of the head research scientists, Blanche. You wanted to get to know her a little better. However, seeing her ruptured chest wall reveals more about her than you were hoping to learn.	這是首席研究科學家之一，布蘭琪。你本來想多認識她一點，不過看到她那被扯裂的胸腔，知道的可比你原先想了解的還多。
An arrow in the elevator light assembly points up.	電梯燈號組裡的箭頭指向上方。
alert light	警示燈
In case you're trying to play this as a text adventure, the sign says 'RED ALERT' and it's flashing.	以防你想把這當文字冒險遊戲玩：告訴你，這個標示寫著「紅色警報」，而且正在閃爍。
This is an elevator to one of the other levels of the Arcada.	這是通往阿寇達號其他樓層的電梯。
A fairly spazzed-out droid is on the loose in your immediate proprioceptic area.	有一台抓狂到不行的機器人，正在你附近這片「本體感覺範圍」內橫衝直撞。
This is the door to the top secret Star Generator Lab. It's been forcibly ventilated!	這是最高機密星辰產生器實驗室的門——已經被硬生生鑿出幾個「通風孔」了！
This is the Star Generator Development Laboratory. Due to your incredibly low security clearance, you have never had access to this room. What a mess! Wreckage clutters the middle of the floor. A pair of lab workers have been blasted from the roster of the living. You're glad somebody else has to clean this up!	這裡是星辰產生器研發實驗室。就憑你低到不行的權限，照理說根本進不了這房間。這裡亂七八糟！殘骸堆滿了地板中央，兩名實驗室人員已經從「活人名冊」上除名了。還好善後不用你來收拾，真是謝天謝地！
Randy	藍迪
The lifeless body of Randy, one of the lab technicians, lies sprawled at your feet. Those laser blasts are nasty. Why, you can't distinguish one exposed organ from another.	實驗室技師藍迪的屍體攤在你腳邊，早沒了氣息。雷射轟出來的傷口真的很噁心，那些外露的器官你根本分不出哪個是哪個。
Yet another crewman's motionless body reduces the shine of the floor wax. Hugh doesn't look too neat and clean with his lungs hanging out like that.	又一具船員的屍體躺在地上，把打過蠟的地板弄得不再光亮。休的肺整個掛在外面，看起來一點都不乾淨俐落。
You find a small but heavy device affixed to the base of the Star Generator platform. It appears to be magnetic. That must be how the aliens upset the force field protecting the unit!	你在星辰產生器平台底座上發現一個小巧卻很沉的裝置，看起來帶磁性。外星人一定就是靠這玩意兒搞亂了保護裝置的力場！
upper support	上方支架
This is the upper support for the Star Generator when it is affixed to the pedestal.	這是星辰產生器固定在底座上時用的上方支架。
The base of the Star Generator research pedestal has apparently been trashed by the vandals who stole the Generator.	星辰產生器研究底座顯然被偷走裝置的那群傢伙砸得亂七八糟。
Now you know why you didn't have clearance for this place. You don't understand what most of this crap does. This thing looks like a giant speaker for the cosmos.	現在你終於知道自己當初為什麼進不了這地方——這堆東西大部分你根本看不懂在幹嘛。這玩意兒看起來像一個對著宇宙放送的巨型喇叭。
This thing looks like it came off the front end of an old Studebaker (or maybe the Batmobile). Anyway, it appears non-functional at this time. It was probably damaged in the heist.	這東西看起來像是從老式Studebaker汽車前端拆下來的（或者說像蝙蝠車）。反正它現在看起來是壞的，大概是那次搶劫時弄壞的。
The glass globe atop the console is inactive at this time. The mess of wiring inside reminds you of how your hair looks after a nap.	控制台上方那顆玻璃球目前沒有作用。裡頭亂糟糟的電線，讓你想起自己睡醒後的頭髮。
You are standing on the research platform where the Star Generator is... was mounted for testing.	你正站在測試用的研究平台上，星辰產生器本來是……應該說曾經是安裝在這裡做測試的。
This is a star chart. It was used for locating candidates to test the Star Generator on once the bulk of the development process was completed.	這是一張星圖，用來在研發大致完成後，找出可以拿星辰產生器來測試的候選星球。
This is a section of one of the lower levels of Arcada.	這裡是阿寇達號下層的一部分。
This elevator must go up.	這台電梯只能往上。
This is one way to change your altitude.	這是換樓層高度的一種方法。
This monitor gives a readout about the ship's status. Only the lab scientist really knows... er... knew exactly what it monitored.	這台螢幕會顯示船艦狀態的讀數。只有那位實驗室科學家真的知道……呃，曾經知道……它到底在監測什麼。
A pair of viewing ports protrude from the materials testing device.	材料測試裝置上突出兩個觀察窗。
Pipes whose purpose is known only to the architect wrap around the upper back of the room.	房間後方上緣繞著幾根管線，用途大概只有設計師自己知道。
A designer conduit system runs through here. It carries the ventilation ducting as well as different type of wiring.	這裡有一套講究設計感的管線系統，裡面裝著通風管道和好幾種不同的電線。
thing in foreground	前方的東西
It appears to be some sort of wiring harness. You never cared much for electrical hardware.	這看起來是某種線束。你向來對電器零件沒什麼興趣。
round thing	圓形的東西
Who knows what this is.	天曉得這是什麼東西。
mouse thing	滑鼠裝置
This interesting device was used to test materials early in the project.	這個有趣的裝置在專案早期是用來測試材料的。
This place looks like a monument to Soviet computer hardware miniaturization. At one time, it served as a development facility for the Star Generator. But that was in the early phase of the project.	這地方看起來像蘇聯電腦硬體微縮技術的紀念碑。這裡曾是星辰產生器的研發設施，不過那是計畫早期的事了。
A relatively nearby star blazes.	附近有顆恆星正閃耀著光芒。
On the screen is some green dude you've never seen the likes of. He seems to be talking, but the audio is out in this area of the ship.	螢幕上有個從沒見過的綠色傢伙。他看起來在講話，但船艦這一區的音效系統壞了，聽不到聲音。
These guys look scary. But then, don't most other beings packing weapons?	這些傢伙看起來挺嚇人的。不過話說回來，扛著武器的傢伙誰不嚇人？
The architects must have been low on oxygen when they came up with the design scheme for this compartment. It's a giant tribute to an ancient, but still functional, control device.	設計這個艙室的建築師，想出這套配置圖時腦袋裡的氧氣一定不太夠。整個空間根本是在向一款古老、卻仍然堪用的控制裝置致敬。
Here, we have a nice chunk of floor space dedicated to a cursor control device named after an annoying rodent. What were they thinking?	這裡挪出好大一塊地板空間，就為了擺一個以討厭的囓齒動物命名的游標控制裝置——他們到底在想什麼？
The view screens offer a glimpse of the surroundings from outboard cameras. They came in handy during the testing phase of the Star Generator.	這幾面顯示螢幕能透過船外攝影機看到周遭環境，在星辰產生器的測試階段派上不少用場。
Big, phony wiring from the giant control devices attempts to complete the decorative effect.	從那些巨大控制裝置延伸出來的粗大假電線，想把整個裝飾效果湊齊。
This keyboard was used in the development of the Star Generator. It has since been placed here to be out of the way. It has no function.	這個鍵盤當初是用來研發星辰產生器的，後來就被丟在這裡眼不見為淨，現在完全沒有作用。
You're at the east end of one of the development labs. Another elevator is available here.	你在其中一間研發實驗室的東側，這裡也有一座電梯。
This is yet another in a long line of elevators in this game.. er.. ship.	這又是這款遊戲……呃，是這艘船上，一長串電梯裡的其中一台。
This light indicates that the elevator goes down and, when lit, its presence at this floor.	這盞燈表示電梯往下走；燈亮的時候，代表電梯目前就停在這一層。
bay door	艙門
open exposing the vast reaches of space	開啟後露出浩瀚無垠的太空
button pad	按鈕面板
This is the button pad for the bay doors below. The controls are located up here to minimize the chance of someone doing something stupid, such as pressing 'OPEN' while in the pod bay when wearing no pressure suit. YOU should be glad.	這是控制樓下艙門的按鈕面板。控制鈕特地裝在這裡，就是為了降低有人幹出蠢事的機率——比方說沒穿加壓服卻站在小艇艙裡按下「開啟」。你該慶幸這個設計。
The button is depressed. Aren't we all?	這顆按鈕已經按下去了——看起來挺消沉的。話說回來，誰不是呢？
You always meant to ask one of the technicians what this thing is. However, you procrastinated a bit too long in this case. It's either an ocean-in-a-bottle or a model of your stomach as the deadline draws near.	你一直想找個技師問問這到底是什麼東西，可惜這次拖得太久了。看起來不是裝在瓶子裡的一片海洋，就是死線逼近時你胃裡翻攪的模樣。
This is a keycard slot. Your bottom-of-the-foodchain-type clearance has always prevented you from attaining a keycard for this area, thus precluding your access to it without an escort. Good luck finding one now!	這是磁卡插槽。你那種食物鏈最底層的權限，一直讓你拿不到這一區的磁卡，所以沒人陪同就進不去。現在祝你好運，自己去找一張吧！
This button opens the bay doors below.	這顆按鈕可以打開樓下的艙門。
This button closes the bay doors below.	這顆按鈕可以關閉樓下的艙門。
This is a remote monitoring panel for some of the ship's systems. Attempts to understand their purpose always made your brain hurt, but you do know that glowing red isn't good. Especially since some of the stuff is connected to the reactor cooling system.	這是船上部分系統的遠端監控面板。你每次想搞懂這些東西的用途，腦袋就會痛，不過你知道亮紅燈絕對不是好事，尤其這些東西有些還接著反應爐冷卻系統。
These buttons are locked in position. It's probably just as well. You might live longer due to having no clue as to their purpose.	這些按鈕都被鎖死了，這樣或許也好——你搞不清楚它們的用途，說不定還能因此多活幾年。
This looks like something out of a Boris Karloid movie.	這東西的模樣，活像是從某部鮑里斯·卡洛夫演的老恐怖片裡搬出來的道具。
This is the steel stand for the odd globe.	這是那顆怪玻璃球的鋼製底座。
More pipes run around the upper perimeter of this area.	這一區的上緣還繞著更多管線。
This is the airlock of the Arcada.	這裡是阿寇達號的氣密艙。
space suit	太空裝
A space suit hangs in the closet. It won't be used by anyone else on the ship anymore.	衣櫃裡掛著一套太空裝，船上再也不會有別人穿它了。
It's a fish bowl - no, it's a space suit helmet!.	這是個魚缸——不對，是太空裝的頭盔！
elevator light.	電梯燈號。
This elevator indicator points up.	這個電梯指示燈指向上方。
big door.	大門。
These large red doors serve as the airlock entrance which empties out to the pod bay.	這幾扇紅色大門是氣密艙的入口，通往逃生艇艙房。
A small drawer is located just beneath a button.	按鈕下方就是一個小抽屜。
closet door	衣櫃門
The image on the closet door looks familiar, but you can't quite place it.	衣櫃門上的圖案看起來眼熟，但你一時想不起來是什麼。
Flashing lights adorn this strange yet familiar-looking console.	這個既陌生又眼熟的控制台上，點綴著閃爍的燈光。
It doesn't do anything but it sure looks cool.	它沒什麼實際功能，不過看起來真的很酷。
This is another elevator door. This one goes up.	這是另一扇電梯門，這台是往上的。
The control panel has many confusing gauges on it. The only one you can read says "CAUTION: LAUNCH BAY DECOMPRESSED!"	控制面板上有一堆看不懂的儀表，你唯一看得懂的一個寫著：「警告：發射艙已洩壓！」
There is a button above the rectangular object below.	下方那個長方形物體上面有一顆按鈕。
This button might have some function involving the adjacent doors.	這顆按鈕大概跟旁邊的門有點關係。
You notice a drawer and a button.	你注意到一個抽屜和一顆按鈕。
This is the cavernous Vehicle Bay. An escape pod rests on launch rails at the end of the platform. Bay doors at the end of the rails allow access to the emptiness beyond.	這裡是空盪盪的載具艙。一具逃生艙停在平台盡頭的發射軌道上，軌道另一端的艙門通往外面的虛空。
bay doors	艙門
The massive bay doors are tightly sealed.	這幾扇巨大的艙門封得死死的。
open wide leaving nothing but millions of kilometers of empty space between you and the very stars themselves	大大敞開，你和滿天星斗之間只剩下數百萬公里的太空
tightly sealed	封得死死的
pod door	逃生艇艙門
This is one of the Arcada's escape pods. You vaguely remember receiving some orientation on these when you joined the crew. Unfortunately, you were deep into research on sleeping with your eyes open and, hence, don't remember much.	這是阿寇達號的逃生艇之一。你隱約記得剛上船時有人跟你講解過怎麼用，不過那時你正忙著鑽研「張著眼睛睡覺」這門學問，所以沒記住多少。
These powerful Pyron Weezpump drives propel the pod.	這艘逃生艇靠的是強大的「派龍氣喘幫浦」推進系統。
Even though we all know that the empty atmosphere of space would not permit this twinkling effect, you have to admit it looks nice.	雖然大家都知道太空的真空環境不可能出現星星閃爍這種效果，但你也不得不承認，看起來還挺美的。
Through the cabin window you can see an array of displays and controls inside the pod.	透過艙門的窗子，你可以看到逃生艇裡一整排顯示器和控制裝置。
Beyond the yawning doors lies the serenity of deep space.	敞開的艙門外，是一片深邃太空的寧靜。
There's that butt-ugly green guy again. Of all the systems destroyed thus far, you wish the teleview would have been one of them.	又是那個醜到爆的綠色傢伙。到目前為止被摧毀的系統裡，你真希望這台通訊螢幕也在其中。
A giant, silver, pill-shaped pod sits poised to fire, much like a bullet in the chamber of an ancient pistol.	一艘巨大的銀色膠囊狀逃生艇整裝待發，就像一顆填進老式手槍彈膛裡的子彈。
The inside of the Arcada's escape pod is not exactly packed with luxurious appointments. However, when it comes to saving one's posterior, the pod's as good as a Rolls.	阿寇達號逃生艙的內裝說不上豪華，不過講到保住小命這件事，這艙可一點都不輸勞斯萊斯。
This lever causes forward propulsion of the pod when powered-up.	這根操縱桿在啟動電源後，可以讓逃生艇向前推進。
Roger	羅傑
There doesn't seem to be enough room.	空間看起來不太夠。
seat belt	安全帶
The seatbelt is dummy-tested, which ought to suit you just fine.	這條安全帶是用假人測試過的，這對你來說應該剛好合適。
Dials	儀表
Dials galore populate the instrument console of the pod cabin.	逃生艇艙裡的儀表板上，滿滿都是各式各樣的儀表。
This is the pod's instrument console. Dials, gauges, and a couple of controls fill out the board.	這是逃生艇的儀表板，上面擺滿了儀表、量表，還有幾個控制鈕。
Chair	椅子
This is the lucky escapee's seat.	這是幸運逃脫者的座位。
Window	窗戶
This is a button pad.	這是一塊按鈕面板。
deltaur arms	代爾它的機械臂
don't need this	用不到這個。
survival kit	求生包
The survival kit contains the basics for deep space survival.	這個求生包裡，裝著深空求生的基本配備。
don't need one.	不需要。
This is radar for the Autonav system.	這是自動導航系統的雷達。
This is your arm.	這是你的手臂。
This is your head. This is your head in a fishbowl.	這是你的頭。這顆頭正泡在魚缸裡呢。
Stars glow from afar.	遠方的星星閃著微光。
Arcada	阿寇達號
It's your former ship, the Arcada.	那是你以前待的船——阿寇達號。
Deltaur	代爾它號
escape pod	逃生艙
This is the escape pod. It is currently occupied by you.	這是逃生艙，目前有你在裡面。
Autonav button	自動導航鈕
This is the Autonav button. When operative it allows the pod to navigate to the closest habitable planet.	這是自動導航鈕。運作正常時，能讓逃生艙自動飛往最近的適居行星。
power button	電源開關
Choose the appropriate button.	選對按鈕啊。
This lever causes forward propulsion of the pod when powered-up and in space.	這根拉桿在逃生艙通電且身處太空時，會讓艙體向前推進。
Dials galore populate the instrument console of the pod cabin. Too bad none of them work anymore.	艙內的儀表板上擺滿了各種儀錶，可惜一個能用的都沒有。
 Too bad none of them work anymore.	 可惜一個能用的都沒有。
 It might have been dampened slightly by that landing.	 經過那次硬著陸，它似乎稍微受到了點影響。
On this button pad are the AUTONAV, POWER, and DON'T TOUCH buttons.	這片按鈕面板上有「自動導航」、「電源」，還有一個「別碰」鈕。
Kerona	柯羅娜星
should be hands-off	看來最好別去碰。
Mountains generously dappled with spires of unknown formational origin loom at your visual terminus.	極目所及的地平線上，矗立著一片山脈，上頭布滿了來歷不明的尖塔狀岩層。
Simple radar.	簡易雷達。
star 1	星星1
star 2	星星2
don't need	不需要
The spent drives of the pod vent fumes after the long escape from the Arcada.	逃生艙的引擎已經耗盡，脫離阿寇達號的長途飛行後，還冒著陣陣廢氣。
This is the escape pod's hatch.	這是逃生艙的艙門。
 Its service life has expired as a result of the rugged touch-down.	 因為那次粗暴的著陸，它的使用壽命已經到頭了。
In the distance stand the skeletal remains of of a massive beast of some type, the likes of which you never saw on Xenon. You hope it's a one of a kind relic.	遠方矗立著某種巨獸的骸骨，種類詭異到你在氙星上從沒見過。你但願這只是絕無僅有的孤例。
You are at the northwest boundary of a massive skeletal structure. Sand stretches out in all other directions.	你正站在一具巨大骸骨結構的西北端。除此之外，四面八方都是黃沙。
This is the north-central boundary of a massive skeletal structure surrounded by arid terra not-so-firma.	這裡是那具巨大骸骨結構的正北端，四周是一片乾燥、卻稱不上「腳踏實地」的荒土。
This is the northeast corner of the boneyard. Bones and sand dominate the scenery. At the east end of the vertebral path are two extremely pointed spurs of broken rib.	這裡是骨場的東北角，滿地都是骨頭與沙子。脊椎步道的東端有兩根斷裂的肋骨，尖得嚇人。
shiny thingy	亮晶晶的小東西
It looks interesting. Although hard to tell from where you are standing, it may be a sign. If you got closer, maybe you could read it.	看起來挺有意思的。雖然你現在站的位置看不清楚，但那可能是塊告示牌。走近一點，說不定就能看懂上面寫什麼了。
Were you a proctologist, you might know what these oddly shaped bones are called. To you, though, they're just bones.	如果你是肛腸科醫生，或許還認得出這堆造型奇怪的骨頭叫什麼名字。可惜對你來說，那就只是一堆骨頭。
exit hole	出口洞
This appears to be the thoracic area of the spinal column of this meatless beast. Other than an obviously defective vertebra, you've got more sand and crud.	這裡似乎是這具沒了肉的野獸脊椎的胸椎部位。除了一節明顯有問題的脊椎骨，就只剩沙子跟髒東西。
bone bridge	骨橋
This genetically defective vertebra looks like it would be intolerant to much load bearing.	這節先天發育不良的脊椎骨，看起來承受不了多少重量。
What started out at one time as mere hairline fractures are now clearly cracks in the imperfect vertebral module.	原本只是幾道細微裂痕，如今在這節有缺陷的脊椎骨上，已經清清楚楚裂開了。
strange plant pod	詭異的植物莢果
A section of vertebra, near where the head used to be attached, extends north and south. To the east is the ominous-looking skull.	一段脊椎骨從原本接著頭部的地方往南北延伸，東邊是那顆看起來很不祥的頭骨。
No doubt about it. Those are some serious teeth. It could've used a little dental work - maybe some braces even. It's just a good thing you never had the opportunity to be on the business end of these things when it was still a living being.	這絕對是貨真價實的利牙。當初真該去洗個牙、矯正一下──說不定還得戴牙套。還好在牠還活著的時候，你從沒機會親身見識這幾顆牙的厲害。
This must be the skull previously attached to the rest of the mammoth bones partially assembled here.	這顆頭骨想必原本就接在這堆巨大骸骨上頭。
This looks like it might have been a minimally developed, manipulative appendage for the fallen and fossilized beast.	看起來，這可能是這頭化石巨獸身上一支發育不良、用來抓取東西的附肢。
This is just south of the gigundasaurus remains. Ligament jerky-deep in the joints is all that holds some of these incredibly huge skeletal components together.	這裡就在超巨龍遺骸的南邊。關節裡那些乾得跟肉乾一樣的韌帶，是撐住這些超巨大骨骼零件的唯一東西。
The sand of Kerona has a reddish-orange color to it. Were you a geologist instead of a janitor, you might find this fact interesting.	柯羅娜星的沙子帶著一股橙紅色。如果你是地質學家而不是清潔工，或許會覺得這挺有意思的。
The cervical portion of the spinal column takes a dive into the sand right about here.	脊椎的頸椎部位，就在這附近一頭栽進沙子裡。
neck bone	頸骨
Cervical vertebrae taper off and appear to vanish gradually into the sand.	頸椎逐漸變細，彷彿慢慢沒入沙中。
These foreclaws were once razor-sharp, but the forces of the elements have reduced them to over-sized blunt toe nails. It's a good thing you didn't come here in an earlier time. These things would have torn you a new one.	這些前爪曾經鋒利如刀，如今被風吹日曬磨成了一副過大又鈍的腳趾甲。還好你沒有早點跑來這裡，不然這幾隻爪子早把你撕成碎片了。
Orat is huge and ugly. Of course, your opinion may differ depending on what part of the universe you come from. You also get the impression that he might be quite mean.	歐拉特體型巨大又醜陋。當然啦，這也要看你是宇宙哪個角落來的，看法可能不一樣。而且你隱約覺得，這傢伙脾氣應該也不怎麼好。
part of the orat	歐拉特的碎塊
This gleaming chunk of Orat's anatomy is the only visible proof that Orat ever existed. After that explosion, it's amazing there's that much left.	這塊閃閃發亮的歐拉特殘骸，是牠曾經存在過的唯一證據。經過那場爆炸，還能留下這麼多，已經算奇蹟了。
The orbs in this gigantic skull offer the only passageways for light into this gloomy place.	這顆巨大頭骨上的眼窩，是光線唯一能照進這片陰暗處的通道。
far wall	遠端牆壁
near wall	近側牆壁
pile of skulls	一堆頭骨
A pile of skulls lie here sucked clean by Orat, or was a result of them writing too many adventure games.	這裡堆著一堆頭骨，被歐拉特啃得乾乾淨淨；也可能只是因為他們寫的冒險遊戲寫太多了。
big rock	大石頭
That rock is almost as big as you.	那顆石頭幾乎跟你一樣大。
small rock	小石頭
That rock is too small to hide behind but too large to lift.	這顆石頭太小了，躲不了；但又太大了，搬不動。
cave floor	洞穴地面
The cave floor is littered with the usual stuff a cave would be littered with. Some sand, some rock, %s	這座洞穴的地面上，散落著洞穴裡常見的那些東西——一些沙子、一些石頭，%s
and that's about it. Oh, Yeah. There's also an Orat part.	大概就這樣了。喔對了，還有一塊歐拉特的殘塊。
none of it useful, though.	不過這些都沒什麼用。
This is one end of what appears to be a large cavern. The only way to go is to the left.	這裡是一個大洞穴的一端，唯一能走的路是往左。
chunk of sticky stuff	一團黏稠物
stalagmite chunk	石筍碎塊
The stalagmite itself has no smell. However, something adhering to the stalagmite does seem to generate a maggot-gagging aroma.	石筍本身沒什麼味道。不過黏在上頭的東西，倒是散發出一股能把蛆薰吐的臭味。
Hhhaaaachhhh!!! Now why did you have to go and lick the end of that thing! That was terrible! Didn't you get a clue from the nose message?	哈啾啊啊啊！！！你幹嘛非要去舔那東西的尖端啊！超噁的！剛剛聞味道的提示還不夠明顯嗎？
Skillfully maneuvering your tongue along the stalagmite removes the surface-coating of grit and, in turn, transforms your tastebuds into the organic equivalent of double-aught sandpaper.	你的舌頭靈巧地舔過石筍表面，颳掉了一層砂礫，順便把你的味蕾直接磨成了活生生的粗砂紙。
shattered rock formation	碎裂的岩層
It looks like your standard, run-of-the-mill pneumatic transport. This particular model only goes down, however. And it's not a pleasant ride.	看起來就是一般常見的氣動輸送艙。不過這一款只能往下，而且坐起來一點都不舒服。
pneumatic transport	氣動輸送艙
It looks like your standard run-of-the-mill pneumatic transport. This particular model only descends, however. And it's not a pleasant ride.	看起來就是一般常見的氣動輸送艙。不過這一款只會往下降，而且坐起來很不舒服。
some stalagmites	幾根石筍
Stalactites	鐘乳石
loose gravel	鬆動的碎石
This is another large chamber in the underground complex. Paths run along the top and bottom ledges.	這裡是地底建築群裡的另一個大廳，上下兩層岩架都有路可以走。
sticky plant thing	黏黏的植物
A piece of sticky plant is stuck to the floor.	一塊黏糊糊的植物碎片黏在地上。
grate monster 1	章魚怪1
grate monster 2	章魚怪2
tentacle 1	觸鬚1
Hey, this puppy has some keen-looking tentacles.	嘿，這傢伙的觸鬚看起來還真不是蓋的。
tentacle 2	觸鬚2
creature eyestalk	怪物的眼柄
It's got the cutest little grey eye you've ever seen.	牠長著一顆你這輩子見過最可愛的灰色小眼睛。
upper ledge	上方岩架
front of grate area	柵欄區前方
grate on floor	地上的柵欄
a spacesuit helmet	一頂太空裝頭盔
acid pool	酸液池
acid Pool	酸液池
a small drop of green liquid	一小滴綠色液體
You are in left-most room of this cavern. Standing sentinel at the juncture of the lower and upper pathways are two odd-looking units obviously placed there on purpose. %s.	你在這個洞穴最左邊的房間裡。在上下通道交會處，站著兩具造型古怪的裝置，看起來就是刻意擺在那裡站哨的。%s。
They are no longer in operation thanks to you.	多虧你，這些裝置已經不再運作了。
Something is being emitted by the devices.	這些裝置正在發出某種東西。
laser thing1	雷射裝置1
There are two metal units here which %s emitting beams of energy.	這裡有兩個金屬裝置，%s在發射能量光束。
are no longer	已經不再
appear to be	似乎正在
laser thing2	雷射裝置2
This place is most interesting, indeed. A mixture of both old and new technologies makes you wonder about its origin. Or at least about its tech support. On one side of the chamber is a primitive steam generator. Its pistons, pounding rhythmically, turn steam into useful energy. On the other side is what appears to be a computer console.	這地方還真有意思。新舊科技混雜在一起，讓你不禁懷疑起它的來歷——或者至少懷疑它的技術支援是誰在做。房間一側是一台原始的蒸汽發電機，活塞規律地敲打，把蒸汽轉換成能用的能源；另一側則是一台看起來像電腦主機的東西。
There's an upper level, with a balcony and a dark doorway. You can't see much beyond that.	上頭還有一層樓，設有陽台和一道暗門，再往裡面就看不清楚了。
computer console	電腦控制台
A computer console, a bit archaic by the standards of the Arcada, occupies the upper right corner of the room. You notice that it has a cartridge reader, much like the one you remember seeing on the Arcada's computer (except that this one hasn't been blown to smithereens).	房間右上角擺著一台電腦控制台，以阿寇達號的標準來看略顯老舊。你注意到它裝了一個資料匣讀取器，跟你記憶中阿寇達號電腦上那個很像——只不過這一台沒有被炸得粉碎。
This must be the chair you sit in to operate the computer.	這應該是操作電腦時坐的椅子。
There seems to be a portal through which the skimmer may exit and enter. It must lead to the surface.	這裡似乎有個沙漠飛車進出用的通道，應該是通往地面的。
computer pipes	電腦管線
From the looks of these pipes, even the computer is powered by steam!	看這些管線的樣子，就連電腦都是靠蒸汽發動的！
What appear to be skylights made from gigantic oysters filter the intense Keronian sunlight down to these lower levels.	看起來像是用巨大牡蠣殼做成的天窗，把柯羅娜星刺眼的陽光濾下來，照進這下層空間。
skimmer platform	沙漠飛車平台
The platform under the skimmer looks like it was put together from old steam generator parts.	沙漠飛車底下的平台，看起來是用舊蒸汽發電機的零件拼湊出來的。
The steam generator is a fascinating device in constant motion. It looks like it was assembled following a field trip to the junkyard, but everything appears to be in working order.	這台蒸汽發電機挺有意思，一直在運轉。看起來像是逛完垃圾場之後隨手組出來的，不過一切似乎都還能正常運作。
steam vents	蒸汽排放口
Every few seconds, steam escapes from the vents to let off excess pressure.	每隔幾秒，蒸汽就會從排放口噴出，把多餘的壓力洩掉。
big pipes	大管線
Large metal cylinders form supports for the upper level.	幾根巨大的金屬圓柱撐著上層樓板。
small pipes	小管線
These pipes are probably part of a larger network that carries steam to power various Keronian devices.	這些管線大概是整個管路網的一部分，負責把蒸汽輸送到柯羅娜星各種裝置去。
small pipes with dials	帶儀表的小管線
These gauges appear to monitor the pressure in the pipes. You think about the thousands of pounds of boiling hot steam in the system, and hope the gauges work.	這些儀表看起來是在監控管線裡的壓力。想到整套系統裡跑著幾千磅的滾燙蒸汽，你只能祈禱這些儀表沒故障。
The floor in this place is made of polished slate. It is impeccably clean. With all this steam, the Keronians undoubtedly use it to steam clean just about everything.	這裡的地板是拋光石板鋪的，乾淨得無可挑剔。有這麼多蒸汽，柯羅娜人肯定什麼東西都拿蒸汽清潔一遍。
data cartridge	資料匣
blue skimmer	藍色沙漠飛車
As described, it is a sand skimmer and it looks like it has skimmed quite a bit of sand in its time. On it is a panel which has a small readout, currently dark, and a keyhole with a key in it.	正如其名，這是一台沙漠飛車，看起來已經在沙地上飛馳過不少歲月了。上面有個面板，裝了一個小螢幕（目前是暗的），還有一個插著鑰匙的鑰匙孔。
The ladder appears to have been put here to make it easier to board the skimmer.	這架梯子看起來是特地放在這裡，方便你爬上沙漠飛車的。
flickering lightbulb	閃爍的燈泡
These glass tubes are really quite intriguing - you've never seen anything remotely like them. Must be some radical new technology.	這些玻璃管還真是有意思——你從沒見過類似的東西。一定是什麼很前衛的新技術。
Keronian worker	柯羅娜工人
These people of Kerona sure are an odd-looking lot. You can't pin it down, but you are sure something is different about them.	柯羅娜星上的這些人長得還真奇怪。你也說不上哪裡怪，但就是覺得他們哪裡不太一樣。
hover platform.	懸浮平台。
The Keronian is hovering a meter or so off the floor on what appears to be a Kamen Kruiser, something like the one you used to buzz the family dog with as a young child.	這個柯羅娜人懸浮在離地約一公尺高的地方，騎的似乎是一台「假面巡航機」，跟你小時候用來嚇自家狗的那種東西有點像。
The shaft must be part of the steam generator.	這根軸心應該是蒸汽發電機的一部分。
computer screen	電腦螢幕
steam vent	蒸汽排放口
Keronian leader.	柯羅娜領袖。
The old Keronian guy looks friendly enough, but his color makes you wonder if he's getting enough oxygen.	這位柯羅娜老人看起來挺和善的，不過他的臉色讓你懷疑他氧氣夠不夠。
Some steam is escaping from the generator. That explains why this place is so humid.	發電機正冒出一些蒸汽，難怪這地方這麼潮濕。
steam escaping from the pipes.	從管線裡冒出的蒸汽。
"Please, don't be alarmed. We intend no harm. We are a peaceful race. We are cautious, however. Others don't share our way of life. Welcome to Kerona."	「別緊張，我們沒有惡意。我們是愛好和平的種族，只是比較謹慎——不是每個種族都跟我們一樣。歡迎來到柯羅娜星。」
"You are standing in the power generation facility of our underground settlement. All power here is produced by steam. That is unimportant to you, however. We have promised you transportation."	「你現在站的地方，是我們地下聚落的發電設施。這裡所有的電力都靠蒸汽產生，不過這對你來說不重要。我們答應過要給你交通工具。」
"It is a Skimmer. It hovers approximately 1/2 meter above the traveling surface. This is very important because of Grell."	「那是一台沙漠飛車，會懸浮在地表上方大約半公尺處。這點很重要，因為格瑞爾的關係。」
"Grell and his like dwell in caves below the sand. If you stand on the surface too long, you chance becoming a rare moist meal for him."	「格瑞爾跟他的同類住在沙地底下的洞穴裡。你要是在地表站太久，很可能就會變成他難得一見的『多汁大餐』。」
"The skimmer is programmed to take you to a settlement on the other side of Kerona called Ulence Flats. You can make further travel arrangements there."	「這台沙漠飛車已經設定好，會載你到柯羅娜星另一頭一個叫尤倫斯荒原的聚落。你可以到那裡再安排後續的行程。」
"I am sorry this is all we can offer. I hope your trip is a safe one. Board the skimmer when you are ready to depart. Good luck, strange one."	「很抱歉我們能提供的就只有這些。祝你一路平安，準備好了就上飛車出發吧。祝你好運，異鄉人。」
 Play 	 開始 
This gauge tells the amount of damage done to the skimmer.	這個儀表顯示沙漠飛車受損的程度。
exhaust fumes	廢氣
ship's hatch	太空船艙門
This is the door of the escape pod. Due to its special design, the door retained a reserve cache of power sufficient to open one more time. Now, however, it will no longer function.	這是逃生艙的艙門。因為設計特殊，門上留了一份備用電力，剛好夠再開一次——不過現在已經完全報銷了。
piece of glass	玻璃碎片
A chunk of the highly reflective windscreen rests on the sand at the front of the pod. It, along with your teeth, was jarred loose as a result of the the landing's impact.	一塊反光度極高的擋風玻璃碎片，散落在逃生艙前方的沙地上。降落時的衝擊力道，把它跟你的牙齒一起震了下來。
emergency survival kit	緊急求生包
pod's hull	逃生艙外殼
The hull of the pod has an exquisite sheen. Too bad it is destined to remain a monument to your visit.	逃生艙的外殼有種精緻的光澤，可惜它注定要變成你這趟造訪的紀念碑。
This is the entry way to the pod.	這是通往逃生艙的入口。
ridge's edge	沙脊邊緣
Your highly-honed preservation instincts tell you that going near the edge would be disasterous.	你那身經百戰的求生本能告訴你，靠近邊緣絕對沒好下場。
pod's windshield	逃生艙擋風玻璃
pod's engines	逃生艙引擎
The engines seem to have performed their jobs well. They will now stand silent for eternity.	這些引擎似乎盡忠職守地完成了任務，接下來就要永遠沉寂下去了。
The rocks lying on the ground here are made of crumbling sandstone.	地上散落的這些石頭，是一碰就碎的砂岩。
This ridge of sand helped stop the pod.	這道沙脊幫忙擋住了逃生艙。
In the distance rises a unique formation of mountains. They look to be hundreds of kilometers away.	遠方矗立著一片造型奇特的山脈，看起來離這裡有好幾百公里遠。
Guess what? More sand! Do you have any idea where you're headed?	你猜怎麼著？還是沙子！你知道自己要往哪走嗎？
You are on Tiny's Used Spaceship lot. There are only a few interesting ships to choose from.	你站在小不點二手太空船行的場地上，這裡沒剩幾艘像樣的船可以挑。
OK! Let's go take a look at those beauties!	好！走，去瞧瞧那些寶貝！
There is a sign here which indicates that this is Tiny's Used Spaceship Lot.	這裡有塊招牌，寫著這是「小不點的二手太空船賣場」。
You can't.	你辦不到。
There is a sign here which indicates that this is Tiny's Used Space Ship Lot.	這裡有塊招牌，寫著這是「小不點的二手太空船賣場」。
There is a small, sturdy office here which unauthorized personnel are not allowed in.	這裡有間小巧堅固的辦公室，未經授權不得進入。
sale flags	促銷旗幟
There are some decorative banners which would seem to indicate that making a purchase at Tiny's can be a festive occasion.	這裡掛著一些裝飾用的旗幟，看起來在暗示，在小不點這裡買東西可以是件喜氣洋洋的事。
pink ship	粉紅色太空船
Who would paint their space ship pink? Anyway, it looks as if Tiny's using this old beast as a source for parts. It definitely won't fly.	誰會把自己的太空船漆成粉紅色啊？不管怎樣，看樣子小不點是把這艘老古董當零件庫在用，這艘船絕對飛不起來了。
green ship	綠色太空船
This ship is a real classic - a WalWood WarpBlaster ZX with the original paint job. You've only seen these on old postcards. Too bad it belongs to one of the bar patrons and isn't for sale.	這艘船可是貨真價實的經典——一台原廠塗裝的「沃伍德曲速衝擊者 ZX」。你以前只在老明信片上見過這種船。可惜這艘是酒吧某位常客的，不賣。
distant ships	遠方的太空船
You see two ships in the northern part of Tiny's used spacecraft lot.	你看到小不點的二手太空船場北邊，停著兩艘船。
force field sensor	力場感應器
The settlement of Ulence Flats is surrounded by these force field generators. They repel such undesirables such as the grell which thrive below the sands. It will allow only airborne vehicles in or out.	尤倫斯荒原這個聚落，四周都是這種力場發電機圍著。它們會把格瑞爾這種在沙地底下大量繁殖的討厭東西擋在外面，只放飛行載具進出。
Impossible to miss is the incredibly rotund owner, Tiny. The jaw jockey is most certainly an unusual-looking being. He looks very much like a fish who has swallowed its fishbowl.	想不注意到都難——那位胖到不可思議的老闆，小不點。這位「嘴上功夫王」絕對是個長相奇特的傢伙，看起來活像一條把自己的魚缸整個吞下去的魚。
"I've got a coupl'a other fine ships just to the north of here. Whad'ya say, sport. Shall we go give 'em a gander?"	「我北邊那還有幾艘不錯的船喔。怎麼樣，老兄，要不要過去瞄一眼？」
I'd like to take your money, pal. But, even I wouldn't sell you the same ship twice.	我是很想賺你的錢啦，老兄。不過就算是我，也不會把同一艘船賣你兩次。
"So, what are ya trying to pull? If you don't have the cash you can hit the road. Go on, get out of here. You're wasting my time!"	「你到底想搞什麼把戲？沒錢就滾一邊去。走啊，離開這裡。你在浪費我的時間！」
Thanks, pal. I don't know how long I've wanted one of these.	謝啦，老兄。我想要這玩意兒想很久了。
All riiiight! Is this that new Leisure Suit Larry movie?	太棒啦！這是那部新的「幻想空間」電影嗎？
That's real cute. Now can we discuss buying a spaceship? I'm only here to serve you. Talk to me.	有夠可愛的。現在可以來談談買太空船了嗎？我在這裡就是要伺候你。說吧。
Hey! I'm not responsible. That ship was in A-1 shape when I sold it to you!! I swear it!!! Hey, wait a minute. That's not from any of MY ships. What are you tryin' to pull here?	喂！這不能怪我。我賣你的時候那艘船狀況好得很！我發誓！！！等等，這根本不是我賣的船上的東西。你到底想搞什麼鬼？
Sorry, bud. I only deal in space ships, not sand skimmers.	抱歉啦，老兄。我只做太空船生意，沙漠飛車不收。
Sorry, bud. I only deal in space ships, not itsy-bitsy jetpacks.	抱歉啦，老兄。我只做太空船生意，小小一個噴射背包我不收。
Lovely gadget - lovely. So are we gonna make a deal here?. Talk to me.	這小裝置真不錯——真不錯。那我們要不要來談個交易？說吧。
Sorry, pal, but I only take cash.	抱歉了，老兄，我只收現金。
There is a hole here. I'm sure you recall its origin. At the bottom is the fine craft you rode to glory in. There is no reason to explore the hole any further.	這裡有個坑洞，你應該記得它是怎麼來的。坑底躺著那艘帶你風光落地的座駕。沒必要再往這坑裡深究了。
You are standing near one of Tiny's used spacecraft. Upon close inspection they appear to have quite a few kilolightyears on them.	你站在小不點的一艘二手太空船旁邊。仔細一看，這艘船的里程數看起來已經跑了不少千光年了。
"Sorry, you can only fly it when you buy it.  Oh, by the way, there are no refunds either.  Company Policy."	「抱歉，買了才能開。喔對了，也不接受退費，公司規定。」
ship lid	太空船艙蓋
That's the lid that covers and protects you during flight (provided this thing does fly).	那是飛行時用來遮蔽保護你的艙蓋（如果這玩意兒真飛得起來的話）。
ship tail	太空船尾
This ship seems to have fins around its upper section. Quite a strange setup, but at least it's cheap.	這艘船的上半部好像裝了一圈尾翼，設計挺奇怪的，不過至少便宜。
It's the ladder you used to climb aboard your mole ship.	這是你用來爬上你那艘鼴鼠太空船的梯子。
Ulence Flats is a typical example of some of the frontier settlements that sprang up in the early days of Outer Zone exploration. Unfortunately, this attracted many unsavory quick-buckazoid types. Caution is advised.	尤倫斯荒原就是外圍星域探勘初期，那種邊疆聚落的典型代表。可惜這裡也吸引了不少想撈太空幣快錢的宵小之徒，行動請多加小心。
You've got a deal!	成交！
It's a deal!	成交！
"Great!"	「太好了！」
alien wolf-creature	外星狼形生物
rocket sign	火箭招牌
sand skimmer	沙漠飛車
The settlement of Ulence Flats is surrounded by these force field generators. They repel undesirables, such as the Grell, which thrive below the sands. It will allow only airborne vehicles in or out.	尤倫斯荒原這個聚落，四周都是這種力場發電機圍著。它們會把格瑞爾這種在沙地底下大量繁殖的討厭東西擋在外面，只放飛行載具進出。
shuttle craft	太空梭
This appears to be a long-range shuttle, perhaps from a large starship. It looks vaguely familiar somehow.	這看起來是一艘長程太空梭，可能來自某艘大型星艦。不知怎麼地，你覺得有點眼熟。
pickle ship	酸黃瓜太空船
This ship is a real classic - a WalWood WarpBlaster ZX with the original paint job. You've only seen these on old postcards.	這艘船可是貨真價實的經典——一台原廠塗裝的「沃伍德曲速衝擊者 ZX」。你以前只在老明信片上見過這種船。
tall rocket ship	高聳的火箭船
This one's a genuine antique from the twenty-fourth-and-a-half century.	這艘可是二十四點五世紀的真品古董。
There is a rounded structure here with a door on one side. It is typical of some of the prefab structures constructed in frontier areas years ago.	這裡有棟圓形建築，一側開著門，是那種多年前在邊疆地區常見的預鑄式建築。
Rocket Bar's sign	火箭酒吧招牌
This is the back of the bar at the southeast corner of Ulence Flats.	這裡是尤倫斯荒原東南角酒吧的後面。
"Come on over here, pal. Wait'll ya see this!"	「過來這邊看看，老兄。等你看到這個就知道了！」
"Hold it right there, pal! This is a stick-up! I'll just relieve you of your cash, thank you very much."	「站住別動，老兄！這是搶劫！你的錢，我就不客氣收下囉，謝啦。」
"C'mon, c'mon, I ain't got all day."	「快點快點，我可沒空耗一整天。」
"Well, you've got to be leaving now. Go straight back the way you came in. Deviate from that path and you're Grell kibble!"	「好了，你該滾了。原路給我直直走回去，敢亂繞路，你就等著變格瑞爾的飼料吧！」
"And if ya try followin' me, you'll get a nasty taste of my blaster. Got it? Good."	「你敢跟過來，就讓你嚐嚐我雷射槍的滋味，噁心到爆。聽懂了嗎？很好。」
waste disposal port	廢棄物處理口
This waste disposal port looks as though it's used quite often.	這個廢棄物處理口看起來常常在用。
robot arm	機器手臂
A robot arm reaches out to dump another load of dust into an already large pile. That must be one very dirty bar.	一隻機器手臂伸出來，把另一批灰塵倒進本來就一大堆的塵堆裡。這間酒吧想必髒到不行。
The force field's sensors detect any moving, ground-based animals to prevent them from entering - or leaving - Ulence Flats.	這片力場的感應器會偵測任何在地面移動的動物，阻止牠們進出尤倫斯荒原。
pile of dust	一堆灰塵
There is a strange pile of very fine white powder here. It has a strange, burnt smell to it.	這裡有一小堆很細的白色粉末，帶著一股怪怪的焦味。
pickup building	取貨大樓
It's a Droids-B-Us store.	這是一間「機器人量販店」。
way to the Droids-B-Us store	往「機器人量販店」的路
That's the way to the Droids-B-Us store.	那是通往「機器人量販店」的路。
Droids-B-Us store	機器人量販店
In the distance you see the familiar shape of a Droids-B-Us store.	遠遠地，你看到「機器人量販店」那熟悉的外觀。
bar building	酒吧建築
The back of the bar looks about as dingy as the front did.	酒吧後面看起來跟前面一樣破舊骯髒。
It appears to be in Sarienese. Your Sarienese is a little rusty, but you decide it must say "Xenon Bites!"	看起來是用沙利安文寫的。你的沙利安文有點生疏，但你猜這應該是寫著「氙星遜斃了！」
A bearded band is cranking out some of the more popular tunes in the quadrant	一支大鬍子樂團正賣力演奏著這個星域裡幾首比較紅的曲子
These are a couple of nongalactic-looking humanoids cranking out some unfamiliar-sounding tunes. They seem interested solely in the music they are performing.	這是兩個看起來不像本銀河系生物的類人型，正賣力演奏著一些聽都沒聽過的曲子。他們似乎只在乎自己演奏的音樂。
On stage, a strangely attired woman performs her act (if that's what you want to call it). You haven't had a girlfriend for a long time (more like forever), but even that's not enough to make here attractive.	舞台上，一個穿著怪異的女人正在表演她的「節目」（如果這也算表演的話）。你已經很久沒交過女朋友了（其實是從來沒交過），但即使如此，也沒辦法讓她看起來有吸引力。
"So, what's your beef, junior?"	「說吧，小子，你有什麼不滿？」
 Gimme anudder un, ya jerr-erk! 	 再給偶一杯啦，你這個混蛋！ 
"Here ya go."	「拿去。」
"So stop botherin' me already."	「所以別再煩我了啦。」
It's the widget you got from the Star Generator's pedestal. Don't you remember?	這是你從星辰產生器底座上拿到的那個強力磁鐵，你不記得了嗎？
kzitten's arm	克茲坦的手臂
This character kinda reminds you of a cute, fluffy little kitten you had when you were a kid - except that he weighs about 400 kilos and has foot-long, razor-sharp claws and a bad attitude.	這傢伙讓你想起小時候養過的那隻毛茸茸的可愛小貓咪──只不過牠現在重達四百公斤，還長了一呎長的鋒利爪子，脾氣也差到爆。
slug guy	鼻涕蟲仔
This guy appears to have blown in from Santa Cruz.	這傢伙看起來像是從聖塔克魯茲飄過來的。
You must be getting dizzy - you're seeing triple.	你該是頭暈了吧──怎麼東西全都變成三個了？
This character looks like an economy-size version of your Uncle Buck's toupee.	這傢伙看起來就像巴克叔叔那頂假髮的加大特惠版。
A fine example of his species - whatever THAT is.	他們這種族的代表範例──不過天曉得那到底是什麼種族就是了。
chip and dale	奇奇與蒂蒂
Cute little purple guys, eh! They sure can put away the brew.	可愛的紫色小傢伙，對吧！牠們喝啤酒的本事倒是一流。
The sweeper is a small motorized device which scans the floor for debris and removes it within moments of detection. There is nothing special about it, otherwise.	這台清掃機是一個小型電動裝置，會掃描地板上的雜物，一偵測到就立刻清除。除此之外，沒什麼特別的。
beer mug	啤酒杯
The beer mug is in the shape of a rocket.	這個啤酒杯做成火箭的形狀。
The beer mug is just a normal beer mug.	這只是個普通的啤酒杯。
light cannon	光砲
This appears to be a 6 megawatt Kurtzman Kannon of the type used to signal the end of particularly bad acts on the old LaserGong show.	這看起來是一台六百萬瓦的科茲曼雷射砲，就是舊時「雷射鑼聲秀」節目裡，專門用來把爛透了的表演轟下台的那種東西。
This is the bar top.	這是吧台。
slot machine	吃角子吃角子老虎
It appears to be an electronic slot machine.	看起來是一台電子吃角子吃角子老虎。
It's a "Slots-O-Death" slot machine. They play for keeps around here.	這是一台名叫「奪命吃角子老虎」的機台。在這裡玩，賭的可是真傢伙——輸了就真的要人命。
pretty picture	圖案
These are the slot machine's pretty pictures. Put some money in the slot, push the button, and watch them go 'round and 'round.	這些是吃角子吃角子老虎上的圖案。投點錢進去，按下按鈕，看著它們轉啊轉。
buckazoid slot	太空幣投幣口
This is where you deposit buckazoids. You may deposit up to three buckazoids for each spin.	你可以在這裡投入太空幣，每次轉動最多可以投三枚。
Push this button to start the wheels spinning.	按下這個按鈕就能讓輪盤開始轉動。
information window	說明視窗
This little window tells you how to win, how much you can win, and other useful information.	這個小視窗會告訴你怎麼贏、能贏多少，還有其他有用的資訊。
exit button	離開按鈕
This button takes you back to the bar.	按下這個按鈕會帶你回到酒吧。
You are standing in the back part of Tiny's used space-craft lot.	你站在小不點二手太空船行的後半部。
"Talk to me, chief."	「跟我說吧，老大。」
Tiny is a large, green-scale-covered jaw jockey with the personality of a true salesman. Not a prime combination of traits, I must say.	「小不點」是個渾身覆滿綠色鱗片的大塊頭，一張嘴上下能講個不停，個性活脫脫就是個推銷員。老實說，這組合真的不怎麼樣。
Lovely gadget - lovely. So are we gonna make a deal here? Talk to me.	這小裝置真漂亮，真漂亮。那我們要不要來談個生意？說吧。
That's a smell jet ack, all right, but for exploring space, you need a real ship. Can we talk business.	那噴射背包是不錯啦，但要探索太空，你需要的是一艘真正的太空船。我們來談生意吧？
Sorry, bud, but I only deal in space ships, not sand skimmers.	抱歉啦，老兄，我只做太空船生意，沙漠飛車我可不賣。
Sorry, bud, but I only deal in space ships, not itsy-bitsy jetpacks.	抱歉啦，老兄，我只做太空船生意，小小一顆的噴射背包我可不賣。
As you rise high above the sands of Ulence, you look down and see someone waving good-bye. This really is a friendly place after-all!	當你高高飛過尤倫斯的沙地時，低頭看見有人朝你揮手道別。這裡說到底還真是個友善的地方！
That's not possible from up here.	在這麼高的地方，那是辦不到的。
It's just a regular old ladder.	這只是一把普通的舊梯子。
saucer ship	飛碟船
It's awfully small, and also much older than you.	它小得可憐，年紀也比你老上許多。
saucer's bubble	飛碟的艙罩
That's the lid that covers and protects you during flight. Provided this thing does fly.	那是飛行時用來蓋住並保護你的艙蓋。前提是這玩意兒真的飛得起來。
This is the pickup area for Droids-B-Us.	這裡是機器人量販店的提貨區。
"Here's your incredibly complex robot, sir.  I sprained my thermodiodinal-tricycler carrying it out here for you.  I hope you're satisfied."	「先生，這是您那台複雜到不可思議的機器人。我把它搬到這裡的時候，還扭傷了我的熱二極三輪關節，希望您滿意。」
"And I hope you're smarter than you look, or you'll never be able to put it together.  How depressing."	「也希望您比外表看起來聰明一點，不然您永遠也組裝不起來。真是令人沮喪。」
Guess this was a bit beyond your capabilities. Speaking of bits, that's about all that remains of you. Hope you can regroup those molecules and get back to the game.	看來這任務對你來說有點強人所難。說到「有點」，你現在大概也只剩那麼一點點了。希望你能把那些分子重新拼回去，回來繼續遊戲。
"Oh my. Another shredded customer. I suppose someone will be upset about this. Why do I bother."	「唉呀，又一位被碎成渣的顧客。我猜總會有人為這件事不高興吧。我到底何必呢。」
You seem to have had trouble maintaining your composure (not to mention your molecular structure). Get yourself together. Unfortunately, you're the universe's only hope.	你似乎沒能保持鎮定（更別提你的分子結構也一併散了）。振作點，把自己拼回去吧。很不幸，你可是全宇宙唯一的希望。
"Hello, sir.  Your new robot will be here in a moment."	「哈囉，先生。您的新機器人馬上就送到。」
"Well, there he is, sir, programmed to follow you around like a wimpering little puppy dog. How humiliating."	「他來囉，先生，被設定成像隻愛哀哀叫的小狗一樣跟著您到處走。真是丟臉。」
warehouse robot	倉庫機器人
This robot is a very old model.  Somehow, he looks tired and depressed.	這台機器人是很老舊的型號，不知怎地，看起來又累又沮喪。
It's easy for you to be chearful, isn't it? YOU don't have deteriorating flaberthrusters.	你當然可以講得輕鬆，是吧？你又沒有正在退化的浮力推進器。
What do you want now? I was just about finished with my internal diagnostics check. Now I'm going to have to recalibrate my photo-electric scanner membranes and begin all over again.	你現在又想幹嘛？我內部診斷檢查才剛做完，現在又得重新校正我的光電掃描膜，整個從頭來過。
Carbon-based life-forms can be sooo trying sometimes. If you haven't purchased a robot, I have nothing for you. Now, go away!	碳基生物有時候真的有夠令人受不了。如果你沒買機器人，我這裡沒你的事。現在，走開！
(Sigh!) How depressing. Let's begin again from the start and proceed veeerrrryyyy sssslllooowwwllly. I do NOT want to be disturbed. You ARE disturbing me. GO AWAY! Thank you so much.	（嘆氣！）真令人沮喪。我們從頭開始，慢——慢——地重新來過。我不想被打擾，你正在打擾我。走開！非常謝謝。
I'm STILL ignoring you!	我依然在無視你！
I'm ignoring you.	我正在無視你。
Do NOT touch me! Carbon-based life-forms are notoriously filthy creatures. Everyone knows that they veritably ooze with metal-tarnishing agents.	不准碰我！碳基生物出了名的骯髒。大家都知道，你們身上簡直滲得出讓金屬失去光澤的髒東西。
I am programmed to defend myself against all attacks. Even against such a laughable attempt at destruction as this. It would be a shame to expend the energy required to kill you, don't you agree? Yes, I thought you would.	我被設定成會抵禦一切攻擊，就算是像這種可笑到不行的破壞嘗試也一樣。花力氣殺了你實在太浪費了，你說是吧？嗯，我就知道你會這麼想。
Although I am amused at your feeble attempt to modify my magnetic field, I must warn you that I can, and most definitely will, defend myself if need be. Now, please put that thing away. Thank you so much.	雖然你那微弱的嘗試想干擾我的磁場讓我覺得挺有趣，但我得警告你，必要的話我絕對會自衛。現在，請把那玩意兒收起來。非常謝謝。
Sorry, sir. I'm not allowed to accept tips.	抱歉，先生。我不能收小費。
It appears to be some sort of data cartridge, sir, but I'm afraid I'm not equipped with the necessary port to access the information it contains.	先生，這看起來是某種資料匣，但恐怕我沒有裝設能讀取裡面資料的接口。
You won't need your translation device, sir. I'm fluent in more than three million modes of spoken communication.	先生，您用不著翻譯機。我精通超過三百萬種口語溝通模式。
No thank you, sir - I never touch the stuff.	不用了，謝謝，先生──我從不碰那種東西。
I've seen a jet pack much like this one reduced to slag after one brief flight. It wasn't a pretty sight.	我見過一個跟這個很像的噴射背包，才飛沒多久就熔成一坨廢鐵。那畫面可不好看。
Many of our local businesses issue these coupons for discounts through the Ulence Flats Chamber of Commerce. It's done wonders for business around here.	這裡不少店家都會透過尤倫斯荒原商會發放這種折價券。這招對這一帶的生意可有效得很。
Many of our local businesses issue thses coupons for discounts through the Ulence Flats Chamber of Commerce. It's done wonders for business around here.	這裡不少店家都會透過尤倫斯荒原商會發放這種折價券。這招對這一帶的生意可有效得很。
SUX robot	SUX機器人
What a fine robot you've purchased!	您買到的這台機器人真不錯！
Great. Three boxes of robot parts, sporting large signs which read: "Caution: This product contains explosive parts. Not intended for children under three."	太好了。三箱機器人零件，上頭都貼著大大的警告標語：「注意：本產品內含爆炸性零件，未滿三歲兒童不宜。」
Droids-B-Us warehouse and pickup area	機器人量販店倉庫暨取貨區
This portion of the building is the warehouse where customers come to pick up their purchases.	這棟建築的這一區是倉庫，顧客會來這裡取走買到的東西。
That's the Droids-B-Us storefront. Droids-B-Us is known throughout this end of the galaxy for the best deals on new and used psionic and cybernetic systems for home, school, office, and spaceship.	那是「機器人量販店」的店面。機器人量販店在銀河系這一端可是出了名的，專賣居家、學校、辦公室與太空船用的全新與二手念力∕機械系統，價格保證划算。
sign above the door	門上方的招牌
The badly weathered sign says "Droids-B-Us Pickup".	這塊風吹日曬得破破爛爛的招牌寫著「機器人量販店·取貨處」。
Gerry G	傑瑞G
This cheerful fellow is Gerry Giraffazoid, logo, spokesbeing, and C.E.O. of Droids-B-Us, Inc.	這個笑咪咪的傢伙是傑瑞·長頸鹿佐德，「機器人量販店」股份有限公司的商標吉祥物、代言生物兼執行長。
You are outside the Droids-B-Us store.	你在機器人量販店門口。
The settlement of Ulence Flats is surrounded by these force field generators. They repel undesirables, such as the grell, which thrive below the sands. It will allow only airborne vehicles in or out.	尤倫斯荒原這個聚落四周，就是被這些力場產生器包圍著。它們會擋掉不受歡迎的傢伙，像是在沙地底下大量繁殖的格瑞爾，只放飛行載具進出。
This robot is a security droid. He can scan an area in infra-red, ultra-violet, and infra-ultra-chartreuse.	這台機器人是保全機器人，可以用紅外線、紫外線，還有「紅外紫外之間的查特酒綠光」掃描區域。
It's a robot that seems to be saying, "Buy me. Take me home."	這台機器人彷彿在說：「買下我，帶我回家吧。」
neon hand	霓虹手
The neon hand waves "Hello" to you.	那隻霓虹手朝你揮了揮，說「哈囉」。
It's just part of the animated sign.	那只是動畫招牌的一部分而已。
That is the Droids-B-Us warehouse and pickup area.	那是「機器人量販店」的倉庫兼取貨區。
This is the Droids-B-Us storefront.  They sell droids for all purposes.	這是「機器人量販店」的店面，什麼用途的機器人他們都賣。
Droids-B-Us sign	機器人量販店招牌
The big sign over the door says "Droids-B-Us".	門上的大招牌寫著「機器人量販店」。
small posted sign	張貼的小告示
The sign says "ALL SALES FINAL!" in 1,438 languages.	告示牌用 1,438 種語言寫著「概不退換！」
You can see only bits and pieces of droids through the small window.  But it looks safe enough in there.	你只能透過小窗戶看到一些機器人的零碎片段，不過裡面看起來還算安全。
Please observe our robot preview screen. If you have any questions, don't hesitate to ask.	請參閱我們的機器人展示螢幕，若有任何疑問，歡迎隨時詢問。
Oh, we're back, are we? Well, perhaps we can manage to take home a droid this time, eh?	喔，又是你啊？這次說不定能順利帶一台機器人回家囉？
However, I can see that we would be more... ah... interested in our line of economy-priced, used robots, wouldn't we?	不過我看啊……嗯……你應該比較想看我們那些便宜又划算的二手機器人系列吧？
We have a wide variety of work-saving, life- enhancing, shiny-new, factory-fresh, technological wonders of modern engineering wizardry!	我們這裡應有盡有：省時省力、提升生活品質、閃亮全新、剛出廠的最新科技結晶，通通都是現代工程的奇蹟！
Greetings, sir! Allow me to show you our fine line of robots, otherwise known as "droids".	您好，先生！讓我為您介紹我們家優質的機器人系列。
Thank you, sir.	謝謝您，先生。
You may pick up your purchase at our convenient Droids-B-Us pickup area, located just out the door and to your right.	您可以到機器人量販店的取貨區領取您買的東西，就在門外右手邊，非常方便。
You could fill out one of our credit applications, although I seriously doubt that you would qualify.	您可以填一份分期付款申請表，不過我很懷疑您符不符合資格。
I believe that the FloorMart store on Petulence is having a sale on pencil sharpeners that you might just be able to afford!	我看「佩圖倫斯星」上的地板量販店正在特賣削鉛筆機，那個價格您應該還買得起！
Why can't I ever get a customer with more money than brains? Well... in your case, you might just qualify at that.	為什麼我從來遇不到那種錢比腦袋還多的客人？嗯……不過您的情況，搞不好還真的符合資格。
Look, why don't you go break your piggy bank open and come back with a little more cash? Now, if you'll excuse me, you really must be going.	這樣吧，您回去把撲滿打破，多帶點現金再來吧？好啦，容我送客，您真的該走了。
Pardon me for saying so, sir, but we don't appear to have enough money for our purchase, now, do we?	恕我直言，先生，我們的錢好像不太夠買東西吧，是不是啊？
The salesbug appears to be a Chdnarian, a race renowned for their predatory sales techniques. You decide to count your fingers once you've completed your transaction.	這隻銷售蟲似乎是奇德納人，這個種族以掠奪式推銷手法聞名。你決定等交易完成後，先數一數自己的手指頭再說。
If you were to insist, I could let you have it for a mere 512 buckazoids (407 with a coupon).	如果您堅持的話，我可以只跟您收 512 枚太空幣就割愛（有折價券的話 407 枚）。
However, I have only one left, and I put it to work in the warehouse.	不過我只剩最後一台了，而且已經派去倉庫工作了。
This is an all-purpose household model. It cooks, sews, does windows and brews a little moonshine on the side.	這是一款多功能家用機型，會煮飯、會縫紉、會擦窗戶，閒暇之餘還會私釀一點小酒。
Don't bother haggling. This one's worth 55 buckazoids for the parts alone. That would be 46 buckazoids with a coupon.	別跟我殺價了，光是零件就值 55 枚太空幣，有折價券的話是 46 枚。
That race killed themselves off, however, and spare parts are nearly impossible to find.	不過那個種族已經自相殘殺滅絕了，備用零件幾乎找不到。
It was produced exclusively for Droids-B-Us by a small planet who used these mechanical warriors to fight their battles.	這台是某個小星球專為機器人量販店製造的，他們原本是拿這些機械戰士去打仗用的。
Ah! This model is one of my personal favorites.	啊！這個機型是我個人的心頭好。
And, if you've got kids, you'll appreciate its low, low price of 698 buckazoids (559 with a coupon).	如果您有小孩，一定會喜歡它超低的價格：698 枚太空幣（有折價券只要 559 枚）。
If you can live with the paranoia, though, it makes a great baby-sitter.	只要您受得了牠疑神疑鬼的個性，牠其實是個很棒的保母。
Whenever it gets excited, it waves its arms around wildly and yells "DANGER! DANGER!"	牠只要一激動，就會瘋狂揮舞手臂，大喊「危險！危險！」
However, the manufacturer had to discontinue it due to a psychological disorder.	不過廠商後來因為牠有心理疾病，被迫把牠停產了。
This model was originally designed as a family companion on those long space vacations.	這款機型原本是設計來當漫長太空假期的家庭夥伴。
I'd love to sell you one, but every last one I had was snapped up by a movie director from New Japan IV - sorry.	我是很想賣您一台啦，可惜全被一個來自新日本四號的電影導演搶購一空了——抱歉。
Although a handsome machine, this robot has a habit of killing people without any real reason.	雖然外型很帥氣，不過這台機器人有個毛病，就是會毫無理由殺人。
Ah, yes, a truly beautiful piece of machinery. This design rates five stars.	啊，沒錯，這真是一件漂亮的機械藝術品，這款設計可以打五顆星。
Yes, this dandy, compact unit goes for a mere 29 buckazoids (23 with coupon). You can't go wrong when it's SUX!	沒錯，這台小巧精緻的機型只要 29 枚太空幣（有折價券 23 枚），選 SUX 準沒錯！
...but of course you wouldn't want to hear about that.	……不過您大概不會想聽這個啦。
I just happen to have one of these in stock. It's been completely re-conditioned since its regrettable accident that took the lives of...	我手邊剛好有一台現貨，它經過完整整修，畢竟之前發生過一場不幸的意外，奪走了……
The brand name says it all. SUX is a major manufacturer of refrigerators, dishwashers, and, some day, even time machines!	光看品牌名稱就知道了。SUX 是冰箱、洗碗機的大廠，說不定哪天連時光機都做得出來！
We've got a set of three, and you can have them all for just 999 buckazoids (799 with a coupon).	我們有一套三台，全部只要 999 枚太空幣就通通帶走（有折價券 799 枚）。
Yessir, they may look like kleenex boxes, but they're built to run a loooong time. And quiet? You bet!	沒錯，先生，它們外型看起來像面紙盒，但可是造來耐操耐用的，而且超~安靜，你放心！
These little robots are perfect for gardening chores. And they don't mind at all if they're away on space missions for centuries.	這些小機器人很適合拿來做園藝雜務，就算要去執行長達幾世紀的太空任務，牠們也完全不介意。
However, we're fresh out of them right now. Nobody seems to survive long enough to trade them in.	不過我們現在正好缺貨，好像沒有人能活得夠久拿它們回來換新的。
They're just a wee bit too ambitious is all. And who of us isn't? It's quite an endearing quality, actually.	牠們只是野心稍微大了一點而已，話說回來，誰不是呢？其實這還挺討人喜歡的。
Um... This model has had a bad rep, unearned if you ask me.	呃……這款機型名聲不太好，不過要我說，那名聲根本不該有。
I could let you have him for just 875 buckazoids (700 with a coupon).	我可以只跟您收 875 枚太空幣就讓給您（有折價券 700 枚）。
Of course, they're all in hibernation this time of the century.	當然啦，這個世紀的這個時候，牠們都在冬眠。
These are really some of the most useful all-purpose robots around, and extremely good with children.	這些真的是市面上數一數二好用的多功能機器人，跟小孩相處起來也非常合得來。
His memory isn't the best, so I'll let you have him for just 512 buckazoids (410 with a coupon).	牠的記憶力不太好，所以我只跟您收 512 枚太空幣（有折價券 410 枚）。
If it had one fault, it was probably a tendency to be over- zealous. It's no longer available except for demolition purposes.	要說牠有什麼缺點，大概就是做事太過熱心了。現在只剩拆除用途還買得到。
This was one of my better bodyguard models, and it also doubled as a radial-arm saw.	這是我這邊比較優秀的保鑣機型之一，還兼具圓鋸機的功能。
Uh, well, maybe you shouldn't consider buying this particular model.	呃，這個嘛，這款機型您可能還是別考慮比較好。
These robots have a bad attitude. You've got to keep them in line, or they'll walk all over you.	這些機器人態度很差，你得好好管教牠們，不然牠們會把你吃得死死的。
I got it from some gambling type who was required to pay-up or perish.	我是從一個賭徒手上弄來的，他當時不還錢就得死。
I ask only 45 buckazoids for it (36 with coupon).	我只跟您收 45 枚太空幣（有折價券 36 枚）。
It will pilot any modern fighter or cruiser. And, it is one of the most experienced droids we carry.	牠能駕駛任何現代戰鬥機或巡洋艦，也是我們店裡經驗最豐富的機器人之一。
That model is ideal for flight systems operations.	那款機型很適合用來操作飛行系統。
I'm afraid I can't take data cartridges in lieu of currency. Is sir a bit short of cash, hmmmm?	恐怕資料匣不能拿來當錢用。先生是不是手頭有點緊啊，嗯？
I'm afraid I can't accept your translator in exchange for a droid. Buckazoids work nicely to grease the wheels of commerce, however.	恐怕您的翻譯機沒辦法拿來換機器人。不過太空幣才是做生意的潤滑劑。
Please, sir! Violence is never the answer. Money, on the other hand, is almost always the answer.	拜託，先生！暴力永遠不是解決辦法，倒是錢，幾乎都能解決問題。
If he drinks from this, you won't. You decide not to offer him any.	要是牠喝了這個，你就沒得喝了。你決定還是別請牠喝。
Very good, sir. This coupon entitles you to a reduction of twenty percent in the price of any of our fine, previously- owned droids.	非常好，先生。這張折價券可以讓您買我們優質二手機器人打八折。
Sorry, sir, but I've sold my last one of those.	抱歉，先生，那個賣完了，最後一台剛好也讓人買走了。
Sorry, sir, but we have none of those in stock.	抱歉，先生，那個我們沒有現貨。
I'm sorry, sir, but my conscience just won't let me sell him to you. Besides, your next of kin might sue.	抱歉，先生，我的良心不允許我把牠賣給您。再說，您的家屬搞不好還會告我。
I'm afraid that item can not be exchanged for enough money to purchase one of our quality products. Is sir financially embarassed, or might there be cash in one of those pockets?	恐怕那樣東西換不到足夠的錢，買不起我們的優質商品。先生是缺錢呢，還是口袋裡其實藏著現金？
The plaque says: "Salesbug of the year"! You'd better watch your money around this guy.	牌匾上寫著：「年度最佳銷售蟲」！在這傢伙身邊，你最好把錢包看緊一點。
robot head	機器人頭部
Yikes! It's an Ultron-17, the only robot bad enough to go head-to-head with an Arnoid-1000 Exterminator. You note with relief that he appears to be out of commission, at least temporarily.	哇賽！這是「奧創-17」型，唯一夠格跟「阿諾-1000滅絕者」正面對決的機器人。你鬆了一口氣，看樣子牠至少暫時是報廢了。
robot apendage	機器人肢體
That's an upgrade option for the Arnoid series. It's capable of crushing a person's skull. Very useful if you're in that line of work.	那是「阿諾」系列的升級配件，可以把人的頭骨捏碎。要是你正好從事那一行，會很好用。
Click on this to leave Droids-B-Us.	點這裡可以離開機器人量販店。
The plastoid letters on the wall spell out: "Droids-B-Us"	牆上的塑膠字母拼出了「機器人量販店」幾個字。
view screen	顯示螢幕
The viewscreen shows pictures of droids currently available in your rather limited price range.	螢幕上顯示著目前你那有限預算內買得起的機器人照片。
It looks like some sort of gigantic... diaphragm?	看起來像是某種巨大的……橫膈膜？
power tubes	電力導管
These tubes on the wall are power conduits.	牆上的這些管子是電力導管。
work table	工作檯
There are many robotic parts scattered about the work table.	工作檯上散落著許多機器人零件。
robot parts	機器人零件
Many parts, bits, and pieces of robotic paraphanalia adorn the walls of this small store.	這間小店的牆上掛滿了各式各樣的機器人零件與雜七雜八的裝備。
You're next to a large hatch in the side of this ship.	你站在這艘船側邊一道大艙門旁。
It appears to be a standard airlock. there is a handle in the center.	看起來是個標準的氣密艙，中間有一根把手。
airlock door	氣密艙門
airlock handle	氣密艙把手
You have fallen into an airlock aboard the Sarien ship Deltaur.	你摔進了沙利安人戰艦「代爾它號」上的一個氣密艙。
Keycard slot	磁卡插槽
vent shaft	通風管道
A large vent shaft protrudes from the left wall of the storage room.	一根粗大的通風管道從儲藏室的左牆凸出。
That is the way back to the airlock, which is completely sealed and inaccessable to you.	那是通往氣密艙的路，不過已經完全封死，你進不去。
storage vault	儲藏庫
Two enormous storage vaults take up one whole wall of the room.	兩座巨大的儲藏庫占滿了房間的整面牆。
storage room	儲藏室
vent grill	通風柵欄
No ship would be complete without official ship rats.	少了幾隻正牌的船鼠，這艘船就不完整了。
The ladder seems to provide access to vent shafts above and below this one.	這座梯子看起來可以通往上下方的通風管道。
This room is similar to the storage room, with a large machine installed in one bulkhead.	這房間跟儲藏室很像，其中一面艙壁上裝了一台大型機器。
This is the protruding terminus of the vent shaft by which you entered.	這是你進來的那條通風管道的凸出端口。
Behind the glass door of the machine, you can see a helmet that has been carelessly left inside after the dry cycle.	透過機器的玻璃門，你看到裡面隨手留著一頂頭盔，烘乾程序都跑完了也沒人拿走。
washing machine	洗衣機
Rows of weapons on the wall tell you that you are in the Deltaur's Weapons Dispensary. There is a service droid behind the weapons counter.	牆上一排排的武器告訴你，這裡就是代爾它號的軍械室。武器櫃檯後面站著一具服務型機器人。
A gas grenade.	一顆瓦斯手榴彈。
A robot serves behins the counter. Its appearance is that of a plain and unintelligent droid. But then, looks can be deceiving as in your case.	櫃檯後面站著一台機器人，外表看起來普通又沒什麼智商。不過外表有時會騙人的，就像你一樣。
store room	儲藏間
counter top	櫃檯檯面
counter top openning	櫃檯檯面的開口
This is an opening in the counter used to gain access behind the counter.	這是櫃檯上的一個開口，可以用來進到櫃檯後方。
You're in a hallway on the upper level of the Deltaur.	你在代爾它號上層的一條走廊裡。
A neat gizmo	一個很酷的小玩意
A panel of flashing lights.	一片閃爍燈光的面板。
gold machine	金色機器
blue speaker	藍色喇叭
purple egg thing	紫色蛋形物
It seems obvious to you that Wally Wood did some time designing Sarien hardware.	看得出來，沙利安人這套設備八成也找沃利·伍德操刀設計過。
that radio thing	那個收音機一樣的東西
It's either a mega-frequency wide band spectrofonic analyzer module or one of those really old table model radios.	這不是超高頻寬頻聲譜分析儀模組，就是哪台老掉牙的桌上型收音機。
various machines	各式各樣的機器
row-o-lights	一整排的燈
This bank of lights looks extremely important, or it would if you were a Sarien.	這排燈看起來超重要——至少你要是沙利安人的話會這麼覺得。
This is an interesting place. Strange devices decorate almost every area.	這地方挺有意思的，幾乎每個角落都擺著奇怪的裝置。
This is an elevator.	這是一台電梯。
garbage disposal	垃圾處理場
This utilitarian-looking door probably leads to the trash disposal facility.	這扇看起來很陽春的門，八成通往垃圾處理設施。
purple energy	紫色能量
Vast amounts of energy.	龐大的能量。
An intense beam of energy.	一道強烈的能量光束。
bottled energy	瓶裝能量
electric balls	電光球
From the looks of them, these globes contain high-power Wally coils, each one capable of discharging jillions of volts of deadly electricity.	看這幾顆球的樣子，裡頭裝的是高功率的沃利線圈，每一顆都能放出幾兆伏特的致命電流。
blue machine	藍色機器
The egg-shaped globe pulses with blue-white light. It appears to be some exotic form of bottled energy, or maybe a 60,000 watt light bulb.	這顆蛋形球體閃著藍白色的光芒，看起來像某種奇特的瓶裝能量，或者是一顆六萬瓦的燈泡。
rounded purple thing	圓滾滾的紫色物體
Looks like a great place to curl up and take a nap. Too bad you're in such a hurry.	看起來蜷在這裡睡一覺挺不錯的，可惜你現在正趕時間。
cleaning droid	清潔機器人
Broom at the ready, the cleaning droid waits for something useful to do.	清潔機器人拿著掃把待命，等著有什麼正經事可以做。
You are standing in the upper level of one of the Deltaur's hallways. You can't help but be impressed with the subtle decorating and color sense shown by the Sariens in their ship design.	你站在代爾它號某條走廊的上層。沙利安人在船艦設計上展現的「細膩」裝潢與配色品味，讓你不得不佩服。
The globes crackle with many colors of light and, you suspect, even less healthful manifestations of the electromagnetic spectrum.	這些球體發出五顏六色的劈啪電光，你懷疑裡頭還藏著一些對身體更不健康的電磁波。
It looks like some kind of cartridge reader. Maybe the cartridge you have will work in it.	這看起來像是某種資料匣讀取機，說不定你手上的資料匣能派上用場。
A tiny little sign tacked on the front reads: Witzend Coil. Disconnect from power supply before servicing.	正面釘著一張小小的告示牌，寫著：「維茲恩德線圈。維修前請先切斷電源。」
small machine	小型機器
I give up. YOU tell ME what it is.	我放棄了，換你告訴我這是什麼。
upper level machine	上層機器
It looks like some type of experimental orifice.	看起來像某種實驗性的開口。
This seems to be just another visually confusing hallway between someplace and someplace else aboard the Deltaur.	這裡似乎又是代爾它號上一條讓人眼花撩亂的走廊，介於某處跟另一個某處之間。
An elevator door to the lower level	通往下層的電梯門
An elevator door to the upper level	通往上層的電梯門
These egg-shaped lights - if that's what they are - are just another example of the rather whimsical designs you've observed on this ship. For ugly, smelly, green, planet- destroying murderers, the Sariens appear to have a great sense of aesthetics.	這些蛋形的燈——如果真的是燈的話——只是你在這艘船上見識過的怪奇設計之一。以一群又醜又臭又綠、還會毀滅整顆行星的殺手來說，沙利安人的美感倒是相當不錯。
It's a port of some kind. You've seen more empty space than you care to ever again.	這是某種艙口。這輩子看過的太空景色，你早就多到看膩了。
Those are some weird globes. They aren't operating at this time.	那幾顆球挺詭異的，現在沒有在運作。
You don't really like the way the red floor and green walls clash but, all in all, its a pretty nice looking room.	你不太喜歡紅色地板配綠色牆壁那種衝突感，不過整體來說，這房間看起來還算順眼。
Fantastic technology... isn't it?	這科技真厲害……對吧？
panel of lights	燈光面板
It's a panel of lights.	這是一片燈光面板。
Since your X-ray Vision Specs have not yet arrived in the mail, you don't even know this room is over here, so quit messing around and do something useful.	你的X光透視眼鏡還沒寄到，所以你根本不知道這裡有這間房間，別鬧了，去做點正經事吧。
You're uncertain whether this is a Walwoodian cryobaric hypersleep chamber or the transmission out of a late model Buick Skylark.	你也搞不清楚，這到底是沃利·伍德風格的低溫冬眠艙，還是哪台舊款別克 Skylark 拆下來的變速箱。
rear view mirror	後照鏡
It appears to be a standard driver-side rear view mirror, probably standard on all ships of this class.	看起來是標準的駕駛座後照鏡，這個等級的太空船大概都有配備。
globes-o-power	電力光球
Two zapping, crackling globes spew forth gargantuan amounts of sizzling raw energy. Kinda neat, huh?	兩顆劈哩啪啦作響的電光球，源源不絕地噴出驚人的原始能量，還挺酷的吧？
You surmise this is a Sarien enlisted being.	你猜這是個沙利安大兵。
One of those gruesome red-suited Sariens is patrolling the hallways, looking for intruders to toast.	一個穿著紅色制服、面目猙獰的沙利安人正在走廊巡邏，準備把闖入者烤成焦炭。
This is where the Sariens placed the Star Generator after lifting it from the Arcada.	沙利安人把星辰產生器從阿寇達號上偷走後，就放在這裡。
The left hand force field emitter, much like the right, radiates an unknown form of energy that keeps you from approaching the Star Generator.	左邊的力場發射器和右邊那個很像，都會放出某種未知能量，讓你沒辦法靠近星辰產生器。
The right hand force field emitter, in a fashion altogether similar to the left hand one, beams an inexplicable power into the vicinity of the Star Generator that makes it impossible to get near.	右邊的力場發射器跟左邊那個一模一樣，也會朝星辰產生器周圍發出一股莫名其妙的能量，讓人根本靠近不了。
Cowabunga, Wilco - this is IT! It's the unimaginably powerful Star Generator, which must not, at any cost, be allowed to remain in the hands of the evil Sariens! (but you knew that, right?)	讚啦，威爾科——就是這個！這正是威力大到難以想像的星辰產生器，不管付出什麼代價，都絕對不能讓它繼續留在邪惡的沙利安人手裡！（不過這你早就知道了吧？）
The pulsing energy surging from the Star Generator tells you that it has been activated and you had better quit hanging around staring at the pretty colors.	星辰產生器不斷湧出的脈動能量告訴你，它已經啟動了，你最好別再杵在這裡看那些漂亮的光發呆。
A receptor for somekind of remote control signal.	某種遙控訊號的接收器。
It's the used gas grenade.	是那顆用過的瓦斯手榴彈。
upper landing	上層平台
It's the walkway above the Star Generator.	這是星辰產生器上方的走道。
force field emitter 	力場發射器 
This is one of the force field's emitters.	這是力場發射器之一。
The Wally Tubes look strangely empty without Thunder Agents in them.	沃利管少了雷霆特攻隊，看起來莫名地空蕩。
outer space 	外太空 
Looking into the vast reaches of space gives you the curious illusion of being tiny, unimportant, insignificant, negligible, and totally irrelevant in the scheme of things. Then you realize it's not an illusion.	望向浩瀚無垠的太空，你產生一種奇妙的錯覺，覺得自己渺小、不重要、微不足道、無關緊要，在整個大局裡什麼都不是。接著你才發現，那根本不是錯覺。
This is the control keypad, which is used to input instructions to the Star Generator.	這是控制鍵盤，用來對星辰產生器輸入指令。
You're in a brightly-colored hallway aboard the Deltaur. Two elevators dominate the upper level.	你在代爾它號一條色彩鮮豔的走廊裡，上層有兩座電梯特別醒目。
left elevator door	左邊電梯門
It's an elevator, much like the ones you used to waste time in aboard the Arcada.	這是一台電梯，跟你以前在阿寇達號上浪費時間搭的那種很像。
The right elevator is identical to the left except for the ugly green guy standing in front of it.	右邊的電梯跟左邊那台一模一樣，只是前面站了一個醜醜的綠皮傢伙。
right elevator door	右邊電梯門
escape pod launch tube	逃生艙發射管
"Roger Wilco, we, the people of Xenon, extend our limitless appreciation and eternal gratitude for your acts of heroism."	「羅傑·威爾科，我們氙星的全體人民，要向你這番英勇事蹟致上無盡的感激與永恆的謝意。」
"Because of your bravery, the planet Xenon, and indeed the entire galaxy, has been saved from domination by the evil (not to mention ugly) Sariens."	「因為你的英勇，氙星，乃至於整個銀河系，都免於落入邪惡（而且醜陋）的沙利安人統治之下。」
"Now, if you'd only been smart enough to bring along the data cartridge containing the construction specifications, we'd be able build a new Star Generator, thereby saving Xenon from the horrors of a rapidly cooling planet. Oh, well. You are just a janitor."	「唉，早知道你腦筋夠靈光，把裝有建造規格的資料匣一起帶回來就好了，我們就能打造一台新的星辰產生器，讓氙星免於行星急速冷卻的浩劫。算了，你也不過是個清潔工嘛。」
"It is my honor to present you with the coveted Golden Mop, a symbol of pride and accomplishment to members of your esteemed profession."	「我很榮幸能將這個人人夢寐以求的金拖把頒發給你，這是你這個崇高職業引以為傲的成就象徵。」
"Henceforth and for all time you will be known as Hero of Xenon."	「從此刻起，直到永遠，你將被尊稱為氙星英雄。」
green bldg	綠色建築
two guys	兩個傢伙
blue bldg	藍色建築
apartment buildings	公寓大樓
guy 1	傢伙1
bubbleGum chewer	嚼口香糖的傢伙
guy 2	傢伙2
clark Kent	克拉克·肯特
This is your head. (Didn't you learn this stuff a real long time ago?)	這是你的頭。（這種常識你不是很久以前就該學過了嗎？）
This button allows you to exit this screen.	按這個按鈕可以離開這個畫面。
droid arm	機器人手臂
You see a data cartridge clasped in the droid's manipulator.	你看到機器人的操縱臂夾著一個資料匣。
cracked monitor	破裂的螢幕
data computer	資料電腦
This is the Data Retrieval console.	這是資料擷取主控台。
control panel	控制面板
This is the control panel for the Data Retrieval console.	這是資料擷取主控台的控制面板。
These are some highly decorative illumination devices for the console.	這些是主控台上裝飾用的照明裝置，挺花俏的。
It's you and you're darned handsome if you do say so yourself.	是你自己，而且說句實話，你長得還真帥。
Buttons reside here. You hate buttons. They confuse you so.	這裡有一堆按鈕。你討厭按鈕，它們總是把你搞得一頭霧水。
Enter a Code Sequence to retrieve Data cartridges.	請輸入一組代碼，以取得資料匣。
These buttons allow you to enter a code into the computer.	這些按鈕可以讓你把代碼輸入電腦。
Enter	輸入
This button confirms entry of the code you keyed-in and begins the search for the corresponding cartridge.	按下這個按鈕可以確認你輸入的代碼，並開始搜尋對應的資料匣。
Press this button if you want to turn the keypad off.	如果想關掉這組鍵盤，按這個按鈕。
Dialog	對話框
Controls	控制項
There are a couple of non-galactic looking humanoids cranking out some unfamiliar sounding tunes. They seem interested solely in the music they are performing.	有兩個看起來一點都不像外星人的傢伙，正賣力演奏著讓人聽不慣的曲子。他們似乎只在乎自己演奏的音樂，其他一概不管。
On stage, a strangely attired woman performs her act (if that's what you want to call it). You haven't had a girlfriend for a long time (more like forever), but even that's not enough to make her attractive.	舞台上有個打扮怪異的女人正在表演（如果那也算表演的話）。你已經很久沒交過女朋友了（老實說，根本是永遠沒有過），但就算這樣，還是沒辦法讓她看起來有吸引力。
On stage are two heavily-bearded gents and a relatively clean-shaven drummer. They're one of the hottest bands in the quadrant.	舞台上有兩個大鬍子先生和一個算是有刮鬍子的鼓手。他們可是這個星區裡數一數二紅的樂團。
slot guy	賭客
Some strange, blue dude currently monopolizes the Slots-O-Death machine.	一個古怪的藍皮傢伙正霸佔著奪命吃角子老虎不放。
The escape pod is destined to remain a monument to your visit.	這艘逃生艙注定要成為你造訪此地的紀念碑。
Please enter a Navigational Code Sequence to allow course plotting.	請輸入導航代碼，才能規劃航線。
Sarien	沙利安人
countdown window	倒數計時視窗
elevator shaft	電梯井
This is an elevator shaft. Elevators are known to have traveled these parts, mostly up and down.	這是電梯井。這一帶原本就有電梯行駛，大多是上上下下的。
This is an elevator shaft.	這是電梯井。
In the distance is the galaxy-famous Skihairy mountain range. Nestled in its southernmost slopes is the renowned YoMammy National Park, usually hip-deep in tourists this time of year. Oh, well - maybe next trip.	遠方是銀河知名的滑毛山脈，最南端山腳下就是赫赫有名的呦馬麻國家公園——這個時節通常擠滿觀光客。唉，算了，下次再來吧。
What a sky this planet has! You've never seen its like outside a toxic waste dump.	這星球的天空也太扯了吧！除了有毒廢棄物掩埋場，你還沒見過這種顏色的天空。
big moon	大月亮
Kerona has two moons. This one's the bigger of two.	柯羅娜星有兩顆衛星，這顆是比較大的那顆。
small moon	小月亮
Kerona has two moons. This one's the smaller of two.	柯羅娜星有兩顆衛星，這顆是比較小的那顆。
radar post	雷達站
Kerona's relatively flat desert stretches out into the distance.	柯羅娜星平坦的沙漠一路延伸到遠方。
your pilot droid	你的駕駛機器人
Your new pilot droid appears to be a bit dinged up, but functional. You hope that he knows more about piloting a spaceship than you do.	你的新駕駛機器人看起來坑坑疤疤的，不過還能動。你只能祈禱它開太空船比你在行。
You're in another area of the Deltaur.	你在代爾它號的另一個區域。
It's one of the Sarien gaurds.	這是一名沙利安守衛。
sarien officer	沙利安軍官
It's the amount of time remaining before you're pushin' up daisies, Roger!!!!	羅傑，這就是你翹辮子之前，還剩下的時間喔！！！！
It's a Sarien officer.	這是一名沙利安軍官。
Like everything around here, the pipes are extremely colorful. It makes you wonder if the Sariens got a good deal on paint.	跟這裡其他東西一樣，這些管線的顏色鮮豔到誇張。讓你不禁懷疑，沙利安人是不是撿到便宜油漆才這樣亂刷一通。
Yep. More pipes.	沒錯，還是管線。
An elevator shaft runs up through the ceiling and down through the floor.	電梯井貫穿天花板往上，也貫穿地板往下。
access tubes	通道管
This is a hallway access tube leading to another part of the Deltaur.	這是一條通往代爾它號其他區域的走廊通道。
upper level	上層
You are on the upper level of one of the hallways on the Deltaur.	你正站在代爾它號某條走廊的上層。
lower level	下層
You are on the lower level of one of the hallways on the Deltaur.	你正站在代爾它號某條走廊的下層。
The lovely crisp green of the Keronian atmosphere reminds you that you'll need to do some laundry when (or if) you get back home.	柯羅娜星大氣層那清爽宜人的綠色，讓你想起等你回家（如果還回得去的話），該去洗衣服了。
Loitering about the horizon is the second and closest moon of Kerona. It is much less hospitable than the sphere you presently roam.	地平線附近徘徊的，是柯羅娜星第二顆、也是最近的一顆衛星。那裡可比你現在待的這顆星球還不宜人多了。
distant desert	遠方的沙漠
Spread before you is a seemingly endless expanse of sand.	眼前展開的，是一片看似無邊無際的沙地。
The sand of Kerona has a reddish-orange color. Were you a geologist instead of a janitor, you might find this fact interesting.	柯羅娜星的沙子帶著橘紅色。如果你是地質學家而不是清潔工，說不定會覺得這件事很有意思。
small dune	小沙丘
Nomads of the desert, dunes are spread about in nearly every direction.	沙丘就像沙漠裡的遊牧民族，幾乎每個方向都看得到。
A wide selection of skeletal accessories awaits your perusal. Vertebrae, ribs, and who knows what else rest upon the Keronian soil. The average height of this structure looks to be at least 7 meters. Good thing you didn't meet this thing in its heyday.	各式各樣的骨骸配件任你欣賞：脊椎骨、肋骨，還有一堆你也認不出來的東西，就這樣躺在柯羅娜星的土地上。這副骨架估計至少有 7 公尺高。還好你沒在牠全盛時期遇到牠。
sandy base	沙地底座
Upon a very narrow width of Keronian soil, able to resist erosion through the eons, rests the skeletal remains of this mammoth has-been.	在柯羅娜星一小塊歷經億萬年侵蝕依然屹立的土地上，躺著這個昔日巨獸的骨骸。
Oddly enough, a plant grows in isolated spots in this inhospitable environment.	說也奇怪，這麼惡劣的環境裡，居然還有植物零星生長。
Oddly enough, a rather bright plant grows in this otherwise flora-free area.	說也奇怪，這片幾乎寸草不生的地方，居然長了一株顏色鮮豔的植物。
spider droid	蜘蛛機器人
The spider is quite relentless in its pursuit of organic beings. Your quandry is that, to the best of your knowledge, you are the only one in the area fitting that description.	這隻蜘蛛機器人追殺有機生物毫不留情。你的麻煩在於，就你所知，這附近符合這個條件的，大概只有你自己。
Although you've always had an appreciation for the gases of the universe, this one proved a bit overwhelming. It really was a great idea, though. However, you should have chosen a victim not so close to yourself. Better choice next time.	雖然你向來欣賞宇宙間各種氣體，但這次的分量顯然有點超出負荷。這其實是個好主意，只可惜你選的「目標」離自己太近了點。下次選遠一點吧。
BLAMMO! Those pulseray pistols sure are effective little weapons. Even after it kills you, your meat continues to cook to nice golden brown. Try not to get shot in the future. Even if your life isn't worth much, think about the rest of the universe.	碰！脈衝雷射手槍還真是好用的小武器。就算你死透了，你的肉還是繼續被烤成漂亮的金黃色。以後盡量別再被打中了——就算你的命不值錢，也替宇宙其他人想想吧。
  Save  	  存檔  
Replace	替換
Select the game that you would like to restore.	請選擇要讀取的存檔。
Type the description of this saved game.	請輸入這個存檔的說明文字。
This directory/disk can hold no more saved games. You must replace one of your saved games or use Change Directory to save on a different directory/disk.	這個目錄∕磁碟已經無法再存放更多存檔了。你必須替換掉其中一個存檔，或使用「變更目錄」存到別的目錄∕磁碟。
\ndelete this saved game?	\n要刪除這個存檔嗎？
Save a Game	儲存遊戲
Cancel	取消
\nDirectory	\n目錄
 Delete 	 刪除 
with:	取代為：
Change Directory	變更目錄
Roger is carrying:	羅傑身上帶著：
nothing!	什麼也沒有！
Score: %d out of %d	分數：%d，滿分 %d
Enter input	請輸入
